Warning: coils_to_vtk will not save forces and torques for coils that do not have a model for their cross section. Please use the RegularizedCoil class.
Warning: coils_to_vtk will not save forces and torques for coils that do not have a model for their cross section. Please use the RegularizedCoil class.
J=3.9357e-03, Jf=3.9357e-03, CC=0, CS=0, |dJ|=2.2231e-02
J=3.9357e-03, Jf=3.9357e-03, CC=0, CS=0, |dJ|=2.2231e-02
J=2.1350e-01, Jf=1.9675e-01, CC=7.983283521339853e-05, CS=8.76672587952296e-05, |dJ|=3.7865e-01
J=2.1350e-01, Jf=1.9675e-01, CC=7.983283521339853e-05, CS=8.76672587952296e-05, |dJ|=3.7865e-01
J=3.5139e-03, Jf=3.5139e-03, CC=0, CS=0, |dJ|=1.5533e-02
J=3.5139e-03, Jf=3.5139e-03, CC=0, CS=0, |dJ|=1.5533e-02
J=3.0048e-03, Jf=3.0048e-03, CC=0, CS=0, |dJ|=3.4984e-03
J=3.0048e-03, Jf=3.0048e-03, CC=0, CS=0, |dJ|=3.4984e-03
J=2.9814e-03, Jf=2.9814e-03, CC=0, CS=2.578316636115908e-10, |dJ|=3.5285e-03
J=2.9814e-03, Jf=2.9814e-03, CC=0, CS=2.578316636115908e-10, |dJ|=3.5285e-03
J=2.9640e-03, Jf=2.9635e-03, CC=0, CS=4.555269849125032e-09, |dJ|=2.2093e-03
J=2.9640e-03, Jf=2.9635e-03, CC=0, CS=4.555269849125032e-09, |dJ|=2.2093e-03
J=2.9533e-03, Jf=2.9490e-03, CC=0, CS=4.246447838288279e-08, |dJ|=1.0042e-03
J=2.9533e-03, Jf=2.9490e-03, CC=0, CS=4.246447838288279e-08, |dJ|=1.0042e-03
J=2.9539e-03, Jf=2.9529e-03, CC=0, CS=9.786288350746497e-09, |dJ|=1.5727e-03
J=2.9539e-03, Jf=2.9529e-03, CC=0, CS=9.786288350746497e-09, |dJ|=1.5727e-03
J=2.9524e-03, Jf=2.9500e-03, CC=0, CS=2.4499100308671437e-08, |dJ|=3.2973e-04
J=2.9524e-03, Jf=2.9500e-03, CC=0, CS=2.4499100308671437e-08, |dJ|=3.2973e-04
J=2.9523e-03, Jf=2.9501e-03, CC=0, CS=2.2625445097189426e-08, |dJ|=1.7214e-04
J=2.9523e-03, Jf=2.9501e-03, CC=0, CS=2.2625445097189426e-08, |dJ|=1.7214e-04
J=2.9522e-03, Jf=2.9500e-03, CC=0, CS=2.278377238864542e-08, |dJ|=5.5529e-05
J=2.9522e-03, Jf=2.9500e-03, CC=0, CS=2.278377238864542e-08, |dJ|=5.5529e-05
J=2.9522e-03, Jf=2.9499e-03, CC=0, CS=2.360978276625838e-08, |dJ|=1.5614e-05
J=2.9522e-03, Jf=2.9499e-03, CC=0, CS=2.360978276625838e-08, |dJ|=1.5614e-05
J=2.9522e-03, Jf=2.9499e-03, CC=0, CS=2.3516675555501935e-08, |dJ|=2.2064e-05
J=2.9522e-03, Jf=2.9499e-03, CC=0, CS=2.3516675555501935e-08, |dJ|=2.2064e-05
J=2.9522e-03, Jf=2.9499e-03, CC=0, CS=2.357167283410482e-08, |dJ|=2.9099e-06
J=2.9522e-03, Jf=2.9499e-03, CC=0, CS=2.357167283410482e-08, |dJ|=2.9099e-06
J=2.9522e-03, Jf=2.9499e-03, CC=0, CS=2.358052102530694e-08, |dJ|=2.1217e-07
J=2.9522e-03, Jf=2.9499e-03, CC=0, CS=2.358052102530694e-08, |dJ|=2.1217e-07
J=2.9522e-03, Jf=2.9499e-03, CC=0, CS=2.3583122954537237e-08, |dJ|=5.0360e-08
J=2.9522e-03, Jf=2.9499e-03, CC=0, CS=2.3583122954537237e-08, |dJ|=5.0360e-08
     Number of Toroidal Dipoles: 8
     Number of Poroidal Dipoles: 10
     Number of Toroidal Dipoles: 8
     Number of Poroidal Dipoles: 10
Initialized 10x8 (npol x ntor) windowpane coils with Rpol=0.057, Rtor_min=0.051, Rtor_max=0.102
Initialized 10x8 (npol x ntor) windowpane coils with Rpol=0.057, Rtor_min=0.051, Rtor_max=0.102

===== Starting optimization =====

===== Starting optimization =====
Iteration 5: J=8.3486e-04, Jf=8.3486e-04, Jcp =0.0000e+00, |dJ|=1.7646e-04, |dJcp|=0.0000e+00
Iteration 5: J=8.3486e-04, Jf=8.3486e-04, Jcp =0.0000e+00, |dJ|=1.7646e-04, |dJcp|=0.0000e+00
Iteration 10: J=6.8978e-04, Jf=6.8978e-04, Jcp =0.0000e+00, |dJ|=5.6585e-06, |dJcp|=0.0000e+00
Iteration 10: J=6.8978e-04, Jf=6.8978e-04, Jcp =0.0000e+00, |dJ|=5.6585e-06, |dJcp|=0.0000e+00
Iteration 15: J=6.8469e-04, Jf=6.8469e-04, Jcp =0.0000e+00, |dJ|=7.7259e-08, |dJcp|=0.0000e+00
Iteration 15: J=6.8469e-04, Jf=6.8469e-04, Jcp =0.0000e+00, |dJ|=7.7259e-08, |dJcp|=0.0000e+00
Iteration 20: J=6.8469e-04, Jf=6.8469e-04, Jcp =0.0000e+00, |dJ|=2.3447e-09, |dJcp|=0.0000e+00
Iteration 20: J=6.8469e-04, Jf=6.8469e-04, Jcp =0.0000e+00, |dJ|=2.3447e-09, |dJcp|=0.0000e+00
Iteration 25: J=6.8469e-04, Jf=6.8469e-04, Jcp =0.0000e+00, |dJ|=1.3001e-08, |dJcp|=0.0000e+00
Iteration 25: J=6.8469e-04, Jf=6.8469e-04, Jcp =0.0000e+00, |dJ|=1.3001e-08, |dJcp|=0.0000e+00
Iteration 30: J=6.8469e-04, Jf=6.8469e-04, Jcp =0.0000e+00, |dJ|=5.4130e-08, |dJcp|=0.0000e+00
Iteration 30: J=6.8469e-04, Jf=6.8469e-04, Jcp =0.0000e+00, |dJ|=5.4130e-08, |dJcp|=0.0000e+00
Iteration 35: J=6.8469e-04, Jf=6.8469e-04, Jcp =0.0000e+00, |dJ|=2.2050e-07, |dJcp|=0.0000e+00
Iteration 35: J=6.8469e-04, Jf=6.8469e-04, Jcp =0.0000e+00, |dJ|=2.2050e-07, |dJcp|=0.0000e+00
Iteration 40: J=6.8451e-04, Jf=6.8451e-04, Jcp =0.0000e+00, |dJ|=2.2271e-06, |dJcp|=0.0000e+00
Iteration 40: J=6.8451e-04, Jf=6.8451e-04, Jcp =0.0000e+00, |dJ|=2.2271e-06, |dJcp|=0.0000e+00
Iteration 45: J=6.4744e-04, Jf=6.4744e-04, Jcp =0.0000e+00, |dJ|=1.3951e-04, |dJcp|=0.0000e+00
Iteration 45: J=6.4744e-04, Jf=6.4744e-04, Jcp =0.0000e+00, |dJ|=1.3951e-04, |dJcp|=0.0000e+00
Iteration 50: J=3.0001e-04, Jf=3.0001e-04, Jcp =0.0000e+00, |dJ|=1.3247e-04, |dJcp|=0.0000e+00
Iteration 50: J=3.0001e-04, Jf=3.0001e-04, Jcp =0.0000e+00, |dJ|=1.3247e-04, |dJcp|=0.0000e+00
Iteration 55: J=2.0620e-04, Jf=2.0620e-04, Jcp =0.0000e+00, |dJ|=5.7044e-06, |dJcp|=0.0000e+00
Iteration 55: J=2.0620e-04, Jf=2.0620e-04, Jcp =0.0000e+00, |dJ|=5.7044e-06, |dJcp|=0.0000e+00
Iteration 60: J=2.0205e-04, Jf=2.0205e-04, Jcp =0.0000e+00, |dJ|=2.1075e-06, |dJcp|=0.0000e+00
Iteration 60: J=2.0205e-04, Jf=2.0205e-04, Jcp =0.0000e+00, |dJ|=2.1075e-06, |dJcp|=0.0000e+00
Iteration 65: J=2.0196e-04, Jf=2.0196e-04, Jcp =0.0000e+00, |dJ|=9.8403e-08, |dJcp|=0.0000e+00
Iteration 65: J=2.0196e-04, Jf=2.0196e-04, Jcp =0.0000e+00, |dJ|=9.8403e-08, |dJcp|=0.0000e+00
Iteration 70: J=2.0196e-04, Jf=2.0196e-04, Jcp =0.0000e+00, |dJ|=7.3675e-10, |dJcp|=0.0000e+00
Iteration 70: J=2.0196e-04, Jf=2.0196e-04, Jcp =0.0000e+00, |dJ|=7.3675e-10, |dJcp|=0.0000e+00
Iteration 75: J=2.0196e-04, Jf=2.0196e-04, Jcp =0.0000e+00, |dJ|=3.1064e-09, |dJcp|=0.0000e+00
Iteration 75: J=2.0196e-04, Jf=2.0196e-04, Jcp =0.0000e+00, |dJ|=3.1064e-09, |dJcp|=0.0000e+00
Iteration 80: J=2.0196e-04, Jf=2.0196e-04, Jcp =0.0000e+00, |dJ|=3.9600e-08, |dJcp|=0.0000e+00
Iteration 80: J=2.0196e-04, Jf=2.0196e-04, Jcp =0.0000e+00, |dJ|=3.9600e-08, |dJcp|=0.0000e+00
Iteration 85: J=2.0194e-04, Jf=2.0194e-04, Jcp =0.0000e+00, |dJ|=4.6702e-07, |dJcp|=0.0000e+00
Iteration 85: J=2.0194e-04, Jf=2.0194e-04, Jcp =0.0000e+00, |dJ|=4.6702e-07, |dJcp|=0.0000e+00
Iteration 90: J=1.9994e-04, Jf=1.9994e-04, Jcp =0.0000e+00, |dJ|=8.2063e-06, |dJcp|=0.0000e+00
Iteration 95: J=1.0289e-04, Jf=1.0289e-04, Jcp =0.0000e+00, |dJ|=1.2227e-05, |dJcp|=0.0000e+00
Iteration 90: J=1.9994e-04, Jf=1.9994e-04, Jcp =0.0000e+00, |dJ|=8.2063e-06, |dJcp|=0.0000e+00
Iteration 100: J=9.7645e-05, Jf=9.7645e-05, Jcp =0.0000e+00, |dJ|=1.6191e-07, |dJcp|=0.0000e+00
Iteration 95: J=1.0289e-04, Jf=1.0289e-04, Jcp =0.0000e+00, |dJ|=1.2227e-05, |dJcp|=0.0000e+00
Iteration 105: J=9.7644e-05, Jf=9.7644e-05, Jcp =0.0000e+00, |dJ|=7.4548e-10, |dJcp|=0.0000e+00
Iteration 100: J=9.7645e-05, Jf=9.7645e-05, Jcp =0.0000e+00, |dJ|=1.6191e-07, |dJcp|=0.0000e+00
Iteration 110: J=9.7644e-05, Jf=9.7644e-05, Jcp =0.0000e+00, |dJ|=1.6415e-09, |dJcp|=0.0000e+00
Iteration 105: J=9.7644e-05, Jf=9.7644e-05, Jcp =0.0000e+00, |dJ|=7.4548e-10, |dJcp|=0.0000e+00
Iteration 115: J=9.7644e-05, Jf=9.7644e-05, Jcp =0.0000e+00, |dJ|=2.6181e-08, |dJcp|=0.0000e+00
Iteration 110: J=9.7644e-05, Jf=9.7644e-05, Jcp =0.0000e+00, |dJ|=1.6415e-09, |dJcp|=0.0000e+00
Iteration 120: J=9.7643e-05, Jf=9.7643e-05, Jcp =0.0000e+00, |dJ|=3.0293e-07, |dJcp|=0.0000e+00
Iteration 115: J=9.7644e-05, Jf=9.7644e-05, Jcp =0.0000e+00, |dJ|=2.6181e-08, |dJcp|=0.0000e+00
Iteration 125: J=9.7538e-05, Jf=9.7538e-05, Jcp =0.0000e+00, |dJ|=3.4731e-06, |dJcp|=0.0000e+00
Iteration 120: J=9.7643e-05, Jf=9.7643e-05, Jcp =0.0000e+00, |dJ|=3.0293e-07, |dJcp|=0.0000e+00
Iteration 130: J=8.6129e-05, Jf=8.6129e-05, Jcp =0.0000e+00, |dJ|=3.2933e-05, |dJcp|=0.0000e+00
Iteration 125: J=9.7538e-05, Jf=9.7538e-05, Jcp =0.0000e+00, |dJ|=3.4731e-06, |dJcp|=0.0000e+00
Iteration 135: J=6.4896e-05, Jf=6.4896e-05, Jcp =0.0000e+00, |dJ|=1.2921e-07, |dJcp|=0.0000e+00
Iteration 130: J=8.6129e-05, Jf=8.6129e-05, Jcp =0.0000e+00, |dJ|=3.2933e-05, |dJcp|=0.0000e+00
Iteration 140: J=6.4891e-05, Jf=6.4891e-05, Jcp =0.0000e+00, |dJ|=2.3021e-09, |dJcp|=0.0000e+00
Iteration 135: J=6.4896e-05, Jf=6.4896e-05, Jcp =0.0000e+00, |dJ|=1.2921e-07, |dJcp|=0.0000e+00
Iteration 145: J=6.4891e-05, Jf=6.4891e-05, Jcp =0.0000e+00, |dJ|=3.9326e-10, |dJcp|=0.0000e+00
Iteration 140: J=6.4891e-05, Jf=6.4891e-05, Jcp =0.0000e+00, |dJ|=2.3021e-09, |dJcp|=0.0000e+00
Iteration 150: J=6.4891e-05, Jf=6.4891e-05, Jcp =0.0000e+00, |dJ|=6.8400e-09, |dJcp|=0.0000e+00
Iteration 145: J=6.4891e-05, Jf=6.4891e-05, Jcp =0.0000e+00, |dJ|=3.9326e-10, |dJcp|=0.0000e+00
Iteration 155: J=6.4891e-05, Jf=6.4891e-05, Jcp =0.0000e+00, |dJ|=7.9457e-08, |dJcp|=0.0000e+00
Iteration 150: J=6.4891e-05, Jf=6.4891e-05, Jcp =0.0000e+00, |dJ|=6.8400e-09, |dJcp|=0.0000e+00
Iteration 160: J=6.4871e-05, Jf=6.4871e-05, Jcp =0.0000e+00, |dJ|=8.8368e-07, |dJcp|=0.0000e+00
Iteration 155: J=6.4891e-05, Jf=6.4891e-05, Jcp =0.0000e+00, |dJ|=7.9457e-08, |dJcp|=0.0000e+00
Iteration 165: J=6.2673e-05, Jf=6.2673e-05, Jcp =0.0000e+00, |dJ|=8.2778e-06, |dJcp|=0.0000e+00
Iteration 160: J=6.4871e-05, Jf=6.4871e-05, Jcp =0.0000e+00, |dJ|=8.8368e-07, |dJcp|=0.0000e+00
Iteration 170: J=5.0621e-05, Jf=5.0621e-05, Jcp =0.0000e+00, |dJ|=7.5971e-07, |dJcp|=0.0000e+00
Iteration 165: J=6.2673e-05, Jf=6.2673e-05, Jcp =0.0000e+00, |dJ|=8.2778e-06, |dJcp|=0.0000e+00
Iteration 175: J=5.0576e-05, Jf=5.0576e-05, Jcp =0.0000e+00, |dJ|=2.1290e-09, |dJcp|=0.0000e+00
Iteration 170: J=5.0621e-05, Jf=5.0621e-05, Jcp =0.0000e+00, |dJ|=7.5971e-07, |dJcp|=0.0000e+00
Iteration 180: J=5.0576e-05, Jf=5.0576e-05, Jcp =0.0000e+00, |dJ|=4.1599e-10, |dJcp|=0.0000e+00
Iteration 175: J=5.0576e-05, Jf=5.0576e-05, Jcp =0.0000e+00, |dJ|=2.1290e-09, |dJcp|=0.0000e+00
Iteration 185: J=5.0576e-05, Jf=5.0576e-05, Jcp =0.0000e+00, |dJ|=7.9961e-09, |dJcp|=0.0000e+00
Iteration 180: J=5.0576e-05, Jf=5.0576e-05, Jcp =0.0000e+00, |dJ|=4.1599e-10, |dJcp|=0.0000e+00
Iteration 190: J=5.0576e-05, Jf=5.0576e-05, Jcp =0.0000e+00, |dJ|=9.2802e-08, |dJcp|=0.0000e+00
Iteration 185: J=5.0576e-05, Jf=5.0576e-05, Jcp =0.0000e+00, |dJ|=7.9961e-09, |dJcp|=0.0000e+00
Iteration 195: J=5.0553e-05, Jf=5.0553e-05, Jcp =0.0000e+00, |dJ|=1.0428e-06, |dJcp|=0.0000e+00
Iteration 200: J=4.8146e-05, Jf=4.8146e-05, Jcp =0.0000e+00, |dJ|=9.5671e-06, |dJcp|=0.0000e+00
Iteration 190: J=5.0576e-05, Jf=5.0576e-05, Jcp =0.0000e+00, |dJ|=9.2802e-08, |dJcp|=0.0000e+00
Iteration 205: J=4.1784e-05, Jf=4.1784e-05, Jcp =0.0000e+00, |dJ|=1.1386e-07, |dJcp|=0.0000e+00
Iteration 195: J=5.0553e-05, Jf=5.0553e-05, Jcp =0.0000e+00, |dJ|=1.0428e-06, |dJcp|=0.0000e+00
Iteration 210: J=4.1781e-05, Jf=4.1781e-05, Jcp =0.0000e+00, |dJ|=1.0751e-09, |dJcp|=0.0000e+00
Iteration 200: J=4.8146e-05, Jf=4.8146e-05, Jcp =0.0000e+00, |dJ|=9.5671e-06, |dJcp|=0.0000e+00
Iteration 215: J=4.1781e-05, Jf=4.1781e-05, Jcp =0.0000e+00, |dJ|=1.5084e-10, |dJcp|=0.0000e+00
Iteration 205: J=4.1784e-05, Jf=4.1784e-05, Jcp =0.0000e+00, |dJ|=1.1386e-07, |dJcp|=0.0000e+00
Iteration 220: J=4.1781e-05, Jf=4.1781e-05, Jcp =0.0000e+00, |dJ|=2.3017e-09, |dJcp|=0.0000e+00
Iteration 210: J=4.1781e-05, Jf=4.1781e-05, Jcp =0.0000e+00, |dJ|=1.0751e-09, |dJcp|=0.0000e+00
Iteration 225: J=4.1781e-05, Jf=4.1781e-05, Jcp =0.0000e+00, |dJ|=2.6533e-08, |dJcp|=0.0000e+00
Iteration 215: J=4.1781e-05, Jf=4.1781e-05, Jcp =0.0000e+00, |dJ|=1.5084e-10, |dJcp|=0.0000e+00
Iteration 230: J=4.1779e-05, Jf=4.1779e-05, Jcp =0.0000e+00, |dJ|=2.9609e-07, |dJcp|=0.0000e+00
Iteration 220: J=4.1781e-05, Jf=4.1781e-05, Jcp =0.0000e+00, |dJ|=2.3017e-09, |dJcp|=0.0000e+00
Iteration 235: J=4.1591e-05, Jf=4.1591e-05, Jcp =0.0000e+00, |dJ|=3.2030e-06, |dJcp|=0.0000e+00
Iteration 225: J=4.1781e-05, Jf=4.1781e-05, Jcp =0.0000e+00, |dJ|=2.6533e-08, |dJcp|=0.0000e+00
Iteration 240: J=3.8156e-05, Jf=3.8156e-05, Jcp =0.0000e+00, |dJ|=1.7391e-06, |dJcp|=0.0000e+00
Iteration 230: J=4.1779e-05, Jf=4.1779e-05, Jcp =0.0000e+00, |dJ|=2.9609e-07, |dJcp|=0.0000e+00
Iteration 245: J=3.8089e-05, Jf=3.8089e-05, Jcp =0.0000e+00, |dJ|=1.4204e-09, |dJcp|=0.0000e+00
Iteration 235: J=4.1591e-05, Jf=4.1591e-05, Jcp =0.0000e+00, |dJ|=3.2030e-06, |dJcp|=0.0000e+00
Iteration 250: J=3.8089e-05, Jf=3.8089e-05, Jcp =0.0000e+00, |dJ|=7.7821e-11, |dJcp|=0.0000e+00
Iteration 240: J=3.8156e-05, Jf=3.8156e-05, Jcp =0.0000e+00, |dJ|=1.7391e-06, |dJcp|=0.0000e+00
Iteration 255: J=3.8089e-05, Jf=3.8089e-05, Jcp =0.0000e+00, |dJ|=1.1696e-09, |dJcp|=0.0000e+00
Iteration 245: J=3.8089e-05, Jf=3.8089e-05, Jcp =0.0000e+00, |dJ|=1.4204e-09, |dJcp|=0.0000e+00
Iteration 260: J=3.8089e-05, Jf=3.8089e-05, Jcp =0.0000e+00, |dJ|=1.3367e-08, |dJcp|=0.0000e+00
Iteration 250: J=3.8089e-05, Jf=3.8089e-05, Jcp =0.0000e+00, |dJ|=7.7821e-11, |dJcp|=0.0000e+00
Iteration 265: J=3.8088e-05, Jf=3.8088e-05, Jcp =0.0000e+00, |dJ|=1.4886e-07, |dJcp|=0.0000e+00
Iteration 255: J=3.8089e-05, Jf=3.8089e-05, Jcp =0.0000e+00, |dJ|=1.1696e-09, |dJcp|=0.0000e+00
Iteration 270: J=3.7967e-05, Jf=3.7967e-05, Jcp =0.0000e+00, |dJ|=1.6126e-06, |dJcp|=0.0000e+00
Iteration 260: J=3.8089e-05, Jf=3.8089e-05, Jcp =0.0000e+00, |dJ|=1.3367e-08, |dJcp|=0.0000e+00
Iteration 275: J=3.5993e-05, Jf=3.5993e-05, Jcp =0.0000e+00, |dJ|=7.3412e-07, |dJcp|=0.0000e+00
Iteration 265: J=3.8088e-05, Jf=3.8088e-05, Jcp =0.0000e+00, |dJ|=1.4886e-07, |dJcp|=0.0000e+00
Iteration 280: J=3.5964e-05, Jf=3.5964e-05, Jcp =0.0000e+00, |dJ|=1.0023e-10, |dJcp|=0.0000e+00
Iteration 270: J=3.7967e-05, Jf=3.7967e-05, Jcp =0.0000e+00, |dJ|=1.6126e-06, |dJcp|=0.0000e+00
Iteration 285: J=3.5964e-05, Jf=3.5964e-05, Jcp =0.0000e+00, |dJ|=2.3316e-10, |dJcp|=0.0000e+00
Iteration 275: J=3.5993e-05, Jf=3.5993e-05, Jcp =0.0000e+00, |dJ|=7.3412e-07, |dJcp|=0.0000e+00
Iteration 290: J=3.5964e-05, Jf=3.5964e-05, Jcp =0.0000e+00, |dJ|=3.0005e-09, |dJcp|=0.0000e+00
Iteration 280: J=3.5964e-05, Jf=3.5964e-05, Jcp =0.0000e+00, |dJ|=1.0023e-10, |dJcp|=0.0000e+00
Iteration 295: J=3.5964e-05, Jf=3.5964e-05, Jcp =0.0000e+00, |dJ|=3.3698e-08, |dJcp|=0.0000e+00
Iteration 285: J=3.5964e-05, Jf=3.5964e-05, Jcp =0.0000e+00, |dJ|=2.3316e-10, |dJcp|=0.0000e+00
Iteration 300: J=3.5957e-05, Jf=3.5957e-05, Jcp =0.0000e+00, |dJ|=3.7173e-07, |dJcp|=0.0000e+00
Iteration 290: J=3.5964e-05, Jf=3.5964e-05, Jcp =0.0000e+00, |dJ|=3.0005e-09, |dJcp|=0.0000e+00
Iteration 305: J=3.5406e-05, Jf=3.5406e-05, Jcp =0.0000e+00, |dJ|=2.2996e-06, |dJcp|=0.0000e+00
Iteration 295: J=3.5964e-05, Jf=3.5964e-05, Jcp =0.0000e+00, |dJ|=3.3698e-08, |dJcp|=0.0000e+00
Iteration 310: J=3.4904e-05, Jf=3.4904e-05, Jcp =0.0000e+00, |dJ|=8.0296e-09, |dJcp|=0.0000e+00
Iteration 300: J=3.5957e-05, Jf=3.5957e-05, Jcp =0.0000e+00, |dJ|=3.7173e-07, |dJcp|=0.0000e+00
Iteration 315: J=3.4904e-05, Jf=3.4904e-05, Jcp =0.0000e+00, |dJ|=1.3254e-10, |dJcp|=0.0000e+00
Iteration 305: J=3.5406e-05, Jf=3.5406e-05, Jcp =0.0000e+00, |dJ|=2.2996e-06, |dJcp|=0.0000e+00
Iteration 320: J=3.4904e-05, Jf=3.4904e-05, Jcp =0.0000e+00, |dJ|=2.5383e-09, |dJcp|=0.0000e+00
Iteration 310: J=3.4904e-05, Jf=3.4904e-05, Jcp =0.0000e+00, |dJ|=8.0296e-09, |dJcp|=0.0000e+00
Iteration 325: J=3.4904e-05, Jf=3.4904e-05, Jcp =0.0000e+00, |dJ|=2.9359e-08, |dJcp|=0.0000e+00
Iteration 315: J=3.4904e-05, Jf=3.4904e-05, Jcp =0.0000e+00, |dJ|=1.3254e-10, |dJcp|=0.0000e+00
Iteration 330: J=3.4901e-05, Jf=3.4901e-05, Jcp =0.0000e+00, |dJ|=3.2494e-07, |dJcp|=0.0000e+00
Iteration 320: J=3.4904e-05, Jf=3.4904e-05, Jcp =0.0000e+00, |dJ|=2.5383e-09, |dJcp|=0.0000e+00
Iteration 335: J=3.4658e-05, Jf=3.4658e-05, Jcp =0.0000e+00, |dJ|=2.2203e-06, |dJcp|=0.0000e+00
Iteration 325: J=3.4904e-05, Jf=3.4904e-05, Jcp =0.0000e+00, |dJ|=2.9359e-08, |dJcp|=0.0000e+00Iteration 340: J=3.4372e-05, Jf=3.4372e-05, Jcp =0.0000e+00, |dJ|=6.5574e-09, |dJcp|=0.0000e+00

Iteration 345: J=3.4372e-05, Jf=3.4372e-05, Jcp =0.0000e+00, |dJ|=2.4878e-11, |dJcp|=0.0000e+00
Iteration 330: J=3.4901e-05, Jf=3.4901e-05, Jcp =0.0000e+00, |dJ|=3.2494e-07, |dJcp|=0.0000e+00
Iteration 350: J=3.4372e-05, Jf=3.4372e-05, Jcp =0.0000e+00, |dJ|=7.3709e-10, |dJcp|=0.0000e+00
Iteration 335: J=3.4658e-05, Jf=3.4658e-05, Jcp =0.0000e+00, |dJ|=2.2203e-06, |dJcp|=0.0000e+00
Iteration 355: J=3.4372e-05, Jf=3.4372e-05, Jcp =0.0000e+00, |dJ|=8.8036e-09, |dJcp|=0.0000e+00
Iteration 340: J=3.4372e-05, Jf=3.4372e-05, Jcp =0.0000e+00, |dJ|=6.5574e-09, |dJcp|=0.0000e+00
Iteration 360: J=3.4372e-05, Jf=3.4372e-05, Jcp =0.0000e+00, |dJ|=9.7913e-08, |dJcp|=0.0000e+00
Iteration 345: J=3.4372e-05, Jf=3.4372e-05, Jcp =0.0000e+00, |dJ|=2.4878e-11, |dJcp|=0.0000e+00
Iteration 365: J=3.4314e-05, Jf=3.4314e-05, Jcp =0.0000e+00, |dJ|=8.6728e-07, |dJcp|=0.0000e+00
Iteration 350: J=3.4372e-05, Jf=3.4372e-05, Jcp =0.0000e+00, |dJ|=7.3709e-10, |dJcp|=0.0000e+00
Iteration 370: J=3.4130e-05, Jf=3.4130e-05, Jcp =0.0000e+00, |dJ|=3.4919e-09, |dJcp|=0.0000e+00
Iteration 355: J=3.4372e-05, Jf=3.4372e-05, Jcp =0.0000e+00, |dJ|=8.8036e-09, |dJcp|=0.0000e+00
Iteration 375: J=3.4130e-05, Jf=3.4130e-05, Jcp =0.0000e+00, |dJ|=1.2271e-11, |dJcp|=0.0000e+00
Iteration 360: J=3.4372e-05, Jf=3.4372e-05, Jcp =0.0000e+00, |dJ|=9.7913e-08, |dJcp|=0.0000e+00
Iteration 380: J=3.4130e-05, Jf=3.4130e-05, Jcp =0.0000e+00, |dJ|=4.3793e-10, |dJcp|=0.0000e+00
Iteration 365: J=3.4314e-05, Jf=3.4314e-05, Jcp =0.0000e+00, |dJ|=8.6728e-07, |dJcp|=0.0000e+00
Iteration 385: J=3.4130e-05, Jf=3.4130e-05, Jcp =0.0000e+00, |dJ|=5.2595e-09, |dJcp|=0.0000e+00
Iteration 370: J=3.4130e-05, Jf=3.4130e-05, Jcp =0.0000e+00, |dJ|=3.4919e-09, |dJcp|=0.0000e+00
Iteration 390: J=3.4130e-05, Jf=3.4130e-05, Jcp =0.0000e+00, |dJ|=5.8699e-08, |dJcp|=0.0000e+00
Iteration 375: J=3.4130e-05, Jf=3.4130e-05, Jcp =0.0000e+00, |dJ|=1.2271e-11, |dJcp|=0.0000e+00
Iteration 395: J=3.4107e-05, Jf=3.4107e-05, Jcp =0.0000e+00, |dJ|=5.9617e-07, |dJcp|=0.0000e+00
Iteration 380: J=3.4130e-05, Jf=3.4130e-05, Jcp =0.0000e+00, |dJ|=4.3793e-10, |dJcp|=0.0000e+00
Iteration 400: J=3.3924e-05, Jf=3.3924e-05, Jcp =0.0000e+00, |dJ|=5.3933e-08, |dJcp|=0.0000e+00
Iteration 385: J=3.4130e-05, Jf=3.4130e-05, Jcp =0.0000e+00, |dJ|=5.2595e-09, |dJcp|=0.0000e+00
Iteration 405: J=3.3923e-05, Jf=3.3923e-05, Jcp =0.0000e+00, |dJ|=1.0315e-10, |dJcp|=0.0000e+00
Iteration 390: J=3.4130e-05, Jf=3.4130e-05, Jcp =0.0000e+00, |dJ|=5.8699e-08, |dJcp|=0.0000e+00
Iteration 410: J=3.3923e-05, Jf=3.3923e-05, Jcp =0.0000e+00, |dJ|=1.1988e-10, |dJcp|=0.0000e+00
Iteration 395: J=3.4107e-05, Jf=3.4107e-05, Jcp =0.0000e+00, |dJ|=5.9617e-07, |dJcp|=0.0000e+00
Iteration 415: J=3.3923e-05, Jf=3.3923e-05, Jcp =0.0000e+00, |dJ|=1.5244e-09, |dJcp|=0.0000e+00
Iteration 400: J=3.3924e-05, Jf=3.3924e-05, Jcp =0.0000e+00, |dJ|=5.3933e-08, |dJcp|=0.0000e+00
Iteration 420: J=3.3923e-05, Jf=3.3923e-05, Jcp =0.0000e+00, |dJ|=1.7129e-08, |dJcp|=0.0000e+00
Iteration 405: J=3.3923e-05, Jf=3.3923e-05, Jcp =0.0000e+00, |dJ|=1.0315e-10, |dJcp|=0.0000e+00
Iteration 425: J=3.3914e-05, Jf=3.3914e-05, Jcp =0.0000e+00, |dJ|=1.8013e-07, |dJcp|=0.0000e+00
Iteration 430: J=3.3809e-05, Jf=3.3809e-05, Jcp =0.0000e+00, |dJ|=4.5199e-08, |dJcp|=0.0000e+00
Iteration 410: J=3.3923e-05, Jf=3.3923e-05, Jcp =0.0000e+00, |dJ|=1.1988e-10, |dJcp|=0.0000e+00
Iteration 435: J=3.3808e-05, Jf=3.3808e-05, Jcp =0.0000e+00, |dJ|=5.4330e-12, |dJcp|=0.0000e+00
Iteration 415: J=3.3923e-05, Jf=3.3923e-05, Jcp =0.0000e+00, |dJ|=1.5244e-09, |dJcp|=0.0000e+00
Iteration 440: J=3.3808e-05, Jf=3.3808e-05, Jcp =0.0000e+00, |dJ|=1.8347e-10, |dJcp|=0.0000e+00
Iteration 420: J=3.3923e-05, Jf=3.3923e-05, Jcp =0.0000e+00, |dJ|=1.7129e-08, |dJcp|=0.0000e+00
Iteration 445: J=3.3808e-05, Jf=3.3808e-05, Jcp =0.0000e+00, |dJ|=2.5274e-09, |dJcp|=0.0000e+00
Iteration 425: J=3.3914e-05, Jf=3.3914e-05, Jcp =0.0000e+00, |dJ|=1.8013e-07, |dJcp|=0.0000e+00
Iteration 450: J=3.3808e-05, Jf=3.3808e-05, Jcp =0.0000e+00, |dJ|=2.8547e-08, |dJcp|=0.0000e+00
Iteration 430: J=3.3809e-05, Jf=3.3809e-05, Jcp =0.0000e+00, |dJ|=4.5199e-08, |dJcp|=0.0000e+00
Iteration 455: J=3.3801e-05, Jf=3.3801e-05, Jcp =0.0000e+00, |dJ|=2.7337e-07, |dJcp|=0.0000e+00
Iteration 435: J=3.3808e-05, Jf=3.3808e-05, Jcp =0.0000e+00, |dJ|=5.4330e-12, |dJcp|=0.0000e+00
Iteration 460: J=3.3770e-05, Jf=3.3770e-05, Jcp =0.0000e+00, |dJ|=1.4423e-09, |dJcp|=0.0000e+00
Iteration 440: J=3.3808e-05, Jf=3.3808e-05, Jcp =0.0000e+00, |dJ|=1.8347e-10, |dJcp|=0.0000e+00
Iteration 465: J=3.3770e-05, Jf=3.3770e-05, Jcp =0.0000e+00, |dJ|=3.3686e-12, |dJcp|=0.0000e+00
Iteration 445: J=3.3808e-05, Jf=3.3808e-05, Jcp =0.0000e+00, |dJ|=2.5274e-09, |dJcp|=0.0000e+00
Iteration 470: J=3.3770e-05, Jf=3.3770e-05, Jcp =0.0000e+00, |dJ|=1.0671e-10, |dJcp|=0.0000e+00
Iteration 450: J=3.3808e-05, Jf=3.3808e-05, Jcp =0.0000e+00, |dJ|=2.8547e-08, |dJcp|=0.0000e+00
Iteration 475: J=3.3770e-05, Jf=3.3770e-05, Jcp =0.0000e+00, |dJ|=1.3397e-09, |dJcp|=0.0000e+00
Iteration 455: J=3.3801e-05, Jf=3.3801e-05, Jcp =0.0000e+00, |dJ|=2.7337e-07, |dJcp|=0.0000e+00
Iteration 480: J=3.3770e-05, Jf=3.3770e-05, Jcp =0.0000e+00, |dJ|=1.5001e-08, |dJcp|=0.0000e+00
Iteration 460: J=3.3770e-05, Jf=3.3770e-05, Jcp =0.0000e+00, |dJ|=1.4423e-09, |dJcp|=0.0000e+00
Iteration 485: J=3.3763e-05, Jf=3.3763e-05, Jcp =0.0000e+00, |dJ|=1.3686e-07, |dJcp|=0.0000e+00
Iteration 465: J=3.3770e-05, Jf=3.3770e-05, Jcp =0.0000e+00, |dJ|=3.3686e-12, |dJcp|=0.0000e+00
Iteration 490: J=3.3744e-05, Jf=3.3744e-05, Jcp =0.0000e+00, |dJ|=9.4530e-09, |dJcp|=0.0000e+00
Iteration 470: J=3.3770e-05, Jf=3.3770e-05, Jcp =0.0000e+00, |dJ|=1.0671e-10, |dJcp|=0.0000e+00
Iteration 495: J=3.3744e-05, Jf=3.3744e-05, Jcp =0.0000e+00, |dJ|=3.2905e-12, |dJcp|=0.0000e+00
Iteration 475: J=3.3770e-05, Jf=3.3770e-05, Jcp =0.0000e+00, |dJ|=1.3397e-09, |dJcp|=0.0000e+00
Iteration 500: J=3.3744e-05, Jf=3.3744e-05, Jcp =0.0000e+00, |dJ|=4.8469e-11, |dJcp|=0.0000e+00
Iteration 480: J=3.3770e-05, Jf=3.3770e-05, Jcp =0.0000e+00, |dJ|=1.5001e-08, |dJcp|=0.0000e+00
Iteration 505: J=3.3744e-05, Jf=3.3744e-05, Jcp =0.0000e+00, |dJ|=5.8937e-10, |dJcp|=0.0000e+00
Iteration 485: J=3.3763e-05, Jf=3.3763e-05, Jcp =0.0000e+00, |dJ|=1.3686e-07, |dJcp|=0.0000e+00
Iteration 510: J=3.3744e-05, Jf=3.3744e-05, Jcp =0.0000e+00, |dJ|=6.5825e-09, |dJcp|=0.0000e+00
Iteration 490: J=3.3744e-05, Jf=3.3744e-05, Jcp =0.0000e+00, |dJ|=9.4530e-09, |dJcp|=0.0000e+00
Iteration 515: J=3.3743e-05, Jf=3.3743e-05, Jcp =0.0000e+00, |dJ|=7.0098e-08, |dJcp|=0.0000e+00
Iteration 520: J=3.3725e-05, Jf=3.3725e-05, Jcp =0.0000e+00, |dJ|=1.1108e-07, |dJcp|=0.0000e+00
Iteration 495: J=3.3744e-05, Jf=3.3744e-05, Jcp =0.0000e+00, |dJ|=3.2905e-12, |dJcp|=0.0000e+00
Iteration 525: J=3.3724e-05, Jf=3.3724e-05, Jcp =0.0000e+00, |dJ|=2.3924e-12, |dJcp|=0.0000e+00
Iteration 500: J=3.3744e-05, Jf=3.3744e-05, Jcp =0.0000e+00, |dJ|=4.8469e-11, |dJcp|=0.0000e+00
Iteration 530: J=3.3724e-05, Jf=3.3724e-05, Jcp =0.0000e+00, |dJ|=3.9121e-11, |dJcp|=0.0000e+00
Iteration 505: J=3.3744e-05, Jf=3.3744e-05, Jcp =0.0000e+00, |dJ|=5.8937e-10, |dJcp|=0.0000e+00
Iteration 535: J=3.3724e-05, Jf=3.3724e-05, Jcp =0.0000e+00, |dJ|=5.2461e-10, |dJcp|=0.0000e+00
Iteration 510: J=3.3744e-05, Jf=3.3744e-05, Jcp =0.0000e+00, |dJ|=6.5825e-09, |dJcp|=0.0000e+00
Iteration 540: J=3.3724e-05, Jf=3.3724e-05, Jcp =0.0000e+00, |dJ|=5.9093e-09, |dJcp|=0.0000e+00
Iteration 515: J=3.3743e-05, Jf=3.3743e-05, Jcp =0.0000e+00, |dJ|=7.0098e-08, |dJcp|=0.0000e+00
Iteration 545: J=3.3724e-05, Jf=3.3724e-05, Jcp =0.0000e+00, |dJ|=6.2975e-08, |dJcp|=0.0000e+00
Iteration 520: J=3.3725e-05, Jf=3.3725e-05, Jcp =0.0000e+00, |dJ|=1.1108e-07, |dJcp|=0.0000e+00
Iteration 550: J=3.3714e-05, Jf=3.3714e-05, Jcp =0.0000e+00, |dJ|=2.7127e-08, |dJcp|=0.0000e+00
Iteration 525: J=3.3724e-05, Jf=3.3724e-05, Jcp =0.0000e+00, |dJ|=2.3924e-12, |dJcp|=0.0000e+00
Iteration 555: J=3.3714e-05, Jf=3.3714e-05, Jcp =0.0000e+00, |dJ|=4.1315e-12, |dJcp|=0.0000e+00
Iteration 530: J=3.3724e-05, Jf=3.3724e-05, Jcp =0.0000e+00, |dJ|=3.9121e-11, |dJcp|=0.0000e+00
Iteration 560: J=3.3714e-05, Jf=3.3714e-05, Jcp =0.0000e+00, |dJ|=1.0706e-11, |dJcp|=0.0000e+00
Iteration 535: J=3.3724e-05, Jf=3.3724e-05, Jcp =0.0000e+00, |dJ|=5.2461e-10, |dJcp|=0.0000e+00
Iteration 565: J=3.3714e-05, Jf=3.3714e-05, Jcp =0.0000e+00, |dJ|=1.4801e-10, |dJcp|=0.0000e+00
Iteration 540: J=3.3724e-05, Jf=3.3724e-05, Jcp =0.0000e+00, |dJ|=5.9093e-09, |dJcp|=0.0000e+00
Iteration 570: J=3.3714e-05, Jf=3.3714e-05, Jcp =0.0000e+00, |dJ|=1.6710e-09, |dJcp|=0.0000e+00
Iteration 545: J=3.3724e-05, Jf=3.3724e-05, Jcp =0.0000e+00, |dJ|=6.2975e-08, |dJcp|=0.0000e+00
Iteration 575: J=3.3714e-05, Jf=3.3714e-05, Jcp =0.0000e+00, |dJ|=1.8470e-08, |dJcp|=0.0000e+00
Iteration 550: J=3.3714e-05, Jf=3.3714e-05, Jcp =0.0000e+00, |dJ|=2.7127e-08, |dJcp|=0.0000e+00
Iteration 580: J=3.3711e-05, Jf=3.3711e-05, Jcp =0.0000e+00, |dJ|=1.1903e-07, |dJcp|=0.0000e+00
Iteration 555: J=3.3714e-05, Jf=3.3714e-05, Jcp =0.0000e+00, |dJ|=4.1315e-12, |dJcp|=0.0000e+00
Iteration 585: J=3.3709e-05, Jf=3.3709e-05, Jcp =0.0000e+00, |dJ|=4.9482e-11, |dJcp|=0.0000e+00
Iteration 560: J=3.3714e-05, Jf=3.3714e-05, Jcp =0.0000e+00, |dJ|=1.0706e-11, |dJcp|=0.0000e+00
Iteration 590: J=3.3709e-05, Jf=3.3709e-05, Jcp =0.0000e+00, |dJ|=1.7468e-12, |dJcp|=0.0000e+00
Iteration 565: J=3.3714e-05, Jf=3.3714e-05, Jcp =0.0000e+00, |dJ|=1.4801e-10, |dJcp|=0.0000e+00
Iteration 595: J=3.3709e-05, Jf=3.3709e-05, Jcp =0.0000e+00, |dJ|=2.6887e-11, |dJcp|=0.0000e+00
Iteration 570: J=3.3714e-05, Jf=3.3714e-05, Jcp =0.0000e+00, |dJ|=1.6710e-09, |dJcp|=0.0000e+00
Iteration 600: J=3.3709e-05, Jf=3.3709e-05, Jcp =0.0000e+00, |dJ|=3.1899e-10, |dJcp|=0.0000e+00
Iteration 605: J=3.3709e-05, Jf=3.3709e-05, Jcp =0.0000e+00, |dJ|=3.5570e-09, |dJcp|=0.0000e+00
Iteration 575: J=3.3714e-05, Jf=3.3714e-05, Jcp =0.0000e+00, |dJ|=1.8470e-08, |dJcp|=0.0000e+00
Iteration 610: J=3.3709e-05, Jf=3.3709e-05, Jcp =0.0000e+00, |dJ|=3.6540e-08, |dJcp|=0.0000e+00
Iteration 580: J=3.3711e-05, Jf=3.3711e-05, Jcp =0.0000e+00, |dJ|=1.1903e-07, |dJcp|=0.0000e+00
Iteration 615: J=3.3705e-05, Jf=3.3705e-05, Jcp =0.0000e+00, |dJ|=2.9281e-09, |dJcp|=0.0000e+00
Iteration 585: J=3.3709e-05, Jf=3.3709e-05, Jcp =0.0000e+00, |dJ|=4.9482e-11, |dJcp|=0.0000e+00
Iteration 620: J=3.3705e-05, Jf=3.3705e-05, Jcp =0.0000e+00, |dJ|=1.4336e-11, |dJcp|=0.0000e+00
Iteration 590: J=3.3709e-05, Jf=3.3709e-05, Jcp =0.0000e+00, |dJ|=1.7468e-12, |dJcp|=0.0000e+00
Iteration 625: J=3.3705e-05, Jf=3.3705e-05, Jcp =0.0000e+00, |dJ|=4.6966e-10, |dJcp|=0.0000e+00
Iteration 595: J=3.3709e-05, Jf=3.3709e-05, Jcp =0.0000e+00, |dJ|=2.6887e-11, |dJcp|=0.0000e+00
Iteration 630: J=3.3705e-05, Jf=3.3705e-05, Jcp =0.0000e+00, |dJ|=6.4095e-09, |dJcp|=0.0000e+00
Iteration 600: J=3.3709e-05, Jf=3.3709e-05, Jcp =0.0000e+00, |dJ|=3.1899e-10, |dJcp|=0.0000e+00
Iteration 635: J=3.3705e-05, Jf=3.3705e-05, Jcp =0.0000e+00, |dJ|=6.6539e-08, |dJcp|=0.0000e+00
Iteration 605: J=3.3709e-05, Jf=3.3709e-05, Jcp =0.0000e+00, |dJ|=3.5570e-09, |dJcp|=0.0000e+00
Iteration 640: J=3.3702e-05, Jf=3.3702e-05, Jcp =0.0000e+00, |dJ|=4.6169e-09, |dJcp|=0.0000e+00
Iteration 610: J=3.3709e-05, Jf=3.3709e-05, Jcp =0.0000e+00, |dJ|=3.6540e-08, |dJcp|=0.0000e+00
Iteration 645: J=3.3702e-05, Jf=3.3702e-05, Jcp =0.0000e+00, |dJ|=2.8605e-12, |dJcp|=0.0000e+00
Iteration 615: J=3.3705e-05, Jf=3.3705e-05, Jcp =0.0000e+00, |dJ|=2.9281e-09, |dJcp|=0.0000e+00
Iteration 650: J=3.3702e-05, Jf=3.3702e-05, Jcp =0.0000e+00, |dJ|=5.2877e-11, |dJcp|=0.0000e+00
Iteration 620: J=3.3705e-05, Jf=3.3705e-05, Jcp =0.0000e+00, |dJ|=1.4336e-11, |dJcp|=0.0000e+00
Iteration 655: J=3.3702e-05, Jf=3.3702e-05, Jcp =0.0000e+00, |dJ|=6.0490e-10, |dJcp|=0.0000e+00
Iteration 625: J=3.3705e-05, Jf=3.3705e-05, Jcp =0.0000e+00, |dJ|=4.6966e-10, |dJcp|=0.0000e+00
Iteration 660: J=3.3702e-05, Jf=3.3702e-05, Jcp =0.0000e+00, |dJ|=6.9218e-09, |dJcp|=0.0000e+00
Iteration 630: J=3.3705e-05, Jf=3.3705e-05, Jcp =0.0000e+00, |dJ|=6.4095e-09, |dJcp|=0.0000e+00
Iteration 665: J=3.3702e-05, Jf=3.3702e-05, Jcp =0.0000e+00, |dJ|=6.5873e-08, |dJcp|=0.0000e+00
Iteration 635: J=3.3705e-05, Jf=3.3705e-05, Jcp =0.0000e+00, |dJ|=6.6539e-08, |dJcp|=0.0000e+00
Iteration 670: J=3.3699e-05, Jf=3.3699e-05, Jcp =0.0000e+00, |dJ|=1.6578e-09, |dJcp|=0.0000e+00
Iteration 640: J=3.3702e-05, Jf=3.3702e-05, Jcp =0.0000e+00, |dJ|=4.6169e-09, |dJcp|=0.0000e+00
Iteration 675: J=3.3699e-05, Jf=3.3699e-05, Jcp =0.0000e+00, |dJ|=1.7726e-12, |dJcp|=0.0000e+00
Iteration 645: J=3.3702e-05, Jf=3.3702e-05, Jcp =0.0000e+00, |dJ|=2.8605e-12, |dJcp|=0.0000e+00
Iteration 680: J=3.3699e-05, Jf=3.3699e-05, Jcp =0.0000e+00, |dJ|=1.1915e-10, |dJcp|=0.0000e+00
Iteration 650: J=3.3702e-05, Jf=3.3702e-05, Jcp =0.0000e+00, |dJ|=5.2877e-11, |dJcp|=0.0000e+00
Iteration 685: J=3.3699e-05, Jf=3.3699e-05, Jcp =0.0000e+00, |dJ|=2.2108e-09, |dJcp|=0.0000e+00
Iteration 655: J=3.3702e-05, Jf=3.3702e-05, Jcp =0.0000e+00, |dJ|=6.0490e-10, |dJcp|=0.0000e+00
Iteration 690: J=3.3699e-05, Jf=3.3699e-05, Jcp =0.0000e+00, |dJ|=2.8515e-08, |dJcp|=0.0000e+00
Iteration 660: J=3.3702e-05, Jf=3.3702e-05, Jcp =0.0000e+00, |dJ|=6.9218e-09, |dJcp|=0.0000e+00Iteration 695: J=3.3697e-05, Jf=3.3697e-05, Jcp =0.0000e+00, |dJ|=1.3654e-07, |dJcp|=0.0000e+00

Iteration 700: J=3.3696e-05, Jf=3.3696e-05, Jcp =0.0000e+00, |dJ|=1.3078e-11, |dJcp|=0.0000e+00
Iteration 665: J=3.3702e-05, Jf=3.3702e-05, Jcp =0.0000e+00, |dJ|=6.5873e-08, |dJcp|=0.0000e+00
Iteration 705: J=3.3696e-05, Jf=3.3696e-05, Jcp =0.0000e+00, |dJ|=9.7194e-12, |dJcp|=0.0000e+00
Iteration 670: J=3.3699e-05, Jf=3.3699e-05, Jcp =0.0000e+00, |dJ|=1.6578e-09, |dJcp|=0.0000e+00
Iteration 710: J=3.3696e-05, Jf=3.3696e-05, Jcp =0.0000e+00, |dJ|=1.2893e-10, |dJcp|=0.0000e+00
Iteration 675: J=3.3699e-05, Jf=3.3699e-05, Jcp =0.0000e+00, |dJ|=1.7726e-12, |dJcp|=0.0000e+00
Iteration 715: J=3.3696e-05, Jf=3.3696e-05, Jcp =0.0000e+00, |dJ|=1.4427e-09, |dJcp|=0.0000e+00
Iteration 680: J=3.3699e-05, Jf=3.3699e-05, Jcp =0.0000e+00, |dJ|=1.1915e-10, |dJcp|=0.0000e+00
Iteration 720: J=3.3696e-05, Jf=3.3696e-05, Jcp =0.0000e+00, |dJ|=1.5828e-08, |dJcp|=0.0000e+00
Iteration 685: J=3.3699e-05, Jf=3.3699e-05, Jcp =0.0000e+00, |dJ|=2.2108e-09, |dJcp|=0.0000e+00
Iteration 725: J=3.3695e-05, Jf=3.3695e-05, Jcp =0.0000e+00, |dJ|=1.0703e-07, |dJcp|=0.0000e+00
Iteration 690: J=3.3699e-05, Jf=3.3699e-05, Jcp =0.0000e+00, |dJ|=2.8515e-08, |dJcp|=0.0000e+00
Iteration 730: J=3.3694e-05, Jf=3.3694e-05, Jcp =0.0000e+00, |dJ|=3.2298e-09, |dJcp|=0.0000e+00
Iteration 695: J=3.3697e-05, Jf=3.3697e-05, Jcp =0.0000e+00, |dJ|=1.3654e-07, |dJcp|=0.0000e+00
Iteration 735: J=3.3694e-05, Jf=3.3694e-05, Jcp =0.0000e+00, |dJ|=2.9813e-12, |dJcp|=0.0000e+00
Iteration 700: J=3.3696e-05, Jf=3.3696e-05, Jcp =0.0000e+00, |dJ|=1.3078e-11, |dJcp|=0.0000e+00
Iteration 740: J=3.3694e-05, Jf=3.3694e-05, Jcp =0.0000e+00, |dJ|=9.5286e-12, |dJcp|=0.0000e+00
Iteration 705: J=3.3696e-05, Jf=3.3696e-05, Jcp =0.0000e+00, |dJ|=9.7194e-12, |dJcp|=0.0000e+00
Iteration 745: J=3.3694e-05, Jf=3.3694e-05, Jcp =0.0000e+00, |dJ|=1.2327e-10, |dJcp|=0.0000e+00
Iteration 710: J=3.3696e-05, Jf=3.3696e-05, Jcp =0.0000e+00, |dJ|=1.2893e-10, |dJcp|=0.0000e+00
Iteration 750: J=3.3694e-05, Jf=3.3694e-05, Jcp =0.0000e+00, |dJ|=2.3226e-10, |dJcp|=0.0000e+00
Iteration 715: J=3.3696e-05, Jf=3.3696e-05, Jcp =0.0000e+00, |dJ|=1.4427e-09, |dJcp|=0.0000e+00
Iteration 755: J=3.3694e-05, Jf=3.3694e-05, Jcp =0.0000e+00, |dJ|=8.2653e-10, |dJcp|=0.0000e+00
Iteration 720: J=3.3696e-05, Jf=3.3696e-05, Jcp =0.0000e+00, |dJ|=1.5828e-08, |dJcp|=0.0000e+00
Iteration 760: J=3.3694e-05, Jf=3.3694e-05, Jcp =0.0000e+00, |dJ|=1.2292e-08, |dJcp|=0.0000e+00
Iteration 725: J=3.3695e-05, Jf=3.3695e-05, Jcp =0.0000e+00, |dJ|=1.0703e-07, |dJcp|=0.0000e+00
Iteration 765: J=3.3693e-05, Jf=3.3693e-05, Jcp =0.0000e+00, |dJ|=2.6104e-08, |dJcp|=0.0000e+00
Iteration 730: J=3.3694e-05, Jf=3.3694e-05, Jcp =0.0000e+00, |dJ|=3.2298e-09, |dJcp|=0.0000e+00
Iteration 770: J=3.3693e-05, Jf=3.3693e-05, Jcp =0.0000e+00, |dJ|=9.2522e-11, |dJcp|=0.0000e+00
Iteration 735: J=3.3694e-05, Jf=3.3694e-05, Jcp =0.0000e+00, |dJ|=2.9813e-12, |dJcp|=0.0000e+00
Iteration 775: J=3.3693e-05, Jf=3.3693e-05, Jcp =0.0000e+00, |dJ|=5.0238e-13, |dJcp|=0.0000e+00
Iteration 780: J=3.3693e-05, Jf=3.3693e-05, Jcp =0.0000e+00, |dJ|=1.3519e-11, |dJcp|=0.0000e+00
Iteration 740: J=3.3694e-05, Jf=3.3694e-05, Jcp =0.0000e+00, |dJ|=9.5286e-12, |dJcp|=0.0000e+00
Iteration 785: J=3.3693e-05, Jf=3.3693e-05, Jcp =0.0000e+00, |dJ|=1.5758e-10, |dJcp|=0.0000e+00
Iteration 745: J=3.3694e-05, Jf=3.3694e-05, Jcp =0.0000e+00, |dJ|=1.2327e-10, |dJcp|=0.0000e+00
Iteration 790: J=3.3693e-05, Jf=3.3693e-05, Jcp =0.0000e+00, |dJ|=1.7471e-09, |dJcp|=0.0000e+00
Iteration 750: J=3.3694e-05, Jf=3.3694e-05, Jcp =0.0000e+00, |dJ|=2.3226e-10, |dJcp|=0.0000e+00
Iteration 795: J=3.3693e-05, Jf=3.3693e-05, Jcp =0.0000e+00, |dJ|=1.1406e-08, |dJcp|=0.0000e+00
Iteration 755: J=3.3694e-05, Jf=3.3694e-05, Jcp =0.0000e+00, |dJ|=8.2653e-10, |dJcp|=0.0000e+00
Iteration 800: J=3.3693e-05, Jf=3.3693e-05, Jcp =0.0000e+00, |dJ|=1.2991e-09, |dJcp|=0.0000e+00
Iteration 760: J=3.3694e-05, Jf=3.3694e-05, Jcp =0.0000e+00, |dJ|=1.2292e-08, |dJcp|=0.0000e+00
Iteration 805: J=3.3693e-05, Jf=3.3693e-05, Jcp =0.0000e+00, |dJ|=5.8377e-12, |dJcp|=0.0000e+00
Iteration 765: J=3.3693e-05, Jf=3.3693e-05, Jcp =0.0000e+00, |dJ|=2.6104e-08, |dJcp|=0.0000e+00
Iteration 810: J=3.3693e-05, Jf=3.3693e-05, Jcp =0.0000e+00, |dJ|=2.7872e-12, |dJcp|=0.0000e+00
Iteration 770: J=3.3693e-05, Jf=3.3693e-05, Jcp =0.0000e+00, |dJ|=9.2522e-11, |dJcp|=0.0000e+00
Iteration 815: J=3.3693e-05, Jf=3.3693e-05, Jcp =0.0000e+00, |dJ|=4.3823e-11, |dJcp|=0.0000e+00
Iteration 775: J=3.3693e-05, Jf=3.3693e-05, Jcp =0.0000e+00, |dJ|=5.0238e-13, |dJcp|=0.0000e+00
Iteration 820: J=3.3693e-05, Jf=3.3693e-05, Jcp =0.0000e+00, |dJ|=4.9836e-10, |dJcp|=0.0000e+00
Iteration 780: J=3.3693e-05, Jf=3.3693e-05, Jcp =0.0000e+00, |dJ|=1.3519e-11, |dJcp|=0.0000e+00
Iteration 825: J=3.3693e-05, Jf=3.3693e-05, Jcp =0.0000e+00, |dJ|=5.5138e-09, |dJcp|=0.0000e+00
Iteration 785: J=3.3693e-05, Jf=3.3693e-05, Jcp =0.0000e+00, |dJ|=1.5758e-10, |dJcp|=0.0000e+00
Iteration 830: J=3.3692e-05, Jf=3.3692e-05, Jcp =0.0000e+00, |dJ|=3.6335e-08, |dJcp|=0.0000e+00
Iteration 790: J=3.3693e-05, Jf=3.3693e-05, Jcp =0.0000e+00, |dJ|=1.7471e-09, |dJcp|=0.0000e+00
Iteration 835: J=3.3692e-05, Jf=3.3692e-05, Jcp =0.0000e+00, |dJ|=4.2887e-11, |dJcp|=0.0000e+00
Iteration 795: J=3.3693e-05, Jf=3.3693e-05, Jcp =0.0000e+00, |dJ|=1.1406e-08, |dJcp|=0.0000e+00
Iteration 840: J=3.3692e-05, Jf=3.3692e-05, Jcp =0.0000e+00, |dJ|=4.1739e-13, |dJcp|=0.0000e+00
CONVERGENCE: RELATIVE REDUCTION OF F <= FACTR*EPSMCH
Iteration 800: J=3.3693e-05, Jf=3.3693e-05, Jcp =0.0000e+00, |dJ|=1.2991e-09, |dJcp|=0.0000e+00
Saving results to /burg-archive/home/tg2998/simsopt/examples/outputs/stage2_initial_conditions...
Iteration 805: J=3.3693e-05, Jf=3.3693e-05, Jcp =0.0000e+00, |dJ|=5.8377e-12, |dJcp|=0.0000e+00
Iteration 810: J=3.3693e-05, Jf=3.3693e-05, Jcp =0.0000e+00, |dJ|=2.7872e-12, |dJcp|=0.0000e+00
Iteration 815: J=3.3693e-05, Jf=3.3693e-05, Jcp =0.0000e+00, |dJ|=4.3823e-11, |dJcp|=0.0000e+00
Iteration 820: J=3.3693e-05, Jf=3.3693e-05, Jcp =0.0000e+00, |dJ|=4.9836e-10, |dJcp|=0.0000e+00
Iteration 825: J=3.3693e-05, Jf=3.3693e-05, Jcp =0.0000e+00, |dJ|=5.5138e-09, |dJcp|=0.0000e+00
Iteration 830: J=3.3692e-05, Jf=3.3692e-05, Jcp =0.0000e+00, |dJ|=3.6335e-08, |dJcp|=0.0000e+00
Iteration 835: J=3.3692e-05, Jf=3.3692e-05, Jcp =0.0000e+00, |dJ|=4.2887e-11, |dJcp|=0.0000e+00
Iteration 840: J=3.3692e-05, Jf=3.3692e-05, Jcp =0.0000e+00, |dJ|=4.1739e-13, |dJcp|=0.0000e+00
CONVERGENCE: RELATIVE REDUCTION OF F <= FACTR*EPSMCH
Saving results to /burg-archive/home/tg2998/simsopt/examples/outputs/stage2_initial_conditions...
Warning: coils_to_vtk will not save forces and torques for coils that do not have a model for their cross section. Please use the RegularizedCoil class.
Warning: coils_to_vtk will not save forces and torques for coils that do not have a model for their cross section. Please use the RegularizedCoil class.
Initialising Boozer Surface: 
Initialising Boozer Surface: 
BFGS solve - True  iter=179, iota=0.1791865851595700, ||grad||_inf = 9.856e-03
BFGS solve - True  iter=179, iota=0.1791865851595700, ||grad||_inf = 9.856e-03
NEWTON solve - True  iter=1, iota=0.1842442612153095, ||grad||_inf = 5.992e-04
Solve success: True
    iota: 0.1842442612153095
    G: -3.1937416278018045
NEWTON solve - True  iter=1, iota=0.1842442612153095, ||grad||_inf = 5.992e-04
Solve success: True
    iota: 0.1842442612153095
    G: -3.1937416278018045
Step size: 0.00e+00
Step size: 0.00e+00
BFGS solve - True  iter=0, iota=0.1842442612153095, ||grad||_inf = 5.992e-04
BFGS solve - True  iter=0, iota=0.1842442612153095, ||grad||_inf = 5.992e-04
NEWTON solve - True  iter=0, iota=0.1842442612153095, ||grad||_inf = 5.992e-04
Solve success: True
    iota: 0.1842442612153095
    G: -3.1937416278018045
NEWTON solve - True  iter=0, iota=0.1842442612153095, ||grad||_inf = 5.992e-04
Solve success: True
    iota: 0.1842442612153095
    G: -3.1937416278018045
Objective J: 1.057867e+06, ||∇J||: 6.188613e+05
Step size: 1.00e+00
Objective J: 1.057867e+06, ||∇J||: 6.188613e+05
Step size: 1.00e+00
BFGS solve - True  iter=48, iota=0.1822844220812702, ||grad||_inf = 8.990e-03
BFGS solve - True  iter=48, iota=0.1822844220812702, ||grad||_inf = 8.990e-03
NEWTON solve - True  iter=1, iota=0.1860035035701944, ||grad||_inf = 3.110e-04
Solve success: True
    iota: 0.18600350357019443
    G: -3.1937416278018045
NEWTON solve - True  iter=1, iota=0.1860035035701944, ||grad||_inf = 3.110e-04
Solve success: True
    iota: 0.18600350357019443
    G: -3.1937416278018045
Objective J: 8.184092e+05, ||∇J||: 3.598929e+05
Callback (Iteration 0): 
    iota: 0.18600350357019443
       G: -3.1937416278018045
       J: 818409.2327519159
    |dJ|: 359892.88487811974
======================================================================
Step size: 5.86e-01
Objective J: 8.184092e+05, ||∇J||: 3.598929e+05
Callback (Iteration 0): 
    iota: 0.18600350357019443
       G: -3.1937416278018045
       J: 818409.2327519159
    |dJ|: 359892.88487811974
======================================================================
Step size: 5.86e-01
BFGS solve - True  iter=52, iota=0.1840927858940880, ||grad||_inf = 9.518e-03
BFGS solve - True  iter=52, iota=0.1840927858940880, ||grad||_inf = 9.518e-03
NEWTON solve - True  iter=1, iota=0.1915410096378257, ||grad||_inf = 1.051e-03
Solve success: True
    iota: 0.19154100963782567
    G: -3.193741627801805
NEWTON solve - True  iter=1, iota=0.1915410096378257, ||grad||_inf = 1.051e-03
Solve success: True
    iota: 0.19154100963782567
    G: -3.193741627801805
Objective J: 6.644340e+05, ||∇J||: 3.444433e+05
Callback (Iteration 1): 
    iota: 0.19154100963782567
       G: -3.193741627801805
       J: 664434.0026496089
    |dJ|: 344443.324573709
======================================================================
Step size: 2.55e+00
Objective J: 6.644340e+05, ||∇J||: 3.444433e+05
Callback (Iteration 1): 
    iota: 0.19154100963782567
       G: -3.193741627801805
       J: 664434.0026496089
    |dJ|: 344443.324573709
======================================================================
Step size: 2.55e+00
BFGS solve - True  iter=124, iota=0.4355645587966829, ||grad||_inf = 9.958e-03
BFGS solve - True  iter=124, iota=0.4355645587966829, ||grad||_inf = 9.958e-03
NEWTON solve - True  iter=2, iota=0.4698237916906018, ||grad||_inf = 4.479e-04
Solve success: True
    iota: 0.46982379169060184
    G: -3.193741627801805
NEWTON solve - True  iter=2, iota=0.4698237916906018, ||grad||_inf = 4.479e-04
Solve success: True
    iota: 0.46982379169060184
    G: -3.193741627801805
Objective J: 1.080567e+06, ||∇J||: 9.938793e+05
Step size: 1.94e+00
Objective J: 1.080567e+06, ||∇J||: 9.938793e+05
Step size: 1.94e+00
BFGS solve - True  iter=44, iota=0.1912239409634266, ||grad||_inf = 9.327e-03
BFGS solve - True  iter=44, iota=0.1912239409634266, ||grad||_inf = 9.327e-03
NEWTON solve - False  iter=40, iota=0.2606784699856119, ||grad||_inf = 7.027e+04
Solve success: False
    iota: 0.26067846998561195
    G: -2.8736668440249296
/!\ /!\ Boozer surface rejected /!\ /!\
    Residual solve failed.
Consecutive failed Boozer solves: 1
Objective J: 6.644340e+05, ||∇J||: 3.444433e+05
Step size: 3.06e-01
NEWTON solve - False  iter=40, iota=0.2606784699856119, ||grad||_inf = 7.027e+04
Solve success: False
    iota: 0.26067846998561195
    G: -2.8736668440249296
/!\ /!\ Boozer surface rejected /!\ /!\
    Residual solve failed.
Consecutive failed Boozer solves: 1
Objective J: 6.644340e+05, ||∇J||: 3.444433e+05
Step size: 3.06e-01
BFGS solve - True  iter=39, iota=0.1911296944803734, ||grad||_inf = 8.285e-03
BFGS solve - True  iter=39, iota=0.1911296944803734, ||grad||_inf = 8.285e-03
NEWTON solve - True  iter=2, iota=0.2219934653148556, ||grad||_inf = 2.362e-04
Solve success: True
    iota: 0.22199346531485564
    G: -3.1937416278018045
NEWTON solve - True  iter=2, iota=0.2219934653148556, ||grad||_inf = 2.362e-04
Solve success: True
    iota: 0.22199346531485564
    G: -3.1937416278018045
Objective J: 5.914498e+05, ||∇J||: 3.774614e+05
Callback (Iteration 2): 
    iota: 0.22199346531485564
       G: -3.1937416278018045
       J: 591449.820469908
    |dJ|: 377461.3714601943
======================================================================
Step size: 3.93e+00
Objective J: 5.914498e+05, ||∇J||: 3.774614e+05
Callback (Iteration 2): 
    iota: 0.22199346531485564
       G: -3.1937416278018045
       J: 591449.820469908
    |dJ|: 377461.3714601943
======================================================================
Step size: 3.93e+00
BFGS solve - True  iter=75, iota=0.2118079098195412, ||grad||_inf = 8.607e-03
NEWTON solve - True  iter=1, iota=0.2090797523065592, ||grad||_inf = 4.144e-04
Solve success: True
    iota: 0.2090797523065592
    G: -3.1937416278018
BFGS solve - True  iter=75, iota=0.2118079098195412, ||grad||_inf = 8.607e-03
NEWTON solve - True  iter=1, iota=0.2090797523065592, ||grad||_inf = 4.144e-04
Solve success: True
    iota: 0.2090797523065592
    G: -3.1937416278018
Objective J: 1.715387e+06, ||∇J||: 9.938523e+05
Step size: 3.37e+00
Objective J: 1.715387e+06, ||∇J||: 9.938523e+05
Step size: 3.37e+00
BFGS solve - True  iter=51, iota=0.2262679298382237, ||grad||_inf = 9.994e-03
BFGS solve - True  iter=51, iota=0.2262679298382237, ||grad||_inf = 9.994e-03
NEWTON solve - False  iter=40, iota=-4013.3815490814304212, ||grad||_inf = 7.544e+09
Solve success: False
    iota: -4013.3815490814304
    G: 292.3289784194229
/!\ /!\ Boozer surface rejected /!\ /!\
    Residual solve failed.
Consecutive failed Boozer solves: 1
Objective J: 5.914498e+05, ||∇J||: 3.774614e+05
Step size: 2.82e-01
NEWTON solve - False  iter=40, iota=-4013.3815490814304212, ||grad||_inf = 7.544e+09
Solve success: False
    iota: -4013.3815490814304
    G: 292.3289784194229
/!\ /!\ Boozer surface rejected /!\ /!\
    Residual solve failed.
Consecutive failed Boozer solves: 1
Objective J: 5.914498e+05, ||∇J||: 3.774614e+05
Step size: 2.82e-01
BFGS solve - True  iter=31, iota=0.2218124060039599, ||grad||_inf = 9.616e-03
BFGS solve - True  iter=31, iota=0.2218124060039599, ||grad||_inf = 9.616e-03
NEWTON solve - True  iter=3, iota=0.2894694125451164, ||grad||_inf = 2.849e-04
Solve success: True
    iota: 0.2894694125451164
    G: -3.193741627801803
NEWTON solve - True  iter=3, iota=0.2894694125451164, ||grad||_inf = 2.849e-04
Solve success: True
    iota: 0.2894694125451164
    G: -3.193741627801803
Objective J: 5.235565e+05, ||∇J||: 3.932431e+05
Step size: 1.86e-01
Objective J: 5.235565e+05, ||∇J||: 3.932431e+05
Step size: 1.86e-01
BFGS solve - True  iter=53, iota=0.2257514103782878, ||grad||_inf = 9.803e-03
BFGS solve - True  iter=53, iota=0.2257514103782878, ||grad||_inf = 9.803e-03
NEWTON solve - True  iter=7, iota=0.2744947389908559, ||grad||_inf = 2.741e-03
Solve success: True
    iota: 0.2744947389908559
    G: -3.1937416278018036
NEWTON solve - True  iter=7, iota=0.2744947389908559, ||grad||_inf = 2.741e-03
Solve success: True
    iota: 0.2744947389908559
    G: -3.1937416278018036
Objective J: 4.840270e+05, ||∇J||: 3.727677e+05
Callback (Iteration 3): 
    iota: 0.2744947389908559
       G: -3.1937416278018036
       J: 484027.043972306
    |dJ|: 372767.6598658179
======================================================================
Step size: 1.92e+00
Objective J: 4.840270e+05, ||∇J||: 3.727677e+05
Callback (Iteration 3): 
    iota: 0.2744947389908559
       G: -3.1937416278018036
       J: 484027.043972306
    |dJ|: 372767.6598658179
======================================================================
Step size: 1.92e+00
BFGS solve - True  iter=103, iota=0.3593753080697875, ||grad||_inf = 8.848e-03
BFGS solve - True  iter=103, iota=0.3593753080697875, ||grad||_inf = 8.848e-03
NEWTON solve - True  iter=2, iota=0.3965621007102675, ||grad||_inf = 2.847e-03
Solve success: True
    iota: 0.3965621007102675
    G: -3.1937416278018045
NEWTON solve - True  iter=2, iota=0.3965621007102675, ||grad||_inf = 2.847e-03
Solve success: True
    iota: 0.3965621007102675
    G: -3.1937416278018045
Objective J: 8.283598e+05, ||∇J||: 9.937837e+05
Step size: 1.59e+00
Objective J: 8.283598e+05, ||∇J||: 9.937837e+05
Step size: 1.59e+00
BFGS solve - True  iter=54, iota=0.2822075150933179, ||grad||_inf = 9.712e-03
BFGS solve - True  iter=54, iota=0.2822075150933179, ||grad||_inf = 9.712e-03
NEWTON solve - True  iter=6, iota=0.5655596603498636, ||grad||_inf = 3.162e-03
Solve success: True
    iota: 0.5655596603498636
    G: -3.1937416278018045
NEWTON solve - True  iter=6, iota=0.5655596603498636, ||grad||_inf = 3.162e-03
Solve success: True
    iota: 0.5655596603498636
    G: -3.1937416278018045
Objective J: 4.561163e+05, ||∇J||: 6.700910e+05
Callback (Iteration 4): 
    iota: 0.5655596603498636
       G: -3.1937416278018045
       J: 456116.3339750594
    |dJ|: 670090.9956124843
======================================================================
Step size: 7.99e-01
Objective J: 4.561163e+05, ||∇J||: 6.700910e+05
Callback (Iteration 4): 
    iota: 0.5655596603498636
       G: -3.1937416278018045
       J: 456116.3339750594
    |dJ|: 670090.9956124843
======================================================================
Step size: 7.99e-01
BFGS solve - True  iter=50, iota=0.5622109334177997, ||grad||_inf = 9.890e-03
BFGS solve - True  iter=50, iota=0.5622109334177997, ||grad||_inf = 9.890e-03
NEWTON solve - True  iter=1, iota=0.5597104418882446, ||grad||_inf = 9.283e-05
Solve success: True
    iota: 0.5597104418882446
    G: -3.1937416278018036
NEWTON solve - True  iter=1, iota=0.5597104418882446, ||grad||_inf = 9.283e-05
Solve success: True
    iota: 0.5597104418882446
    G: -3.1937416278018036
Objective J: 3.690175e+05, ||∇J||: 1.533561e+05
Callback (Iteration 5): 
    iota: 0.5597104418882446
       G: -3.1937416278018036
       J: 369017.46999372664
    |dJ|: 153356.1138803916
======================================================================
Step size: 2.21e-01
Objective J: 3.690175e+05, ||∇J||: 1.533561e+05
Callback (Iteration 5): 
    iota: 0.5597104418882446
       G: -3.1937416278018036
       J: 369017.46999372664
    |dJ|: 153356.1138803916
======================================================================
Step size: 2.21e-01
BFGS solve - True  iter=34, iota=0.5582227960590916, ||grad||_inf = 8.659e-03
BFGS solve - True  iter=34, iota=0.5582227960590916, ||grad||_inf = 8.659e-03
NEWTON solve - True  iter=1, iota=0.5549024573835808, ||grad||_inf = 2.282e-04
Solve success: True
    iota: 0.5549024573835808
    G: -3.1937416278018036
NEWTON solve - True  iter=1, iota=0.5549024573835808, ||grad||_inf = 2.282e-04
Solve success: True
    iota: 0.5549024573835808
    G: -3.1937416278018036
Objective J: 3.504659e+05, ||∇J||: 1.364677e+05
Callback (Iteration 6): 
    iota: 0.5549024573835808
       G: -3.1937416278018036
       J: 350465.9384119679
    |dJ|: 136467.68153210025
======================================================================
Step size: 1.71e+00
Objective J: 3.504659e+05, ||∇J||: 1.364677e+05
Callback (Iteration 6): 
    iota: 0.5549024573835808
       G: -3.1937416278018036
       J: 350465.9384119679
    |dJ|: 136467.68153210025
======================================================================
Step size: 1.71e+00
BFGS solve - True  iter=86, iota=0.5264495878763817, ||grad||_inf = 8.734e-03
BFGS solve - True  iter=86, iota=0.5264495878763817, ||grad||_inf = 8.734e-03
NEWTON solve - True  iter=1, iota=0.5139247485106512, ||grad||_inf = 1.631e-03
Solve success: True
    iota: 0.5139247485106512
    G: -3.1937416278018036
NEWTON solve - True  iter=1, iota=0.5139247485106512, ||grad||_inf = 1.631e-03
Solve success: True
    iota: 0.5139247485106512
    G: -3.1937416278018036
Objective J: 5.451874e+05, ||∇J||: 7.271231e+05
Step size: 1.40e+00
Objective J: 5.451874e+05, ||∇J||: 7.271231e+05
Step size: 1.40e+00
BFGS solve - True  iter=39, iota=0.5531232795600221, ||grad||_inf = 9.439e-03
BFGS solve - True  iter=39, iota=0.5531232795600221, ||grad||_inf = 9.439e-03
NEWTON solve - True  iter=1, iota=0.5481107014056816, ||grad||_inf = 4.264e-04
Solve success: True
    iota: 0.5481107014056816
    G: -3.1937416278018036
NEWTON solve - True  iter=1, iota=0.5481107014056816, ||grad||_inf = 4.264e-04
Solve success: True
    iota: 0.5481107014056816
    G: -3.1937416278018036
Objective J: 3.258448e+05, ||∇J||: 1.156558e+05
Callback (Iteration 7): 
    iota: 0.5481107014056816
       G: -3.1937416278018036
       J: 325844.80628641736
    |dJ|: 115655.83257181165
======================================================================
Step size: 2.00e+00
Objective J: 3.258448e+05, ||∇J||: 1.156558e+05
Callback (Iteration 7): 
    iota: 0.5481107014056816
       G: -3.1937416278018036
       J: 325844.80628641736
    |dJ|: 115655.83257181165
======================================================================
Step size: 2.00e+00
BFGS solve - True  iter=85, iota=0.5132790198789333, ||grad||_inf = 7.776e-03
BFGS solve - True  iter=85, iota=0.5132790198789333, ||grad||_inf = 7.776e-03
NEWTON solve - True  iter=1, iota=0.4952903048095359, ||grad||_inf = 2.427e-03
Solve success: True
    iota: 0.4952903048095359
    G: -3.1937416278018023
NEWTON solve - True  iter=1, iota=0.4952903048095359, ||grad||_inf = 2.427e-03
Solve success: True
    iota: 0.4952903048095359
    G: -3.1937416278018023
Objective J: 6.717719e+05, ||∇J||: 6.919910e+05
Step size: 1.81e+00
Objective J: 6.717719e+05, ||∇J||: 6.919910e+05
Step size: 1.81e+00
BFGS solve - True  iter=33, iota=0.5468621632068508, ||grad||_inf = 8.998e-03
BFGS solve - True  iter=33, iota=0.5468621632068508, ||grad||_inf = 8.998e-03
NEWTON solve - True  iter=1, iota=0.5406940742947577, ||grad||_inf = 6.795e-04
Solve success: True
    iota: 0.5406940742947577
    G: -3.1937416278018036
NEWTON solve - True  iter=1, iota=0.5406940742947577, ||grad||_inf = 6.795e-04
Solve success: True
    iota: 0.5406940742947577
    G: -3.1937416278018036
Objective J: 3.121281e+05, ||∇J||: 1.087706e+05
Callback (Iteration 8): 
    iota: 0.5406940742947577
       G: -3.1937416278018036
       J: 312128.13142204133
    |dJ|: 108770.64211167574
======================================================================
Step size: 1.27e+00
Objective J: 3.121281e+05, ||∇J||: 1.087706e+05
Callback (Iteration 8): 
    iota: 0.5406940742947577
       G: -3.1937416278018036
       J: 312128.13142204133
    |dJ|: 108770.64211167574
======================================================================
Step size: 1.27e+00
BFGS solve - True  iter=87, iota=0.5008899355677101, ||grad||_inf = 9.820e-03
BFGS solve - True  iter=87, iota=0.5008899355677101, ||grad||_inf = 9.820e-03
NEWTON solve - True  iter=1, iota=0.4822267450509661, ||grad||_inf = 4.085e-03
Solve success: True
    iota: 0.48222674505096613
    G: -3.1937416278018054
NEWTON solve - True  iter=1, iota=0.4822267450509661, ||grad||_inf = 4.085e-03
Solve success: True
    iota: 0.48222674505096613
    G: -3.1937416278018054
Objective J: 3.792124e+05, ||∇J||: 5.495442e+05
Step size: 8.65e-01
Objective J: 3.792124e+05, ||∇J||: 5.495442e+05
Step size: 8.65e-01
BFGS solve - True  iter=43, iota=0.5376739465169718, ||grad||_inf = 9.832e-03
BFGS solve - True  iter=43, iota=0.5376739465169718, ||grad||_inf = 9.832e-03
NEWTON solve - True  iter=2, iota=0.5165516391515196, ||grad||_inf = 1.095e-04
Solve success: True
    iota: 0.5165516391515196
    G: -3.1937416278018045
NEWTON solve - True  iter=2, iota=0.5165516391515196, ||grad||_inf = 1.095e-04
Solve success: True
    iota: 0.5165516391515196
    G: -3.1937416278018045
Objective J: 2.854821e+05, ||∇J||: 2.057385e+05
Callback (Iteration 9): 
    iota: 0.5165516391515196
       G: -3.1937416278018045
       J: 285482.09361358895
    |dJ|: 205738.4539848658
======================================================================
Step size: 1.94e+00
Objective J: 2.854821e+05, ||∇J||: 2.057385e+05
Callback (Iteration 9): 
    iota: 0.5165516391515196
       G: -3.1937416278018045
       J: 285482.09361358895
    |dJ|: 205738.4539848658
======================================================================
Step size: 1.94e+00
BFGS solve - True  iter=84, iota=0.5039969379252901, ||grad||_inf = 9.959e-03
BFGS solve - True  iter=84, iota=0.5039969379252901, ||grad||_inf = 9.959e-03
NEWTON solve - True  iter=1, iota=0.4877984367464210, ||grad||_inf = 2.128e-03
Solve success: True
    iota: 0.48779843674642104
    G: -3.1937416278017934
NEWTON solve - True  iter=1, iota=0.4877984367464210, ||grad||_inf = 2.128e-03
Solve success: True
    iota: 0.48779843674642104
    G: -3.1937416278017934
Objective J: 5.383402e+05, ||∇J||: 6.850301e+05
Step size: 1.70e+00
Objective J: 5.383402e+05, ||∇J||: 6.850301e+05
Step size: 1.70e+00
BFGS solve - True  iter=28, iota=0.5158404340020681, ||grad||_inf = 9.224e-03
BFGS solve - True  iter=28, iota=0.5158404340020681, ||grad||_inf = 9.224e-03
NEWTON solve - True  iter=1, iota=0.5004335866982202, ||grad||_inf = 3.346e-03
Solve success: True
    iota: 0.5004335866982202
    G: -3.1937416278018036
NEWTON solve - True  iter=1, iota=0.5004335866982202, ||grad||_inf = 3.346e-03
Solve success: True
    iota: 0.5004335866982202
    G: -3.1937416278018036
Objective J: 2.692208e+05, ||∇J||: 1.755546e+05
Callback (Iteration 10): 
    iota: 0.5004335866982202
       G: -3.1937416278018036
       J: 269220.7877155052
    |dJ|: 175554.6015866589
======================================================================
Step size: 4.49e-01
Objective J: 2.692208e+05, ||∇J||: 1.755546e+05
Callback (Iteration 10): 
    iota: 0.5004335866982202
       G: -3.1937416278018036
       J: 269220.7877155052
    |dJ|: 175554.6015866589
======================================================================
Step size: 4.49e-01
BFGS solve - True  iter=30, iota=0.5003515697396314, ||grad||_inf = 9.091e-03
BFGS solve - True  iter=30, iota=0.5003515697396314, ||grad||_inf = 9.091e-03
NEWTON solve - True  iter=2, iota=0.4746085553356671, ||grad||_inf = 3.487e-04
Solve success: True
    iota: 0.4746085553356671
    G: -3.1937416278018045
NEWTON solve - True  iter=2, iota=0.4746085553356671, ||grad||_inf = 3.487e-04
Solve success: True
    iota: 0.4746085553356671
    G: -3.1937416278018045
Objective J: 2.391850e+05, ||∇J||: 8.681784e+04
Callback (Iteration 11): 
    iota: 0.4746085553356671
       G: -3.1937416278018045
       J: 239185.00155208167
    |dJ|: 86817.84481103376
======================================================================
Step size: 4.66e-01
Objective J: 2.391850e+05, ||∇J||: 8.681784e+04
Callback (Iteration 11): 
    iota: 0.4746085553356671
       G: -3.1937416278018045
       J: 239185.00155208167
    |dJ|: 86817.84481103376
======================================================================
Step size: 4.66e-01
BFGS solve - True  iter=38, iota=0.4752943764034070, ||grad||_inf = 9.766e-03
BFGS solve - True  iter=38, iota=0.4752943764034070, ||grad||_inf = 9.766e-03
NEWTON solve - True  iter=1, iota=0.4614838056222714, ||grad||_inf = 2.725e-03
Solve success: True
    iota: 0.46148380562227137
    G: -3.1937416278018045
NEWTON solve - True  iter=1, iota=0.4614838056222714, ||grad||_inf = 2.725e-03
Solve success: True
    iota: 0.46148380562227137
    G: -3.1937416278018045
Objective J: 2.216639e+05, ||∇J||: 7.182100e+04
Callback (Iteration 12): 
    iota: 0.46148380562227137
       G: -3.1937416278018045
       J: 221663.89128775787
    |dJ|: 71820.99962244114
======================================================================
Step size: 6.64e-01
Objective J: 2.216639e+05, ||∇J||: 7.182100e+04
Callback (Iteration 12): 
    iota: 0.46148380562227137
       G: -3.1937416278018045
       J: 221663.89128775787
    |dJ|: 71820.99962244114
======================================================================
Step size: 6.64e-01
BFGS solve - True  iter=38, iota=0.4648848886876251, ||grad||_inf = 9.891e-03
BFGS solve - True  iter=38, iota=0.4648848886876251, ||grad||_inf = 9.891e-03
NEWTON solve - True  iter=1, iota=0.4680692050775337, ||grad||_inf = 1.697e-03
Solve success: True
    iota: 0.46806920507753375
    G: -3.193741627801806
NEWTON solve - True  iter=1, iota=0.4680692050775337, ||grad||_inf = 1.697e-03
Solve success: True
    iota: 0.46806920507753375
    G: -3.193741627801806
Objective J: 1.988855e+05, ||∇J||: 5.561117e+04
Callback (Iteration 13): 
    iota: 0.46806920507753375
       G: -3.193741627801806
       J: 198885.4831557347
    |dJ|: 55611.17437755944
======================================================================
Step size: 1.82e+00
Objective J: 1.988855e+05, ||∇J||: 5.561117e+04
Callback (Iteration 13): 
    iota: 0.46806920507753375
       G: -3.193741627801806
       J: 198885.4831557347
    |dJ|: 55611.17437755944
======================================================================
Step size: 1.82e+00
BFGS solve - True  iter=92, iota=0.5105467879424493, ||grad||_inf = 9.769e-03
BFGS solve - True  iter=92, iota=0.5105467879424493, ||grad||_inf = 9.769e-03
NEWTON solve - True  iter=1, iota=0.5107403562574999, ||grad||_inf = 2.471e-04
Solve success: True
    iota: 0.5107403562574999
    G: -3.1937416278017894
NEWTON solve - True  iter=1, iota=0.5107403562574999, ||grad||_inf = 2.471e-04
Solve success: True
    iota: 0.5107403562574999
    G: -3.1937416278017894
Objective J: 2.754457e+05, ||∇J||: 7.403408e+05
Step size: 1.39e+00
Objective J: 2.754457e+05, ||∇J||: 7.403408e+05
Step size: 1.39e+00
BFGS solve - True  iter=58, iota=0.4761608633806332, ||grad||_inf = 9.464e-03
BFGS solve - True  iter=58, iota=0.4761608633806332, ||grad||_inf = 9.464e-03
NEWTON solve - True  iter=1, iota=0.4811120773157785, ||grad||_inf = 4.040e-04
Solve success: True
    iota: 0.4811120773157785
    G: -3.1937416278018063
NEWTON solve - True  iter=1, iota=0.4811120773157785, ||grad||_inf = 4.040e-04
Solve success: True
    iota: 0.4811120773157785
    G: -3.1937416278018063
Objective J: 1.857693e+05, ||∇J||: 5.679835e+04
Callback (Iteration 14): 
    iota: 0.4811120773157785
       G: -3.1937416278018063
       J: 185769.31261174649
    |dJ|: 56798.34908275076
======================================================================
Step size: 3.47e+00
Objective J: 1.857693e+05, ||∇J||: 5.679835e+04
Callback (Iteration 14): 
    iota: 0.4811120773157785
       G: -3.1937416278018063
       J: 185769.31261174649
    |dJ|: 56798.34908275076
======================================================================
Step size: 3.47e+00
BFGS solve - True  iter=82, iota=0.4738308422272196, ||grad||_inf = 9.858e-03
BFGS solve - True  iter=82, iota=0.4738308422272196, ||grad||_inf = 9.858e-03
NEWTON solve - True  iter=1, iota=0.4690119420491363, ||grad||_inf = 1.906e-04
Solve success: True
    iota: 0.4690119420491363
    G: -3.193741627801787
NEWTON solve - True  iter=1, iota=0.4690119420491363, ||grad||_inf = 1.906e-04
Solve success: True
    iota: 0.4690119420491363
    G: -3.193741627801787
Objective J: 5.698831e+05, ||∇J||: 7.493425e+05
Step size: 3.24e+00
Objective J: 5.698831e+05, ||∇J||: 7.493425e+05
Step size: 3.24e+00
BFGS solve - True  iter=27, iota=0.4821817427627441, ||grad||_inf = 9.345e-03
BFGS solve - True  iter=27, iota=0.4821817427627441, ||grad||_inf = 9.345e-03
NEWTON solve - True  iter=1, iota=0.4878948512745610, ||grad||_inf = 1.278e-03
Solve success: True
    iota: 0.487894851274561
    G: -3.1937416278017987
NEWTON solve - True  iter=1, iota=0.4878948512745610, ||grad||_inf = 1.278e-03
Solve success: True
    iota: 0.487894851274561
    G: -3.1937416278017987
Objective J: 1.790584e+05, ||∇J||: 4.793906e+04
Callback (Iteration 15): 
    iota: 0.487894851274561
       G: -3.1937416278017987
       J: 179058.41582419435
    |dJ|: 47939.06241227572
======================================================================
Step size: 2.51e+00
Objective J: 1.790584e+05, ||∇J||: 4.793906e+04
Callback (Iteration 15): 
    iota: 0.487894851274561
       G: -3.1937416278017987
       J: 179058.41582419435
    |dJ|: 47939.06241227572
======================================================================
Step size: 2.51e+00
BFGS solve - True  iter=78, iota=0.4899650696126070, ||grad||_inf = 9.597e-03
BFGS solve - True  iter=78, iota=0.4899650696126070, ||grad||_inf = 9.597e-03
NEWTON solve - True  iter=1, iota=0.4903163579223521, ||grad||_inf = 8.869e-04
Solve success: True
    iota: 0.49031635792235206
    G: -3.193741627801802
NEWTON solve - True  iter=1, iota=0.4903163579223521, ||grad||_inf = 8.869e-04
Solve success: True
    iota: 0.49031635792235206
    G: -3.193741627801802
Objective J: 4.206423e+05, ||∇J||: 7.492029e+05
Step size: 2.35e+00
Objective J: 4.206423e+05, ||∇J||: 7.492029e+05
Step size: 2.35e+00
BFGS solve - True  iter=26, iota=0.4883864098267279, ||grad||_inf = 9.000e-03
BFGS solve - True  iter=26, iota=0.4883864098267279, ||grad||_inf = 9.000e-03
NEWTON solve - True  iter=1, iota=0.4930931224562047, ||grad||_inf = 1.274e-03
Solve success: True
    iota: 0.49309312245620474
    G: -3.193741627801804
NEWTON solve - True  iter=1, iota=0.4930931224562047, ||grad||_inf = 1.274e-03
Solve success: True
    iota: 0.49309312245620474
    G: -3.193741627801804
Objective J: 1.749201e+05, ||∇J||: 7.657378e+04
Callback (Iteration 16): 
    iota: 0.49309312245620474
       G: -3.193741627801804
       J: 174920.13426985353
    |dJ|: 76573.78254237636
======================================================================
Step size: 5.50e-01
Objective J: 1.749201e+05, ||∇J||: 7.657378e+04
Callback (Iteration 16): 
    iota: 0.49309312245620474
       G: -3.193741627801804
       J: 174920.13426985353
    |dJ|: 76573.78254237636
======================================================================
Step size: 5.50e-01
BFGS solve - True  iter=77, iota=0.5051159358950459, ||grad||_inf = 9.693e-03
BFGS solve - True  iter=77, iota=0.5051159358950459, ||grad||_inf = 9.693e-03
NEWTON solve - True  iter=1, iota=0.5063239170121467, ||grad||_inf = 4.434e-04
Solve success: True
    iota: 0.5063239170121467
    G: -3.193741627801812
NEWTON solve - True  iter=1, iota=0.5063239170121467, ||grad||_inf = 4.434e-04
Solve success: True
    iota: 0.5063239170121467
    G: -3.193741627801812
Objective J: 1.635680e+05, ||∇J||: 3.797434e+05
Callback (Iteration 17): 
    iota: 0.5063239170121467
       G: -3.193741627801812
       J: 163567.96310624882
    |dJ|: 379743.36756997055
======================================================================
Step size: 1.29e+00
Objective J: 1.635680e+05, ||∇J||: 3.797434e+05
Callback (Iteration 17): 
    iota: 0.5063239170121467
       G: -3.193741627801812
       J: 163567.96310624882
    |dJ|: 379743.36756997055
======================================================================
Step size: 1.29e+00
BFGS solve - True  iter=78, iota=0.5111905553152316, ||grad||_inf = 9.559e-03
BFGS solve - True  iter=78, iota=0.5111905553152316, ||grad||_inf = 9.559e-03
NEWTON solve - True  iter=1, iota=0.5122071530928622, ||grad||_inf = 1.838e-04
Solve success: True
    iota: 0.5122071530928622
    G: -3.1937416278019666
NEWTON solve - True  iter=1, iota=0.5122071530928622, ||grad||_inf = 1.838e-04
Solve success: True
    iota: 0.5122071530928622
    G: -3.1937416278019666
Objective J: 1.484273e+05, ||∇J||: 7.129352e+05
Callback (Iteration 18): 
    iota: 0.5122071530928622
       G: -3.1937416278019666
       J: 148427.2769074424
    |dJ|: 712935.246427347
======================================================================
Step size: 6.35e-01
Objective J: 1.484273e+05, ||∇J||: 7.129352e+05
Callback (Iteration 18): 
    iota: 0.5122071530928622
       G: -3.1937416278019666
       J: 148427.2769074424
    |dJ|: 712935.246427347
======================================================================
Step size: 6.35e-01
BFGS solve - True  iter=37, iota=0.5115450223711253, ||grad||_inf = 7.870e-03
BFGS solve - True  iter=37, iota=0.5115450223711253, ||grad||_inf = 7.870e-03
NEWTON solve - True  iter=1, iota=0.5096407551869609, ||grad||_inf = 2.699e-05
Solve success: True
    iota: 0.509640755186961
    G: -3.1937416277992368
NEWTON solve - True  iter=1, iota=0.5096407551869609, ||grad||_inf = 2.699e-05
Solve success: True
    iota: 0.509640755186961
    G: -3.1937416277992368
Objective J: 1.322746e+05, ||∇J||: 1.637222e+05
Callback (Iteration 19): 
    iota: 0.509640755186961
       G: -3.1937416277992368
       J: 132274.58153103854
    |dJ|: 163722.18707037135
======================================================================
Step size: 2.84e-01
Objective J: 1.322746e+05, ||∇J||: 1.637222e+05
Callback (Iteration 19): 
    iota: 0.509640755186961
       G: -3.1937416277992368
       J: 132274.58153103854
    |dJ|: 163722.18707037135
======================================================================
Step size: 2.84e-01
BFGS solve - True  iter=34, iota=0.5094147549091173, ||grad||_inf = 9.469e-03
BFGS solve - True  iter=34, iota=0.5094147549091173, ||grad||_inf = 9.469e-03
NEWTON solve - True  iter=1, iota=0.5087892363027140, ||grad||_inf = 1.132e-05
Solve success: True
    iota: 0.508789236302714
    G: -3.193741627798241
NEWTON solve - True  iter=1, iota=0.5087892363027140, ||grad||_inf = 1.132e-05
Solve success: True
    iota: 0.508789236302714
    G: -3.193741627798241
Objective J: 1.291923e+05, ||∇J||: 4.404821e+04
Callback (Iteration 20): 
    iota: 0.508789236302714
       G: -3.193741627798241
       J: 129192.30210782806
    |dJ|: 44048.20868470212
======================================================================
Step size: 2.75e-01
Objective J: 1.291923e+05, ||∇J||: 4.404821e+04
Callback (Iteration 20): 
    iota: 0.508789236302714
       G: -3.193741627798241
       J: 129192.30210782806
    |dJ|: 44048.20868470212
======================================================================
Step size: 2.75e-01
BFGS solve - True  iter=5, iota=0.5087840189971093, ||grad||_inf = 7.176e-03
BFGS solve - True  iter=5, iota=0.5087840189971093, ||grad||_inf = 7.176e-03
NEWTON solve - True  iter=1, iota=0.5071163809315788, ||grad||_inf = 1.463e-04
Solve success: True
    iota: 0.5071163809315788
    G: -3.1937416278064656
NEWTON solve - True  iter=1, iota=0.5071163809315788, ||grad||_inf = 1.463e-04
Solve success: True
    iota: 0.5071163809315788
    G: -3.1937416278064656
Objective J: 1.277430e+05, ||∇J||: 6.662590e+04
Callback (Iteration 21): 
    iota: 0.5071163809315788
       G: -3.1937416278064656
       J: 127743.01462506973
    |dJ|: 66625.90428487098
======================================================================
Step size: 5.82e-01
Objective J: 1.277430e+05, ||∇J||: 6.662590e+04
Callback (Iteration 21): 
    iota: 0.5071163809315788
       G: -3.1937416278064656
       J: 127743.01462506973
    |dJ|: 66625.90428487098
======================================================================
Step size: 5.82e-01
BFGS solve - True  iter=29, iota=0.5065619507996099, ||grad||_inf = 7.900e-03
BFGS solve - True  iter=29, iota=0.5065619507996099, ||grad||_inf = 7.900e-03
NEWTON solve - True  iter=1, iota=0.5038640449161091, ||grad||_inf = 9.404e-04
Solve success: True
    iota: 0.5038640449161091
    G: -3.1937416278034796
NEWTON solve - True  iter=1, iota=0.5038640449161091, ||grad||_inf = 9.404e-04
Solve success: True
    iota: 0.5038640449161091
    G: -3.1937416278034796
Objective J: 1.217610e+05, ||∇J||: 5.941300e+04
Callback (Iteration 22): 
    iota: 0.5038640449161091
       G: -3.1937416278034796
       J: 121760.95863272213
    |dJ|: 59413.0027835204
======================================================================
Step size: 4.37e+00
Objective J: 1.217610e+05, ||∇J||: 5.941300e+04
Callback (Iteration 22): 
    iota: 0.5038640449161091
       G: -3.1937416278034796
       J: 121760.95863272213
    |dJ|: 59413.0027835204
======================================================================
Step size: 4.37e+00
BFGS solve - True  iter=99, iota=0.4563374854440189, ||grad||_inf = 9.945e-03
BFGS solve - True  iter=99, iota=0.4563374854440189, ||grad||_inf = 9.945e-03
NEWTON solve - True  iter=2, iota=0.4269634099943335, ||grad||_inf = 4.629e-04
Solve success: True
    iota: 0.42696340999433346
    G: -3.193741627801805
NEWTON solve - True  iter=2, iota=0.4269634099943335, ||grad||_inf = 4.629e-04
Solve success: True
    iota: 0.42696340999433346
    G: -3.193741627801805
Objective J: 2.631323e+05, ||∇J||: 5.242248e+05
Step size: 3.96e+00
Objective J: 2.631323e+05, ||∇J||: 5.242248e+05
Step size: 3.96e+00
BFGS solve - True  iter=30, iota=0.5035523023498927, ||grad||_inf = 9.741e-03
BFGS solve - True  iter=30, iota=0.5035523023498927, ||grad||_inf = 9.741e-03
NEWTON solve - True  iter=1, iota=0.5012813167828050, ||grad||_inf = 6.122e-04
Solve success: True
    iota: 0.501281316782805
    G: -3.1937416278016664
NEWTON solve - True  iter=1, iota=0.5012813167828050, ||grad||_inf = 6.122e-04
Solve success: True
    iota: 0.501281316782805
    G: -3.1937416278016664
Objective J: 1.171322e+05, ||∇J||: 5.697567e+04
Step size: 1.54e+00
Objective J: 1.171322e+05, ||∇J||: 5.697567e+04
Step size: 1.54e+00
BFGS solve - True  iter=87, iota=0.4875375306149435, ||grad||_inf = 9.876e-03
BFGS solve - True  iter=87, iota=0.4875375306149435, ||grad||_inf = 9.876e-03
NEWTON solve - True  iter=1, iota=0.4792434665068037, ||grad||_inf = 7.575e-04
Solve success: True
    iota: 0.4792434665068037
    G: -3.1937416278018143
NEWTON solve - True  iter=1, iota=0.4792434665068037, ||grad||_inf = 7.575e-04
Solve success: True
    iota: 0.4792434665068037
    G: -3.1937416278018143
Objective J: 1.320503e+05, ||∇J||: 2.619986e+05
Step size: 1.04e+00
Objective J: 1.320503e+05, ||∇J||: 2.619986e+05
Step size: 1.04e+00
BFGS solve - True  iter=60, iota=0.5012738687771622, ||grad||_inf = 9.781e-03
BFGS solve - True  iter=60, iota=0.5012738687771622, ||grad||_inf = 9.781e-03
NEWTON solve - True  iter=1, iota=0.4969007296138681, ||grad||_inf = 9.729e-04
Solve success: True
    iota: 0.49690072961386805
    G: -3.193741627801824
NEWTON solve - True  iter=1, iota=0.4969007296138681, ||grad||_inf = 9.729e-04
Solve success: True
    iota: 0.49690072961386805
    G: -3.193741627801824
Objective J: 1.126111e+05, ||∇J||: 5.330023e+04
Callback (Iteration 23): 
    iota: 0.49690072961386805
       G: -3.193741627801824
       J: 112611.0641896514
    |dJ|: 53300.22984119936
======================================================================
Step size: 3.71e+00
Objective J: 1.126111e+05, ||∇J||: 5.330023e+04
Callback (Iteration 23): 
    iota: 0.49690072961386805
       G: -3.193741627801824
       J: 112611.0641896514
    |dJ|: 53300.22984119936
======================================================================
Step size: 3.71e+00
BFGS solve - True  iter=93, iota=0.4611072024434462, ||grad||_inf = 9.684e-03
BFGS solve - True  iter=93, iota=0.4611072024434462, ||grad||_inf = 9.684e-03
NEWTON solve - True  iter=1, iota=0.4527720790065360, ||grad||_inf = 8.609e-04
Solve success: True
    iota: 0.45277207900653604
    G: -3.193741627801804
NEWTON solve - True  iter=1, iota=0.4527720790065360, ||grad||_inf = 8.609e-04
Solve success: True
    iota: 0.45277207900653604
    G: -3.193741627801804
Objective J: 3.436143e+05, ||∇J||: 9.419557e+05
Step size: 3.50e+00
Objective J: 3.436143e+05, ||∇J||: 9.419557e+05
Step size: 3.50e+00
BFGS solve - True  iter=22, iota=0.4969782365604231, ||grad||_inf = 9.536e-03
BFGS solve - True  iter=22, iota=0.4969782365604231, ||grad||_inf = 9.536e-03
NEWTON solve - True  iter=1, iota=0.4966500158565781, ||grad||_inf = 1.960e-04
Solve success: True
    iota: 0.49665001585657814
    G: -3.1937416278016593
NEWTON solve - True  iter=1, iota=0.4966500158565781, ||grad||_inf = 1.960e-04
Solve success: True
    iota: 0.49665001585657814
    G: -3.1937416278016593
Objective J: 1.098089e+05, ||∇J||: 5.147673e+04
Callback (Iteration 24): 
    iota: 0.49665001585657814
       G: -3.1937416278016593
       J: 109808.94176518515
    |dJ|: 51476.73070638308
======================================================================
Step size: 3.54e-01
Objective J: 1.098089e+05, ||∇J||: 5.147673e+04
Callback (Iteration 24): 
    iota: 0.49665001585657814
       G: -3.1937416278016593
       J: 109808.94176518515
    |dJ|: 51476.73070638308
======================================================================
Step size: 3.54e-01
BFGS solve - True  iter=37, iota=0.4977631811904183, ||grad||_inf = 9.938e-03
BFGS solve - True  iter=37, iota=0.4977631811904183, ||grad||_inf = 9.938e-03
NEWTON solve - True  iter=1, iota=0.5027006845467098, ||grad||_inf = 1.614e-03
Solve success: True
    iota: 0.5027006845467098
    G: -3.193741627801795
NEWTON solve - True  iter=1, iota=0.5027006845467098, ||grad||_inf = 1.614e-03
Solve success: True
    iota: 0.5027006845467098
    G: -3.193741627801795
Objective J: 1.028353e+05, ||∇J||: 1.835474e+05
Callback (Iteration 25): 
    iota: 0.5027006845467098
       G: -3.193741627801795
       J: 102835.29924554113
    |dJ|: 183547.40367262415
======================================================================
Step size: 1.54e+00
Objective J: 1.028353e+05, ||∇J||: 1.835474e+05
Callback (Iteration 25): 
    iota: 0.5027006845467098
       G: -3.193741627801795
       J: 102835.29924554113
    |dJ|: 183547.40367262415
======================================================================
Step size: 1.54e+00
BFGS solve - True  iter=56, iota=0.5060075029068627, ||grad||_inf = 8.838e-03
BFGS solve - True  iter=56, iota=0.5060075029068627, ||grad||_inf = 8.838e-03
NEWTON solve - True  iter=1, iota=0.5115395999774524, ||grad||_inf = 1.677e-04
Solve success: True
    iota: 0.5115395999774524
    G: -3.193741627801509
NEWTON solve - True  iter=1, iota=0.5115395999774524, ||grad||_inf = 1.677e-04
Solve success: True
    iota: 0.5115395999774524
    G: -3.193741627801509
Objective J: 1.151827e+05, ||∇J||: 5.173681e+05
Step size: 1.05e+00
Objective J: 1.151827e+05, ||∇J||: 5.173681e+05
Step size: 1.05e+00
BFGS solve - True  iter=70, iota=0.5060230945579928, ||grad||_inf = 9.367e-03
BFGS solve - True  iter=70, iota=0.5060230945579928, ||grad||_inf = 9.367e-03
NEWTON solve - True  iter=1, iota=0.5066654614416662, ||grad||_inf = 1.038e-05
Solve success: True
    iota: 0.5066654614416662
    G: -3.1937416272220607
NEWTON solve - True  iter=1, iota=0.5066654614416662, ||grad||_inf = 1.038e-05
Solve success: True
    iota: 0.5066654614416662
    G: -3.1937416272220607
Objective J: 9.652690e+04, ||∇J||: 1.126026e+05
Callback (Iteration 26): 
    iota: 0.5066654614416662
       G: -3.1937416272220607
       J: 96526.89874191333
    |dJ|: 112602.59703184034
======================================================================
Step size: 4.15e-01
Objective J: 9.652690e+04, ||∇J||: 1.126026e+05
Callback (Iteration 26): 
    iota: 0.5066654614416662
       G: -3.1937416272220607
       J: 96526.89874191333
    |dJ|: 112602.59703184034
======================================================================
Step size: 4.15e-01
BFGS solve - True  iter=64, iota=0.5059943956757932, ||grad||_inf = 8.347e-03
BFGS solve - True  iter=64, iota=0.5059943956757932, ||grad||_inf = 8.347e-03
NEWTON solve - True  iter=1, iota=0.5045193206897840, ||grad||_inf = 2.959e-04
Solve success: True
    iota: 0.504519320689784
    G: -3.1937437688852803
NEWTON solve - True  iter=1, iota=0.5045193206897840, ||grad||_inf = 2.959e-04
Solve success: True
    iota: 0.504519320689784
    G: -3.1937437688852803
Objective J: 8.993052e+04, ||∇J||: 3.192366e+04
Callback (Iteration 27): 
    iota: 0.504519320689784
       G: -3.1937437688852803
       J: 89930.5228531642
    |dJ|: 31923.664374221917
======================================================================
Step size: 6.00e-01
Objective J: 8.993052e+04, ||∇J||: 3.192366e+04
Callback (Iteration 27): 
    iota: 0.504519320689784
       G: -3.1937437688852803
       J: 89930.5228531642
    |dJ|: 31923.664374221917
======================================================================
Step size: 6.00e-01
BFGS solve - True  iter=99, iota=0.5150266238910259, ||grad||_inf = 9.345e-03
BFGS solve - True  iter=99, iota=0.5150266238910259, ||grad||_inf = 9.345e-03
NEWTON solve - True  iter=1, iota=0.5118703079959466, ||grad||_inf = 7.726e-04
Solve success: True
    iota: 0.5118703079959466
    G: -3.1937416277999384
NEWTON solve - True  iter=1, iota=0.5118703079959466, ||grad||_inf = 7.726e-04
Solve success: True
    iota: 0.5118703079959466
    G: -3.1937416277999384
Objective J: 8.655958e+04, ||∇J||: 1.437922e+05
Step size: 3.36e-01
Objective J: 8.655958e+04, ||∇J||: 1.437922e+05
Step size: 3.36e-01
BFGS solve - True  iter=84, iota=0.5117480673069956, ||grad||_inf = 9.092e-03
BFGS solve - True  iter=84, iota=0.5117480673069956, ||grad||_inf = 9.092e-03
NEWTON solve - True  iter=1, iota=0.5105749484939515, ||grad||_inf = 6.979e-04
Solve success: True
    iota: 0.5105749484939515
    G: -3.1937416250271347
NEWTON solve - True  iter=1, iota=0.5105749484939515, ||grad||_inf = 6.979e-04
Solve success: True
    iota: 0.5105749484939515
    G: -3.1937416250271347
Objective J: 8.750535e+04, ||∇J||: 3.107109e+04
Callback (Iteration 28): 
    iota: 0.5105749484939515
       G: -3.1937416250271347
       J: 87505.35288266763
    |dJ|: 31071.094679485697
======================================================================
Step size: 1.72e+00
Objective J: 8.750535e+04, ||∇J||: 3.107109e+04
Callback (Iteration 28): 
    iota: 0.5105749484939515
       G: -3.1937416250271347
       J: 87505.35288266763
    |dJ|: 31071.094679485697
======================================================================
Step size: 1.72e+00
BFGS solve - True  iter=65, iota=0.5101863412651054, ||grad||_inf = 9.964e-03
BFGS solve - True  iter=65, iota=0.5101863412651054, ||grad||_inf = 9.964e-03
NEWTON solve - True  iter=1, iota=0.5087134204040528, ||grad||_inf = 1.648e-03
Solve success: True
    iota: 0.5087134204040528
    G: -3.193741627806089
NEWTON solve - True  iter=1, iota=0.5087134204040528, ||grad||_inf = 1.648e-03
Solve success: True
    iota: 0.5087134204040528
    G: -3.193741627806089
Objective J: 1.953095e+05, ||∇J||: 6.944081e+05
Step size: 1.62e+00
Objective J: 1.953095e+05, ||∇J||: 6.944081e+05
Step size: 1.62e+00
BFGS solve - True  iter=29, iota=0.5106783190092791, ||grad||_inf = 9.200e-03
BFGS solve - True  iter=29, iota=0.5106783190092791, ||grad||_inf = 9.200e-03
NEWTON solve - True  iter=1, iota=0.5110658976185097, ||grad||_inf = 8.269e-04
Solve success: True
    iota: 0.5110658976185097
    G: -3.1937416276544037
NEWTON solve - True  iter=1, iota=0.5110658976185097, ||grad||_inf = 8.269e-04
Solve success: True
    iota: 0.5110658976185097
    G: -3.1937416276544037
Objective J: 8.590710e+04, ||∇J||: 3.156659e+04
Step size: 3.77e-01
Objective J: 8.590710e+04, ||∇J||: 3.156659e+04
Step size: 3.77e-01
BFGS solve - True  iter=64, iota=0.5119813106823625, ||grad||_inf = 8.523e-03
BFGS solve - True  iter=64, iota=0.5119813106823625, ||grad||_inf = 8.523e-03
NEWTON solve - True  iter=1, iota=0.5117783549605690, ||grad||_inf = 1.729e-04
Solve success: True
    iota: 0.511778354960569
    G: -3.193741627801122
NEWTON solve - True  iter=1, iota=0.5117783549605690, ||grad||_inf = 1.729e-04
Solve success: True
    iota: 0.511778354960569
    G: -3.193741627801122
Objective J: 8.971138e+04, ||∇J||: 5.033844e+05
Step size: 2.37e-01
Objective J: 8.971138e+04, ||∇J||: 5.033844e+05
Step size: 2.37e-01
BFGS solve - True  iter=60, iota=0.5114058107216412, ||grad||_inf = 9.734e-03
BFGS solve - True  iter=60, iota=0.5114058107216412, ||grad||_inf = 9.734e-03
NEWTON solve - True  iter=1, iota=0.5114950500636637, ||grad||_inf = 2.982e-04
Solve success: True
    iota: 0.5114950500636637
    G: -3.1937416277959527
NEWTON solve - True  iter=1, iota=0.5114950500636637, ||grad||_inf = 2.982e-04
Solve success: True
    iota: 0.5114950500636637
    G: -3.1937416277959527
Objective J: 8.429434e+04, ||∇J||: 6.090562e+04
Callback (Iteration 29): 
    iota: 0.5114950500636637
       G: -3.1937416277959527
       J: 84294.3397416784
    |dJ|: 60905.62258645435
======================================================================
Step size: 5.34e-01
Objective J: 8.429434e+04, ||∇J||: 6.090562e+04
Callback (Iteration 29): 
    iota: 0.5114950500636637
       G: -3.1937416277959527
       J: 84294.3397416784
    |dJ|: 60905.62258645435
======================================================================
Step size: 5.34e-01
BFGS solve - True  iter=26, iota=0.5114057339884879, ||grad||_inf = 9.155e-03
BFGS solve - True  iter=26, iota=0.5114057339884879, ||grad||_inf = 9.155e-03
NEWTON solve - True  iter=1, iota=0.5102890312030420, ||grad||_inf = 4.069e-04
Solve success: True
    iota: 0.510289031203042
    G: -3.1937416278010424
NEWTON solve - True  iter=1, iota=0.5102890312030420, ||grad||_inf = 4.069e-04
Solve success: True
    iota: 0.510289031203042
    G: -3.1937416278010424
Objective J: 7.987029e+04, ||∇J||: 3.331867e+05
Callback (Iteration 30): 
    iota: 0.510289031203042
       G: -3.1937416278010424
       J: 79870.29293751287
    |dJ|: 333186.6890441163
======================================================================
Step size: 9.33e-01
Objective J: 7.987029e+04, ||∇J||: 3.331867e+05
Callback (Iteration 30): 
    iota: 0.510289031203042
       G: -3.1937416278010424
       J: 79870.29293751287
    |dJ|: 333186.6890441163
======================================================================
Step size: 9.33e-01
BFGS solve - True  iter=37, iota=0.5096555600215118, ||grad||_inf = 7.264e-03
BFGS solve - True  iter=37, iota=0.5096555600215118, ||grad||_inf = 7.264e-03
NEWTON solve - True  iter=1, iota=0.5072214236510197, ||grad||_inf = 3.932e-04
Solve success: True
    iota: 0.5072214236510197
    G: -3.1937416278002257
NEWTON solve - True  iter=1, iota=0.5072214236510197, ||grad||_inf = 3.932e-04
Solve success: True
    iota: 0.5072214236510197
    G: -3.1937416278002257
Objective J: 8.374973e+04, ||∇J||: 6.976932e+04
Step size: 6.24e-01
Objective J: 8.374973e+04, ||∇J||: 6.976932e+04
Step size: 6.24e-01
BFGS solve - True  iter=24, iota=0.5102031964644296, ||grad||_inf = 8.960e-03
BFGS solve - True  iter=24, iota=0.5102031964644296, ||grad||_inf = 8.960e-03
NEWTON solve - True  iter=1, iota=0.5092540929993913, ||grad||_inf = 6.724e-05
Solve success: True
    iota: 0.5092540929993913
    G: -3.19374162780067
NEWTON solve - True  iter=1, iota=0.5092540929993913, ||grad||_inf = 6.724e-05
Solve success: True
    iota: 0.5092540929993913
    G: -3.19374162780067
Objective J: 7.676602e+04, ||∇J||: 1.234987e+05
Callback (Iteration 31): 
    iota: 0.5092540929993913
       G: -3.19374162780067
       J: 76766.01753937881
    |dJ|: 123498.71772238928
======================================================================
Step size: 6.36e-01
Objective J: 7.676602e+04, ||∇J||: 1.234987e+05
Callback (Iteration 31): 
    iota: 0.5092540929993913
       G: -3.19374162780067
       J: 76766.01753937881
    |dJ|: 123498.71772238928
======================================================================
Step size: 6.36e-01
BFGS solve - True  iter=31, iota=0.5093845447137461, ||grad||_inf = 9.454e-03
BFGS solve - True  iter=31, iota=0.5093845447137461, ||grad||_inf = 9.454e-03
NEWTON solve - True  iter=1, iota=0.5101118518889926, ||grad||_inf = 1.271e-04
Solve success: True
    iota: 0.5101118518889926
    G: -3.1937416277964608
NEWTON solve - True  iter=1, iota=0.5101118518889926, ||grad||_inf = 1.271e-04
Solve success: True
    iota: 0.5101118518889926
    G: -3.1937416277964608
Objective J: 7.447568e+04, ||∇J||: 2.191733e+05
Callback (Iteration 32): 
    iota: 0.5101118518889926
       G: -3.1937416277964608
       J: 74475.6798029219
    |dJ|: 219173.28093368234
======================================================================
Step size: 1.71e+00
Objective J: 7.447568e+04, ||∇J||: 2.191733e+05
Callback (Iteration 32): 
    iota: 0.5101118518889926
       G: -3.1937416277964608
       J: 74475.6798029219
    |dJ|: 219173.28093368234
======================================================================
Step size: 1.71e+00
BFGS solve - True  iter=56, iota=0.5046112647250360, ||grad||_inf = 9.935e-03
BFGS solve - True  iter=56, iota=0.5046112647250360, ||grad||_inf = 9.935e-03
NEWTON solve - True  iter=1, iota=0.4968131184802619, ||grad||_inf = 2.814e-04
Solve success: True
    iota: 0.4968131184802619
    G: -3.193741627835867
NEWTON solve - True  iter=1, iota=0.4968131184802619, ||grad||_inf = 2.814e-04
Solve success: True
    iota: 0.4968131184802619
    G: -3.193741627835867
Objective J: 1.425056e+05, ||∇J||: 7.381779e+05
Step size: 1.44e+00
Objective J: 1.425056e+05, ||∇J||: 7.381779e+05
Step size: 1.44e+00
BFGS solve - True  iter=36, iota=0.5098748324851009, ||grad||_inf = 9.029e-03
BFGS solve - True  iter=36, iota=0.5098748324851009, ||grad||_inf = 9.029e-03
NEWTON solve - True  iter=1, iota=0.5090547173512305, ||grad||_inf = 1.539e-04
Solve success: True
    iota: 0.5090547173512305
    G: -3.193741627750788
NEWTON solve - True  iter=1, iota=0.5090547173512305, ||grad||_inf = 1.539e-04
Solve success: True
    iota: 0.5090547173512305
    G: -3.193741627750788
Objective J: 7.517199e+04, ||∇J||: 5.855890e+05
Step size: 1.53e-01
Objective J: 7.517199e+04, ||∇J||: 5.855890e+05
Step size: 1.53e-01
BFGS solve - True  iter=30, iota=0.5100412198411088, ||grad||_inf = 8.193e-03
BFGS solve - True  iter=30, iota=0.5100412198411088, ||grad||_inf = 8.193e-03
NEWTON solve - True  iter=1, iota=0.5097836713772239, ||grad||_inf = 2.673e-05
Solve success: True
    iota: 0.5097836713772239
    G: -3.193741627790087
NEWTON solve - True  iter=1, iota=0.5097836713772239, ||grad||_inf = 2.673e-05
Solve success: True
    iota: 0.5097836713772239
    G: -3.193741627790087
Objective J: 7.180794e+04, ||∇J||: 3.166139e+05
Callback (Iteration 33): 
    iota: 0.5097836713772239
       G: -3.193741627790087
       J: 71807.94352758612
    |dJ|: 316613.94380034757
======================================================================
Step size: 7.50e-01
Objective J: 7.180794e+04, ||∇J||: 3.166139e+05
Callback (Iteration 33): 
    iota: 0.5097836713772239
       G: -3.193741627790087
       J: 71807.94352758612
    |dJ|: 316613.94380034757
======================================================================
Step size: 7.50e-01
BFGS solve - True  iter=70, iota=0.5060290939864042, ||grad||_inf = 9.253e-03
BFGS solve - True  iter=70, iota=0.5060290939864042, ||grad||_inf = 9.253e-03
NEWTON solve - True  iter=1, iota=0.5052584255795773, ||grad||_inf = 3.761e-05
Solve success: True
    iota: 0.5052584255795773
    G: -3.1937418178757815
NEWTON solve - True  iter=1, iota=0.5052584255795773, ||grad||_inf = 3.761e-05
Solve success: True
    iota: 0.5052584255795773
    G: -3.1937418178757815
Objective J: 7.305331e+04, ||∇J||: 3.400240e+04
Step size: 4.84e-01
Objective J: 7.305331e+04, ||∇J||: 3.400240e+04
Step size: 4.84e-01
BFGS solve - True  iter=28, iota=0.5096747521956915, ||grad||_inf = 8.899e-03
BFGS solve - True  iter=28, iota=0.5096747521956915, ||grad||_inf = 8.899e-03
NEWTON solve - True  iter=1, iota=0.5091119123818488, ||grad||_inf = 3.002e-04
Solve success: True
    iota: 0.5091119123818488
    G: -3.193741627748789
NEWTON solve - True  iter=1, iota=0.5091119123818488, ||grad||_inf = 3.002e-04
Solve success: True
    iota: 0.5091119123818488
    G: -3.193741627748789
Objective J: 6.834942e+04, ||∇J||: 3.113571e+04
Callback (Iteration 34): 
    iota: 0.5091119123818488
       G: -3.193741627748789
       J: 68349.421284198
    |dJ|: 31135.71490081479
======================================================================
Step size: 1.64e-01
BFGS solve - True  iter=1, iota=0.5091118620754181, ||grad||_inf = 7.507e-03
Objective J: 6.834942e+04, ||∇J||: 3.113571e+04
Callback (Iteration 34): 
    iota: 0.5091119123818488
       G: -3.193741627748789
       J: 68349.421284198
    |dJ|: 31135.71490081479
======================================================================
Step size: 1.64e-01
BFGS solve - True  iter=1, iota=0.5091118620754181, ||grad||_inf = 7.507e-03
NEWTON solve - True  iter=1, iota=0.5085632176036526, ||grad||_inf = 4.391e-05
Solve success: True
    iota: 0.5085632176036526
    G: -3.1937416277426185
NEWTON solve - True  iter=1, iota=0.5085632176036526, ||grad||_inf = 4.391e-05
Solve success: True
    iota: 0.5085632176036526
    G: -3.1937416277426185
Objective J: 6.718869e+04, ||∇J||: 3.294413e+04
Callback (Iteration 35): 
    iota: 0.5085632176036526
       G: -3.1937416277426185
       J: 67188.68588416827
    |dJ|: 32944.126580358774
======================================================================
Step size: 1.49e+00
Objective J: 6.718869e+04, ||∇J||: 3.294413e+04
Callback (Iteration 35): 
    iota: 0.5085632176036526
       G: -3.1937416277426185
       J: 67188.68588416827
    |dJ|: 32944.126580358774
======================================================================
Step size: 1.49e+00
BFGS solve - True  iter=48, iota=0.5071774012685407, ||grad||_inf = 8.748e-03
BFGS solve - True  iter=48, iota=0.5071774012685407, ||grad||_inf = 8.748e-03
NEWTON solve - True  iter=1, iota=0.5058381210861965, ||grad||_inf = 4.150e-04
Solve success: True
    iota: 0.5058381210861965
    G: -3.193741627685409
NEWTON solve - True  iter=1, iota=0.5058381210861965, ||grad||_inf = 4.150e-04
Solve success: True
    iota: 0.5058381210861965
    G: -3.193741627685409
Objective J: 8.876975e+04, ||∇J||: 6.131294e+05
Step size: 1.11e+00
Objective J: 8.876975e+04, ||∇J||: 6.131294e+05
Step size: 1.11e+00
BFGS solve - True  iter=25, iota=0.5083859196218844, ||grad||_inf = 9.960e-03
BFGS solve - True  iter=25, iota=0.5083859196218844, ||grad||_inf = 9.960e-03
NEWTON solve - True  iter=1, iota=0.5077430746711927, ||grad||_inf = 3.390e-05
Solve success: True
    iota: 0.5077430746711927
    G: -3.1937416276477193
NEWTON solve - True  iter=1, iota=0.5077430746711927, ||grad||_inf = 3.390e-05
Solve success: True
    iota: 0.5077430746711927
    G: -3.1937416276477193
Objective J: 6.394731e+04, ||∇J||: 3.399033e+04
Callback (Iteration 36): 
    iota: 0.5077430746711927
       G: -3.1937416276477193
       J: 63947.30674005974
    |dJ|: 33990.330280342576
======================================================================
Step size: 3.08e+00
Objective J: 6.394731e+04, ||∇J||: 3.399033e+04
Callback (Iteration 36): 
    iota: 0.5077430746711927
       G: -3.1937416276477193
       J: 63947.30674005974
    |dJ|: 33990.330280342576
======================================================================
Step size: 3.08e+00
BFGS solve - True  iter=58, iota=0.5012819988356647, ||grad||_inf = 8.473e-03
BFGS solve - True  iter=58, iota=0.5012819988356647, ||grad||_inf = 8.473e-03
NEWTON solve - True  iter=1, iota=0.4954482999427269, ||grad||_inf = 2.415e-04
Solve success: True
    iota: 0.4954482999427269
    G: -3.1937416278009167
NEWTON solve - True  iter=1, iota=0.4954482999427269, ||grad||_inf = 2.415e-04
Solve success: True
    iota: 0.4954482999427269
    G: -3.1937416278009167
Objective J: 1.674063e+05, ||∇J||: 6.142370e+05
Step size: 2.85e+00
Objective J: 1.674063e+05, ||∇J||: 6.142370e+05
Step size: 2.85e+00
BFGS solve - True  iter=26, iota=0.5076504206993954, ||grad||_inf = 9.643e-03
BFGS solve - True  iter=26, iota=0.5076504206993954, ||grad||_inf = 9.643e-03
NEWTON solve - True  iter=1, iota=0.5071769885730294, ||grad||_inf = 2.175e-05
Solve success: True
    iota: 0.5071769885730294
    G: -3.193741627596959
NEWTON solve - True  iter=1, iota=0.5071769885730294, ||grad||_inf = 2.175e-05
Solve success: True
    iota: 0.5071769885730294
    G: -3.193741627596959
Objective J: 6.152678e+04, ||∇J||: 3.547894e+04
Step size: 8.12e-01
Objective J: 6.152678e+04, ||∇J||: 3.547894e+04
Step size: 8.12e-01
BFGS solve - True  iter=49, iota=0.5066279155580447, ||grad||_inf = 9.237e-03
BFGS solve - True  iter=49, iota=0.5066279155580447, ||grad||_inf = 9.237e-03
NEWTON solve - True  iter=1, iota=0.5053129919428971, ||grad||_inf = 2.431e-04
Solve success: True
    iota: 0.5053129919428971
    G: -3.193741627447919
NEWTON solve - True  iter=1, iota=0.5053129919428971, ||grad||_inf = 2.431e-04
Solve success: True
    iota: 0.5053129919428971
    G: -3.193741627447919
Objective J: 7.462685e+04, ||∇J||: 6.021338e+05
Step size: 6.53e-01
Objective J: 7.462685e+04, ||∇J||: 6.021338e+05
Step size: 6.53e-01
BFGS solve - True  iter=27, iota=0.5075549979858890, ||grad||_inf = 9.906e-03
BFGS solve - True  iter=27, iota=0.5075549979858890, ||grad||_inf = 9.906e-03
NEWTON solve - True  iter=1, iota=0.5068041377932870, ||grad||_inf = 5.743e-05
Solve success: True
    iota: 0.506804137793287
    G: -3.193741627561262
NEWTON solve - True  iter=1, iota=0.5068041377932870, ||grad||_inf = 5.743e-05
Solve success: True
    iota: 0.506804137793287
    G: -3.193741627561262
Objective J: 6.009587e+04, ||∇J||: 4.334178e+04
Callback (Iteration 37): 
    iota: 0.506804137793287
       G: -3.193741627561262
       J: 60095.867764524875
    |dJ|: 43341.7789509923
======================================================================
Step size: 1.94e+00
Objective J: 6.009587e+04, ||∇J||: 4.334178e+04
Callback (Iteration 37): 
    iota: 0.506804137793287
       G: -3.193741627561262
       J: 60095.867764524875
    |dJ|: 43341.7789509923
======================================================================
Step size: 1.94e+00
BFGS solve - True  iter=39, iota=0.5064077278963399, ||grad||_inf = 9.119e-03
BFGS solve - True  iter=39, iota=0.5064077278963399, ||grad||_inf = 9.119e-03
NEWTON solve - True  iter=1, iota=0.5068063303669814, ||grad||_inf = 1.360e-03
Solve success: True
    iota: 0.5068063303669814
    G: -3.1937416284553684
NEWTON solve - True  iter=1, iota=0.5068063303669814, ||grad||_inf = 1.360e-03
Solve success: True
    iota: 0.5068063303669814
    G: -3.1937416284553684
Objective J: 7.208686e+04, ||∇J||: 3.480847e+05
Step size: 1.26e+00
Objective J: 7.208686e+04, ||∇J||: 3.480847e+05
Step size: 1.26e+00
BFGS solve - True  iter=39, iota=0.5068189428576410, ||grad||_inf = 9.185e-03
BFGS solve - True  iter=39, iota=0.5068189428576410, ||grad||_inf = 9.185e-03
NEWTON solve - True  iter=1, iota=0.5072147283378964, ||grad||_inf = 2.972e-04
Solve success: True
    iota: 0.5072147283378964
    G: -3.19374162757528
NEWTON solve - True  iter=1, iota=0.5072147283378964, ||grad||_inf = 2.972e-04
Solve success: True
    iota: 0.5072147283378964
    G: -3.19374162757528
Objective J: 5.374632e+04, ||∇J||: 4.027998e+04
Callback (Iteration 38): 
    iota: 0.5072147283378964
       G: -3.19374162757528
       J: 53746.32244579298
    |dJ|: 40279.98352037272
======================================================================
Step size: 4.80e+00
Objective J: 5.374632e+04, ||∇J||: 4.027998e+04
Callback (Iteration 38): 
    iota: 0.5072147283378964
       G: -3.19374162757528
       J: 53746.32244579298
    |dJ|: 40279.98352037272
======================================================================
Step size: 4.80e+00
BFGS solve - True  iter=89, iota=0.4815081095464822, ||grad||_inf = 9.388e-03
BFGS solve - True  iter=89, iota=0.4815081095464822, ||grad||_inf = 9.388e-03
NEWTON solve - True  iter=1, iota=0.4796689006945605, ||grad||_inf = 2.974e-05
Solve success: True
    iota: 0.47966890069456053
    G: -3.193741627801429
NEWTON solve - True  iter=1, iota=0.4796689006945605, ||grad||_inf = 2.974e-05
Solve success: True
    iota: 0.47966890069456053
    G: -3.193741627801429
Objective J: 1.872481e+05, ||∇J||: 4.959442e+05
Step size: 4.45e+00
Objective J: 1.872481e+05, ||∇J||: 4.959442e+05
Step size: 4.45e+00
BFGS solve - True  iter=30, iota=0.5073634334737200, ||grad||_inf = 9.546e-03
BFGS solve - True  iter=30, iota=0.5073634334737200, ||grad||_inf = 9.546e-03
NEWTON solve - True  iter=1, iota=0.5085136285568755, ||grad||_inf = 2.157e-04
Solve success: True
    iota: 0.5085136285568755
    G: -3.19374162817314
NEWTON solve - True  iter=1, iota=0.5085136285568755, ||grad||_inf = 2.157e-04
Solve success: True
    iota: 0.5085136285568755
    G: -3.19374162817314
Objective J: 5.177377e+04, ||∇J||: 9.196488e+04
Callback (Iteration 39): 
    iota: 0.5085136285568755
       G: -3.19374162817314
       J: 51773.77086984931
    |dJ|: 91964.87583260043
======================================================================
Step size: 8.66e-01
Objective J: 5.177377e+04, ||∇J||: 9.196488e+04
Callback (Iteration 39): 
    iota: 0.5085136285568755
       G: -3.19374162817314
       J: 51773.77086984931
    |dJ|: 91964.87583260043
======================================================================
Step size: 8.66e-01
BFGS solve - True  iter=44, iota=0.5095449032839030, ||grad||_inf = 9.567e-03
BFGS solve - True  iter=44, iota=0.5095449032839030, ||grad||_inf = 9.567e-03
NEWTON solve - True  iter=1, iota=0.5123377302993120, ||grad||_inf = 3.839e-04
Solve success: True
    iota: 0.512337730299312
    G: -3.1937416273356365
NEWTON solve - True  iter=1, iota=0.5123377302993120, ||grad||_inf = 3.839e-04
Solve success: True
    iota: 0.512337730299312
    G: -3.1937416273356365
Objective J: 5.956514e+04, ||∇J||: 6.398854e+05
Step size: 6.29e-01
Objective J: 5.956514e+04, ||∇J||: 6.398854e+05
Step size: 6.29e-01
BFGS solve - True  iter=30, iota=0.5087745593211319, ||grad||_inf = 7.907e-03
NEWTON solve - True  iter=1, iota=0.5102089901938226, ||grad||_inf = 9.311e-05
Solve success: True
    iota: 0.5102089901938226
    G: -3.1937416278720705
Objective J: 4.967002e+04, ||∇J||: 1.033280e+05
Callback (Iteration 40): 
    iota: 0.5102089901938226
       G: -3.1937416278720705
       J: 49670.02339497829
    |dJ|: 103328.02083071126
======================================================================
Step size: 3.50e-01
BFGS solve - True  iter=36, iota=0.5106553422412262, ||grad||_inf = 8.779e-03
NEWTON solve - True  iter=1, iota=0.5123305297369392, ||grad||_inf = 5.786e-05
Solve success: True
    iota: 0.5123305297369392
    G: -3.193741627487604
Objective J: 4.756434e+04, ||∇J||: 7.011537e+04
Callback (Iteration 41): 
    iota: 0.5123305297369392
       G: -3.193741627487604
       J: 47564.34194161971
    |dJ|: 70115.37265538277
======================================================================
Step size: 1.42e-01
BFGS solve - True  iter=34, iota=0.5121960261321583, ||grad||_inf = 9.246e-03
NEWTON solve - True  iter=1, iota=0.5113744959735071, ||grad||_inf = 1.825e-04
Solve success: True
    iota: 0.5113744959735071
    G: -3.1937416279563484
Objective J: 4.601505e+04, ||∇J||: 2.333086e+04
Callback (Iteration 42): 
    iota: 0.5113744959735071
       G: -3.1937416279563484
       J: 46015.05168574328
    |dJ|: 23330.864040339955
======================================================================
Step size: 2.61e-01
BFGS solve - True  iter=27, iota=0.5113184185654979, ||grad||_inf = 9.245e-03
NEWTON solve - True  iter=1, iota=0.5109320971915633, ||grad||_inf = 5.164e-05
Solve success: True
    iota: 0.5109320971915633
    G: -3.193741628173466
Objective J: 4.496410e+04, ||∇J||: 3.715794e+04
Callback (Iteration 43): 
    iota: 0.5109320971915633
       G: -3.193741628173466
       J: 44964.10216603171
    |dJ|: 37157.942412611905
======================================================================
Step size: 4.96e-01
BFGS solve - True  iter=55, iota=0.5093496379547511, ||grad||_inf = 9.722e-03
NEWTON solve - True  iter=1, iota=0.5067615281676117, ||grad||_inf = 5.906e-04
Solve success: True
    iota: 0.5067615281676117
    G: -3.1937415208184556
Objective J: 4.004258e+04, ||∇J||: 3.935880e+04
Callback (Iteration 44): 
    iota: 0.5067615281676117
       G: -3.1937415208184556
       J: 40042.58053177235
    |dJ|: 39358.80349504101
======================================================================
Step size: 6.95e-01
BFGS solve - True  iter=53, iota=0.5053665318666875, ||grad||_inf = 9.847e-03
NEWTON solve - True  iter=1, iota=0.5036371446446268, ||grad||_inf = 2.631e-05
Solve success: True
    iota: 0.5036371446446268
    G: -3.1937416336666606
Objective J: 5.930703e+04, ||∇J||: 8.413653e+05
Step size: 6.02e-01
BFGS solve - True  iter=27, iota=0.5066750704258894, ||grad||_inf = 9.648e-03
NEWTON solve - True  iter=1, iota=0.5057736038142338, ||grad||_inf = 2.528e-04
Solve success: True
    iota: 0.5057736038142338
    G: -3.1937410942162043
Objective J: 3.899502e+04, ||∇J||: 3.108038e+04
Callback (Iteration 45): 
    iota: 0.5057736038142338
       G: -3.1937410942162043
       J: 38995.02492036717
    |dJ|: 31080.38212830387
======================================================================
Step size: 3.27e-01
BFGS solve - True  iter=27, iota=0.5056660254153748, ||grad||_inf = 8.964e-03
NEWTON solve - True  iter=1, iota=0.5047349915162145, ||grad||_inf = 1.577e-05
Solve success: True
    iota: 0.5047349915162145
    G: -3.193741805058329
Objective J: 3.704071e+04, ||∇J||: 8.299298e+04
Callback (Iteration 46): 
    iota: 0.5047349915162145
       G: -3.193741805058329
       J: 37040.709199620695
    |dJ|: 82992.98391443852
======================================================================
Step size: 2.44e-01
BFGS solve - True  iter=33, iota=0.5052519281634221, ||grad||_inf = 8.896e-03
NEWTON solve - True  iter=1, iota=0.5061166012799266, ||grad||_inf = 1.333e-04
Solve success: True
    iota: 0.5061166012799266
    G: -3.193741566937723
Objective J: 3.491184e+04, ||∇J||: 2.354632e+04
Callback (Iteration 47): 
    iota: 0.5061166012799266
       G: -3.193741566937723
       J: 34911.83581831946
    |dJ|: 23546.32122192954
======================================================================
Step size: 1.19e-01
BFGS solve - True  iter=19, iota=0.5061385526949309, ||grad||_inf = 8.970e-03
NEWTON solve - True  iter=1, iota=0.5064473470161005, ||grad||_inf = 1.386e-05
Solve success: True
    iota: 0.5064473470161005
    G: -3.1937416464900705
Objective J: 3.372428e+04, ||∇J||: 3.151219e+04
Callback (Iteration 48): 
    iota: 0.5064473470161005
       G: -3.1937416464900705
       J: 33724.27799696407
    |dJ|: 31512.18900886857
======================================================================
Step size: 3.29e-01
BFGS solve - True  iter=48, iota=0.5072785079514942, ||grad||_inf = 8.947e-03
NEWTON solve - True  iter=1, iota=0.5087236994548653, ||grad||_inf = 1.970e-04
Solve success: True
    iota: 0.5087236994548653
    G: -3.1937417241357777
Objective J: 4.757468e+04, ||∇J||: 8.324831e+05
Step size: 2.87e-01
BFGS solve - True  iter=5, iota=0.5064476741272694, ||grad||_inf = 8.214e-03
NEWTON solve - True  iter=1, iota=0.5067516545577130, ||grad||_inf = 1.463e-05
Solve success: True
    iota: 0.506751654557713
    G: -3.1937416625620347
Objective J: 3.320604e+04, ||∇J||: 2.795855e+04
Callback (Iteration 49): 
    iota: 0.506751654557713
       G: -3.1937416625620347
       J: 33206.041069930085
    |dJ|: 27958.553147093713
======================================================================
Step size: 6.78e-01
BFGS solve - True  iter=39, iota=0.5068857519528063, ||grad||_inf = 9.222e-03
NEWTON solve - True  iter=1, iota=0.5080820945111321, ||grad||_inf = 1.015e-03
Solve success: True
    iota: 0.5080820945111321
    G: -3.1937416391365288
Objective J: 7.437661e+04, ||∇J||: 6.293868e+05
Step size: 6.47e-01
BFGS solve - True  iter=0, iota=0.5067516545577130, ||grad||_inf = 8.992e-03
NEWTON solve - True  iter=1, iota=0.5068556309391918, ||grad||_inf = 1.572e-05
Solve success: True
    iota: 0.5068556309391918
    G: -3.1937416957992832
Objective J: 3.288977e+04, ||∇J||: 2.617011e+04
Callback (Iteration 50): 
    iota: 0.5068556309391918
       G: -3.1937416957992832
       J: 32889.766220522426
    |dJ|: 26170.10899796699
======================================================================
Step size: 4.63e-01
BFGS solve - True  iter=31, iota=0.5069417829189372, ||grad||_inf = 9.987e-03
NEWTON solve - True  iter=1, iota=0.5078941420265060, ||grad||_inf = 4.616e-04
Solve success: True
    iota: 0.507894142026506
    G: -3.1937417107462864
Objective J: 4.961097e+04, ||∇J||: 6.780521e+05
Step size: 4.21e-01
BFGS solve - True  iter=0, iota=0.5068556309391918, ||grad||_inf = 9.463e-03
NEWTON solve - True  iter=1, iota=0.5069690747073949, ||grad||_inf = 3.378e-05
Solve success: True
    iota: 0.5069690747073949
    G: -3.193741725370191
Objective J: 3.244976e+04, ||∇J||: 2.924709e+04
Callback (Iteration 51): 
    iota: 0.5069690747073949
       G: -3.193741725370191
       J: 32449.7611760935
    |dJ|: 29247.08673132728
======================================================================
Step size: 6.58e-01
BFGS solve - True  iter=51, iota=0.5070502812242328, ||grad||_inf = 9.652e-03
NEWTON solve - True  iter=1, iota=0.5083476615120188, ||grad||_inf = 4.947e-04
Solve success: True
    iota: 0.5083476615120188
    G: -3.1937416214800884
Objective J: 4.724465e+04, ||∇J||: 5.258988e+05
Step size: 5.56e-01
BFGS solve - True  iter=23, iota=0.5069553657193506, ||grad||_inf = 8.910e-03
NEWTON solve - True  iter=1, iota=0.5071528183310555, ||grad||_inf = 5.220e-05
Solve success: True
    iota: 0.5071528183310555
    G: -3.193741775255727
Objective J: 3.147431e+04, ||∇J||: 3.597209e+04
Callback (Iteration 52): 
    iota: 0.5071528183310555
       G: -3.193741775255727
       J: 31474.312085576727
    |dJ|: 35972.090604957004
======================================================================
Step size: 4.20e-01
BFGS solve - True  iter=31, iota=0.5070939264078759, ||grad||_inf = 8.235e-03
NEWTON solve - True  iter=1, iota=0.5078978509032086, ||grad||_inf = 5.560e-04
Solve success: True
    iota: 0.5078978509032086
    G: -3.193741642421614
Objective J: 3.830492e+04, ||∇J||: 5.492869e+05
Step size: 3.33e-01
BFGS solve - True  iter=21, iota=0.5071466747390256, ||grad||_inf = 9.687e-03
NEWTON solve - True  iter=1, iota=0.5073134090243343, ||grad||_inf = 4.692e-05
Solve success: True
    iota: 0.5073134090243343
    G: -3.1937417506639973
Objective J: 3.072387e+04, ||∇J||: 2.527500e+04
Callback (Iteration 53): 
    iota: 0.5073134090243343
       G: -3.1937417506639973
       J: 30723.868829091374
    |dJ|: 25274.999079319154
======================================================================
Step size: 3.16e-01
BFGS solve - True  iter=28, iota=0.5073123486516068, ||grad||_inf = 8.512e-03
NEWTON solve - True  iter=1, iota=0.5079832113371968, ||grad||_inf = 3.262e-04
Solve success: True
    iota: 0.5079832113371968
    G: -3.1937416540475447
Objective J: 3.151881e+04, ||∇J||: 4.993167e+05
Step size: 1.78e-01
BFGS solve - True  iter=22, iota=0.5073159933524400, ||grad||_inf = 9.396e-03
NEWTON solve - True  iter=1, iota=0.5076284879528410, ||grad||_inf = 8.043e-05
Solve success: True
    iota: 0.507628487952841
    G: -3.1937417020549943
Objective J: 2.991220e+04, ||∇J||: 8.176122e+04
Callback (Iteration 54): 
    iota: 0.507628487952841
       G: -3.1937417020549943
       J: 29912.198009554333
    |dJ|: 81761.22090071788
======================================================================
Step size: 3.64e-01
BFGS solve - True  iter=30, iota=0.5076426357696884, ||grad||_inf = 9.583e-03
NEWTON solve - True  iter=1, iota=0.5084689702127126, ||grad||_inf = 3.813e-04
Solve success: True
    iota: 0.5084689702127126
    G: -3.1937416187197534
Objective J: 2.944513e+04, ||∇J||: 2.300547e+05
Step size: 2.16e-01
BFGS solve - True  iter=26, iota=0.5076283403720629, ||grad||_inf = 9.001e-03
NEWTON solve - True  iter=1, iota=0.5079964310024736, ||grad||_inf = 9.483e-05
Solve success: True
    iota: 0.5079964310024736
    G: -3.1937416551499207
Objective J: 2.894059e+04, ||∇J||: 3.430967e+04
Callback (Iteration 55): 
    iota: 0.5079964310024736
       G: -3.1937416551499207
       J: 28940.591280040517
    |dJ|: 34309.67043536503
======================================================================
Step size: 2.29e-01
BFGS solve - True  iter=27, iota=0.5080200250920244, ||grad||_inf = 8.450e-03
NEWTON solve - True  iter=1, iota=0.5084845019275093, ||grad||_inf = 1.035e-04
Solve success: True
    iota: 0.5084845019275093
    G: -3.1937416312850226
Objective J: 3.052439e+04, ||∇J||: 1.873085e+05
Step size: 1.62e-01
BFGS solve - True  iter=0, iota=0.5079964310024736, ||grad||_inf = 5.222e-03
NEWTON solve - True  iter=1, iota=0.5081550545382624, ||grad||_inf = 9.005e-05
Solve success: True
    iota: 0.5081550545382624
    G: -3.1937416450791285
Objective J: 2.867263e+04, ||∇J||: 3.895189e+04
Callback (Iteration 56): 
    iota: 0.5081550545382624
       G: -3.1937416450791285
       J: 28672.6295116981
    |dJ|: 38951.8930131924
======================================================================
Step size: 1.88e-01
BFGS solve - True  iter=27, iota=0.5081881946406065, ||grad||_inf = 7.914e-03
NEWTON solve - True  iter=1, iota=0.5086677969009087, ||grad||_inf = 8.908e-05
Solve success: True
    iota: 0.5086677969009087
    G: -3.193741630910601
Objective J: 2.849761e+04, ||∇J||: 9.866150e+04
Step size: 9.11e-02
BFGS solve - True  iter=3, iota=0.5081555797353525, ||grad||_inf = 7.942e-03
NEWTON solve - True  iter=1, iota=0.5084159764402303, ||grad||_inf = 1.645e-04
Solve success: True
    iota: 0.5084159764402303
    G: -3.1937416353622234
Objective J: 2.827466e+04, ||∇J||: 4.731605e+04
Callback (Iteration 57): 
    iota: 0.5084159764402303
       G: -3.1937416353622234
       J: 28274.663218394482
    |dJ|: 47316.05400265177
======================================================================
Step size: 1.33e-01
BFGS solve - True  iter=20, iota=0.5084385478881516, ||grad||_inf = 8.165e-03
NEWTON solve - True  iter=1, iota=0.5088703184870627, ||grad||_inf = 4.798e-05
Solve success: True
    iota: 0.5088703184870627
    G: -3.193741630563193
Objective J: 2.736201e+04, ||∇J||: 2.496395e+04
Callback (Iteration 58): 
    iota: 0.5088703184870627
       G: -3.193741630563193
       J: 27362.01327640493
    |dJ|: 24963.950266120883
======================================================================
Step size: 6.42e-02
BFGS solve - True  iter=19, iota=0.5088896285131934, ||grad||_inf = 7.880e-03
NEWTON solve - True  iter=1, iota=0.5089824072834835, ||grad||_inf = 1.172e-05
Solve success: True
    iota: 0.5089824072834835
    G: -3.1937416328159816
Objective J: 2.639428e+04, ||∇J||: 1.567973e+04
Callback (Iteration 59): 
    iota: 0.5089824072834835
       G: -3.1937416328159816
       J: 26394.278449092355
    |dJ|: 15679.734775073339
======================================================================
Step size: 3.48e-01
BFGS solve - True  iter=25, iota=0.5091451605295861, ||grad||_inf = 9.954e-03
NEWTON solve - True  iter=1, iota=0.5098101567160653, ||grad||_inf = 4.159e-05
Solve success: True
    iota: 0.5098101567160653
    G: -3.193741626650342
Objective J: 4.623954e+04, ||∇J||: 8.919526e+05
Step size: 3.26e-01
BFGS solve - True  iter=0, iota=0.5089824072834835, ||grad||_inf = 6.958e-03
NEWTON solve - True  iter=1, iota=0.5090461973464824, ||grad||_inf = 9.108e-06
Solve success: True
    iota: 0.5090461973464824
    G: -3.1937416332040156
Objective J: 2.616197e+04, ||∇J||: 1.550288e+04
Step size: 2.15e-01
BFGS solve - True  iter=24, iota=0.5090885642198784, ||grad||_inf = 8.802e-03
NEWTON solve - True  iter=1, iota=0.5095941990776599, ||grad||_inf = 1.554e-05
Solve success: True
    iota: 0.5095941990776599
    G: -3.193741630532392
Objective J: 3.461318e+04, ||∇J||: 8.829063e+05
Step size: 1.89e-01
BFGS solve - True  iter=2, iota=0.5089824075733831, ||grad||_inf = 8.221e-03
NEWTON solve - True  iter=1, iota=0.5091156966660503, ||grad||_inf = 2.601e-05
Solve success: True
    iota: 0.5091156966660503
    G: -3.193741633032638
Objective J: 2.590731e+04, ||∇J||: 1.563196e+04
Callback (Iteration 60): 
    iota: 0.5091156966660503
       G: -3.193741633032638
       J: 25907.308449846685
    |dJ|: 15631.95870849333
======================================================================
Step size: 5.64e-01
BFGS solve - True  iter=39, iota=0.5096315492612679, ||grad||_inf = 6.112e-03
NEWTON solve - True  iter=1, iota=0.5100023511569601, ||grad||_inf = 1.890e-04
Solve success: True
    iota: 0.5100023511569601
    G: -3.1937416244665298
Objective J: 6.462203e+04, ||∇J||: 6.938736e+05
Step size: 5.41e-01
BFGS solve - True  iter=0, iota=0.5091156966660503, ||grad||_inf = 5.221e-03
NEWTON solve - True  iter=0, iota=0.5091156966660503, ||grad||_inf = 5.221e-03
Solve success: True
    iota: 0.5091156966660503
    G: -3.193741633032638
Objective J: 2.564983e+04, ||∇J||: 1.718242e+04
Step size: 8.99e-02
BFGS solve - True  iter=25, iota=0.5091671970040820, ||grad||_inf = 9.556e-03
NEWTON solve - True  iter=1, iota=0.5093577162836108, ||grad||_inf = 5.760e-06
Solve success: True
    iota: 0.5093577162836108
    G: -3.1937416331770443
Objective J: 2.593679e+04, ||∇J||: 4.383879e+05
Step size: 4.88e-02
BFGS solve - True  iter=7, iota=0.5091166179576280, ||grad||_inf = 8.790e-03
NEWTON solve - True  iter=1, iota=0.5092560394177905, ||grad||_inf = 3.718e-05
Solve success: True
    iota: 0.5092560394177905
    G: -3.1937416332817934
Objective J: 2.532322e+04, ||∇J||: 7.388793e+04
Callback (Iteration 61): 
    iota: 0.5092560394177905
       G: -3.1937416332817934
       J: 25323.21682847743
    |dJ|: 73887.93247951244
======================================================================
Step size: 3.22e-01
BFGS solve - True  iter=32, iota=0.5094432119685123, ||grad||_inf = 9.607e-03
NEWTON solve - True  iter=1, iota=0.5096918249430370, ||grad||_inf = 1.099e-04
Solve success: True
    iota: 0.509691824943037
    G: -3.193741635874434
Objective J: 4.173540e+04, ||∇J||: 7.995471e+05
Step size: 3.01e-01
BFGS solve - True  iter=0, iota=0.5092560394177905, ||grad||_inf = 4.856e-03
NEWTON solve - True  iter=0, iota=0.5092560394177905, ||grad||_inf = 4.856e-03
Solve success: True
    iota: 0.5092560394177905
    G: -3.1937416332817934
Objective J: 2.509649e+04, ||∇J||: 7.410702e+04
Step size: 8.38e-02
BFGS solve - True  iter=16, iota=0.5092700357261987, ||grad||_inf = 9.812e-03
NEWTON solve - True  iter=1, iota=0.5094275716787108, ||grad||_inf = 1.366e-05
Solve success: True
    iota: 0.5094275716787108
    G: -3.1937416342957046
Objective J: 2.523114e+04, ||∇J||: 3.620262e+05
Step size: 4.22e-02
BFGS solve - True  iter=1, iota=0.5092560362313391, ||grad||_inf = 8.493e-03
NEWTON solve - True  iter=1, iota=0.5093489353659353, ||grad||_inf = 3.694e-05
Solve success: True
    iota: 0.5093489353659353
    G: -3.1937416338726194
Objective J: 2.476773e+04, ||∇J||: 1.002557e+05
Callback (Iteration 62): 
    iota: 0.5093489353659353
       G: -3.1937416338726194
       J: 24767.727662740665
    |dJ|: 100255.72534984676
======================================================================
Step size: 1.48e-01
BFGS solve - True  iter=5, iota=0.5093497477392965, ||grad||_inf = 6.047e-03
NEWTON solve - True  iter=1, iota=0.5096227239895453, ||grad||_inf = 7.806e-05
Solve success: True
    iota: 0.5096227239895453
    G: -3.1937416345777736
Objective J: 2.617520e+04, ||∇J||: 5.901752e+05
Step size: 9.72e-02
BFGS solve - True  iter=1, iota=0.5093489528228213, ||grad||_inf = 9.624e-03
NEWTON solve - True  iter=1, iota=0.5094582570922846, ||grad||_inf = 2.250e-05
Solve success: True
    iota: 0.5094582570922846
    G: -3.1937416359822577
Objective J: 2.427196e+04, ||∇J||: 9.819032e+04
Callback (Iteration 63): 
    iota: 0.5094582570922846
       G: -3.1937416359822577
       J: 24271.95626580595
    |dJ|: 98190.31711592402
======================================================================
Step size: 1.25e-01
BFGS solve - True  iter=23, iota=0.5095213413068787, ||grad||_inf = 8.510e-03
NEWTON solve - True  iter=1, iota=0.5095686196848837, ||grad||_inf = 5.738e-05
Solve success: True
    iota: 0.5095686196848837
    G: -3.193741650284991
Objective J: 2.300186e+04, ||∇J||: 2.117939e+04
Callback (Iteration 64): 
    iota: 0.5095686196848837
       G: -3.193741650284991
       J: 23001.85760016667
    |dJ|: 21179.386418315476
======================================================================
Step size: 3.28e-01
BFGS solve - True  iter=5, iota=0.5095713136272800, ||grad||_inf = 9.958e-03
NEWTON solve - True  iter=1, iota=0.5099494964589897, ||grad||_inf = 2.446e-04
Solve success: True
    iota: 0.5099494964589897
    G: -3.193741600610286
Objective J: 2.796592e+04, ||∇J||: 8.510449e+05
Step size: 2.32e-01
BFGS solve - True  iter=21, iota=0.5096233378003171, ||grad||_inf = 7.093e-03
NEWTON solve - True  iter=1, iota=0.5096968495611368, ||grad||_inf = 2.305e-05
Solve success: True
    iota: 0.5096968495611368
    G: -3.193741663634846
Objective J: 2.237839e+04, ||∇J||: 5.464412e+04
Callback (Iteration 65): 
    iota: 0.5096968495611368
       G: -3.193741663634846
       J: 22378.394704257462
    |dJ|: 54644.11532857794
======================================================================
Step size: 3.92e-01
BFGS solve - True  iter=32, iota=0.5098992227878626, ||grad||_inf = 9.530e-03
NEWTON solve - True  iter=1, iota=0.5100472856033766, ||grad||_inf = 1.528e-04
Solve success: True
    iota: 0.5100472856033766
    G: -3.193741548522174
Objective J: 4.587702e+04, ||∇J||: 9.936040e+05
Step size: 3.76e-01
BFGS solve - True  iter=0, iota=0.5096968495611368, ||grad||_inf = 3.160e-03
NEWTON solve - True  iter=0, iota=0.5096968495611368, ||grad||_inf = 3.160e-03
Solve success: True
    iota: 0.5096968495611368
    G: -3.193741663634846
Objective J: 2.225047e+04, ||∇J||: 5.487490e+04
Step size: 2.17e-01
BFGS solve - True  iter=5, iota=0.5096987224517269, ||grad||_inf = 8.629e-03
NEWTON solve - True  iter=1, iota=0.5099164150955890, ||grad||_inf = 1.514e-04
Solve success: True
    iota: 0.509916415095589
    G: -3.1937416033401442
Objective J: 3.077072e+04, ||∇J||: 9.824355e+05
Step size: 1.97e-01
BFGS solve - True  iter=0, iota=0.5096968495611368, ||grad||_inf = 6.922e-03
NEWTON solve - True  iter=1, iota=0.5097314216660874, ||grad||_inf = 6.943e-06
Solve success: True
    iota: 0.5097314216660874
    G: -3.193741665634109
Objective J: 2.210156e+04, ||∇J||: 5.510110e+04
Step size: 1.20e-01
BFGS solve - True  iter=5, iota=0.5096980102194453, ||grad||_inf = 5.423e-03
NEWTON solve - True  iter=1, iota=0.5098461399685222, ||grad||_inf = 8.261e-05
Solve success: True
    iota: 0.5098461399685222
    G: -3.193741638682063
Objective J: 2.399731e+04, ||∇J||: 7.633333e+05
Step size: 8.71e-02
BFGS solve - True  iter=3, iota=0.5096971100327758, ||grad||_inf = 5.861e-03
NEWTON solve - True  iter=1, iota=0.5097628902045093, ||grad||_inf = 1.928e-05
Solve success: True
    iota: 0.5097628902045093
    G: -3.1937416626754698
Objective J: 2.188319e+04, ||∇J||: 5.767213e+04
Callback (Iteration 66): 
    iota: 0.5097628902045093
       G: -3.1937416626754698
       J: 21883.18684467912
    |dJ|: 57672.12730325837
======================================================================
Step size: 3.63e-01
BFGS solve - True  iter=28, iota=0.5099077431202658, ||grad||_inf = 7.937e-03
NEWTON solve - True  iter=1, iota=0.5102084580592122, ||grad||_inf = 7.320e-05
Solve success: True
    iota: 0.5102084580592122
    G: -3.1937415504207403
Objective J: 2.537958e+04, ||∇J||: 2.492541e+05
Step size: 2.71e-01
BFGS solve - True  iter=1, iota=0.5097629774054370, ||grad||_inf = 8.059e-03
NEWTON solve - True  iter=1, iota=0.5098849515503108, ||grad||_inf = 2.459e-05
Solve success: True
    iota: 0.5098849515503108
    G: -3.193741637603502
Objective J: 2.121739e+04, ||∇J||: 5.285960e+04
Callback (Iteration 67): 
    iota: 0.5098849515503108
       G: -3.193741637603502
       J: 21217.393803898354
    |dJ|: 52859.59584342947
======================================================================
Step size: 2.40e-01
BFGS solve - True  iter=3, iota=0.5098860662463838, ||grad||_inf = 9.976e-03
NEWTON solve - True  iter=1, iota=0.5100071238242749, ||grad||_inf = 1.396e-04
Solve success: True
    iota: 0.5100071238242749
    G: -3.193741531710357
Objective J: 2.093889e+04, ||∇J||: 3.527960e+05
Step size: 1.58e-01
BFGS solve - True  iter=0, iota=0.5098849515503108, ||grad||_inf = 9.190e-03
NEWTON solve - True  iter=1, iota=0.5099288482207243, ||grad||_inf = 3.990e-05
Solve success: True
    iota: 0.5099288482207243
    G: -3.1937416000678853
Objective J: 2.056047e+04, ||∇J||: 4.472990e+04
Callback (Iteration 68): 
    iota: 0.5099288482207243
       G: -3.1937416000678853
       J: 20560.465730648317
    |dJ|: 44729.896454259826
======================================================================
Step size: 3.35e-01
BFGS solve - True  iter=25, iota=0.5099713252112799, ||grad||_inf = 9.546e-03
NEWTON solve - True  iter=1, iota=0.5099850400782013, ||grad||_inf = 5.840e-05
Solve success: True
    iota: 0.5099850400782013
    G: -3.1937415235600315
Objective J: 2.126153e+04, ||∇J||: 1.749705e+05
Step size: 1.84e-01
BFGS solve - True  iter=3, iota=0.5099297549171798, ||grad||_inf = 9.792e-03
NEWTON solve - True  iter=1, iota=0.5099679255396301, ||grad||_inf = 5.922e-05
Solve success: True
    iota: 0.5099679255396301
    G: -3.1937415313459505
Objective J: 1.967064e+04, ||∇J||: 5.026373e+04
Callback (Iteration 69): 
    iota: 0.5099679255396301
       G: -3.1937415313459505
       J: 19670.642126192957
    |dJ|: 50263.73276622728
======================================================================
Step size: 1.57e-01
BFGS solve - True  iter=21, iota=0.5099419729402985, ||grad||_inf = 9.364e-03
NEWTON solve - True  iter=1, iota=0.5099025250578766, ||grad||_inf = 6.632e-06
Solve success: True
    iota: 0.5099025250578766
    G: -3.193741499133288
Objective J: 1.884709e+04, ||∇J||: 6.890062e+04
Callback (Iteration 70): 
    iota: 0.5099025250578766
       G: -3.193741499133288
       J: 18847.090932583098
    |dJ|: 68900.62372545135
======================================================================
Step size: 9.27e-02
BFGS solve - True  iter=22, iota=0.5098777904604852, ||grad||_inf = 9.799e-03
NEWTON solve - True  iter=1, iota=0.5096708362597413, ||grad||_inf = 4.023e-06
Solve success: True
    iota: 0.5096708362597413
    G: -3.19374144427554
Objective J: 1.750765e+04, ||∇J||: 2.653007e+04
Callback (Iteration 71): 
    iota: 0.5096708362597413
       G: -3.19374144427554
       J: 17507.654079498847
    |dJ|: 26530.067999849765
======================================================================
Step size: 1.23e-01
BFGS solve - True  iter=3, iota=0.5096704835250714, ||grad||_inf = 9.128e-03
NEWTON solve - True  iter=1, iota=0.5096506296626793, ||grad||_inf = 3.067e-05
Solve success: True
    iota: 0.5096506296626793
    G: -3.193741402920675
Objective J: 1.758667e+04, ||∇J||: 5.288894e+05
Step size: 6.04e-02
BFGS solve - True  iter=0, iota=0.5096708362597413, ||grad||_inf = 6.626e-03
NEWTON solve - True  iter=1, iota=0.5096659055302982, ||grad||_inf = 1.288e-05
Solve success: True
    iota: 0.5096659055302982
    G: -3.193741423774382
Objective J: 1.710073e+04, ||∇J||: 1.388622e+05
Callback (Iteration 72): 
    iota: 0.5096659055302982
       G: -3.193741423774382
       J: 17100.73431955861
    |dJ|: 138862.22753663262
======================================================================
Step size: 7.90e-01
BFGS solve - True  iter=27, iota=0.5095407466257108, ||grad||_inf = 9.775e-03
NEWTON solve - True  iter=1, iota=0.5089461960650488, ||grad||_inf = 3.195e-05
Solve success: True
    iota: 0.5089461960650488
    G: -3.193741066292587
Objective J: 3.137378e+04, ||∇J||: 2.415341e+05
Step size: 6.92e-01
BFGS solve - True  iter=0, iota=0.5096659055302982, ||grad||_inf = 5.877e-03
NEWTON solve - True  iter=1, iota=0.5096775349140419, ||grad||_inf = 2.105e-05
Solve success: True
    iota: 0.5096775349140419
    G: -3.193741392040852
Objective J: 1.618841e+04, ||∇J||: 9.651568e+04
Callback (Iteration 73): 
    iota: 0.5096775349140419
       G: -3.193741392040852
       J: 16188.406355337595
    |dJ|: 96515.68150862106
======================================================================
Step size: 2.59e-01
BFGS solve - True  iter=25, iota=0.5096643406795138, ||grad||_inf = 9.461e-03
NEWTON solve - True  iter=1, iota=0.5095804856540634, ||grad||_inf = 4.664e-06
Solve success: True
    iota: 0.5095804856540634
    G: -3.1937412591449674
Objective J: 1.794349e+04, ||∇J||: 2.277621e+05
Step size: 1.83e-01
BFGS solve - True  iter=0, iota=0.5096775349140419, ||grad||_inf = 6.062e-03
NEWTON solve - True  iter=1, iota=0.5096710357962209, ||grad||_inf = 2.842e-05
Solve success: True
    iota: 0.5096710357962209
    G: -3.1937413589861072
Objective J: 1.569602e+04, ||∇J||: 9.394341e+04
Callback (Iteration 74): 
    iota: 0.5096710357962209
       G: -3.1937413589861072
       J: 15696.018392999513
    |dJ|: 93943.40680197383
======================================================================
Step size: 1.39e-01
BFGS solve - True  iter=0, iota=0.5096710357962209, ||grad||_inf = 8.160e-03
NEWTON solve - True  iter=1, iota=0.5095187779009422, ||grad||_inf = 2.114e-04
Solve success: True
    iota: 0.5095187779009422
    G: -3.1937413254435185
Objective J: 1.476871e+04, ||∇J||: 1.312511e+05
Callback (Iteration 75): 
    iota: 0.5095187779009422
       G: -3.1937413254435185
       J: 14768.712815328547
    |dJ|: 131251.06904711976
======================================================================
Step size: 2.27e-01
BFGS solve - True  iter=24, iota=0.5094555412066353, ||grad||_inf = 7.976e-03
NEWTON solve - True  iter=1, iota=0.5092783822721290, ||grad||_inf = 1.727e-05
Solve success: True
    iota: 0.509278382272129
    G: -3.193741775049514
Objective J: 1.641491e+04, ||∇J||: 2.259287e+05
Step size: 1.56e-01
BFGS solve - True  iter=0, iota=0.5095187779009422, ||grad||_inf = 6.801e-03
NEWTON solve - True  iter=1, iota=0.5094630687502774, ||grad||_inf = 3.323e-05
Solve success: True
    iota: 0.5094630687502774
    G: -3.193741382215032
Objective J: 1.403605e+04, ||∇J||: 6.505505e+04
Callback (Iteration 76): 
    iota: 0.5094630687502774
       G: -3.193741382215032
       J: 14036.049481316482
    |dJ|: 65055.04994586614
======================================================================
Step size: 2.17e-02
BFGS solve - True  iter=0, iota=0.5094630687502774, ||grad||_inf = 9.107e-03
NEWTON solve - True  iter=1, iota=0.5096748917073937, ||grad||_inf = 2.480e-05
Solve success: True
    iota: 0.5096748917073937
    G: -3.193741412512258
Objective J: 1.371946e+04, ||∇J||: 2.215356e+04
Callback (Iteration 77): 
    iota: 0.5096748917073937
       G: -3.193741412512258
       J: 13719.463072168815
    |dJ|: 22153.558542560564
======================================================================
Step size: 1.37e-01
BFGS solve - True  iter=1, iota=0.5096749278333331, ||grad||_inf = 8.735e-03
NEWTON solve - True  iter=1, iota=0.5098029718803647, ||grad||_inf = 6.870e-06
Solve success: True
    iota: 0.5098029718803647
    G: -3.1937414008613874
Objective J: 1.305781e+04, ||∇J||: 1.394969e+05
Callback (Iteration 78): 
    iota: 0.5098029718803647
       G: -3.1937414008613874
       J: 13057.81054906497
    |dJ|: 139496.87591530464
======================================================================
Step size: 8.43e-02
BFGS solve - True  iter=0, iota=0.5098029718803647, ||grad||_inf = 7.855e-03
NEWTON solve - True  iter=1, iota=0.5099455617772787, ||grad||_inf = 1.910e-05
Solve success: True
    iota: 0.5099455617772787
    G: -3.1937413242573274
Objective J: 1.200434e+04, ||∇J||: 4.181303e+04
Callback (Iteration 79): 
    iota: 0.5099455617772787
       G: -3.1937413242573274
       J: 12004.338013793875
    |dJ|: 41813.03124820688
======================================================================
Step size: 3.77e-01
BFGS solve - True  iter=23, iota=0.5100100327160120, ||grad||_inf = 9.467e-03
NEWTON solve - True  iter=1, iota=0.5104396306324073, ||grad||_inf = 7.011e-06
Solve success: True
    iota: 0.5104396306324073
    G: -3.1937413199536535
Objective J: 1.869234e+04, ||∇J||: 9.898585e+05
Step size: 3.32e-01
BFGS solve - True  iter=0, iota=0.5099455617772787, ||grad||_inf = 4.842e-03
NEWTON solve - True  iter=0, iota=0.5099455617772787, ||grad||_inf = 4.842e-03
Solve success: True
    iota: 0.5099455617772787
    G: -3.1937413242573274
Objective J: 1.167727e+04, ||∇J||: 4.703443e+04
Callback (Iteration 80): 
    iota: 0.5099455617772787
       G: -3.1937413242573274
       J: 11677.269162766699
    |dJ|: 47034.42780833704
======================================================================
Step size: 6.58e-01
BFGS solve - True  iter=26, iota=0.5101358922303582, ||grad||_inf = 7.310e-03
NEWTON solve - True  iter=1, iota=0.5108809633956868, ||grad||_inf = 1.121e-05
Solve success: True
    iota: 0.5108809633956868
    G: -3.1937414292616837
Objective J: 3.181175e+04, ||∇J||: 9.904695e+05
Step size: 6.15e-01
BFGS solve - True  iter=1, iota=0.5099456785732212, ||grad||_inf = 8.786e-03
NEWTON solve - True  iter=1, iota=0.5100981567759185, ||grad||_inf = 1.590e-05
Solve success: True
    iota: 0.5100981567759185
    G: -3.1937412962019684
Objective J: 1.133839e+04, ||∇J||: 5.349645e+04
Callback (Iteration 81): 
    iota: 0.5100981567759185
       G: -3.1937412962019684
       J: 11338.391021267264
    |dJ|: 53496.45252373864
======================================================================
Step size: 1.34e-01
BFGS solve - True  iter=2, iota=0.5100984603784123, ||grad||_inf = 6.628e-03
NEWTON solve - True  iter=1, iota=0.5102815552520500, ||grad||_inf = 2.979e-05
Solve success: True
    iota: 0.51028155525205
    G: -3.193741280494461
Objective J: 1.103568e+04, ||∇J||: 3.411402e+05
Callback (Iteration 82): 
    iota: 0.51028155525205
       G: -3.193741280494461
       J: 11035.680738085011
    |dJ|: 341140.21725385106
======================================================================
Step size: 1.40e-01
BFGS solve - True  iter=2, iota=0.5102820104876883, ||grad||_inf = 7.770e-03
NEWTON solve - True  iter=1, iota=0.5104493731441210, ||grad||_inf = 9.253e-05
Solve success: True
    iota: 0.510449373144121
    G: -3.193741318777778
Objective J: 1.283778e+04, ||∇J||: 6.225528e+05
Step size: 1.04e-01
BFGS solve - True  iter=0, iota=0.5102815552520500, ||grad||_inf = 3.621e-03
NEWTON solve - True  iter=0, iota=0.5102815552520500, ||grad||_inf = 3.621e-03
Solve success: True
    iota: 0.51028155525205
    G: -3.193741280494461
Objective J: 1.079835e+04, ||∇J||: 1.181476e+05
Callback (Iteration 83): 
    iota: 0.51028155525205
       G: -3.193741280494461
       J: 10798.34931281945
    |dJ|: 118147.61554499193
======================================================================
Step size: 4.13e-02
BFGS solve - True  iter=0, iota=0.5102815552520500, ||grad||_inf = 2.803e-03
NEWTON solve - True  iter=0, iota=0.5102815552520500, ||grad||_inf = 2.803e-03
Solve success: True
    iota: 0.51028155525205
    G: -3.193741280494461
Objective J: 1.056432e+04, ||∇J||: 6.535263e+04
Callback (Iteration 84): 
    iota: 0.51028155525205
       G: -3.193741280494461
       J: 10564.31570668104
    |dJ|: 65352.63370670296
======================================================================
Step size: 4.71e-02
BFGS solve - True  iter=0, iota=0.5102815552520500, ||grad||_inf = 7.521e-03
NEWTON solve - True  iter=1, iota=0.5102608097534643, ||grad||_inf = 4.941e-05
Solve success: True
    iota: 0.5102608097534643
    G: -3.193741271298094
Objective J: 1.050432e+04, ||∇J||: 2.617642e+05
Step size: 2.73e-02
BFGS solve - True  iter=0, iota=0.5102815552520500, ||grad||_inf = 4.716e-03
NEWTON solve - True  iter=1, iota=0.5102700992173460, ||grad||_inf = 1.879e-05
Solve success: True
    iota: 0.510270099217346
    G: -3.193741265962244
Objective J: 1.040396e+04, ||∇J||: 7.102912e+04
Callback (Iteration 85): 
    iota: 0.510270099217346
       G: -3.193741265962244
       J: 10403.960125877875
    |dJ|: 71029.11754206978
======================================================================
Step size: 6.18e-02
BFGS solve - True  iter=0, iota=0.5102700992173460, ||grad||_inf = 6.594e-03
NEWTON solve - True  iter=1, iota=0.5101464748225737, ||grad||_inf = 5.145e-05
Solve success: True
    iota: 0.5101464748225737
    G: -3.1937412658480673
Objective J: 1.009846e+04, ||∇J||: 6.005073e+04
Callback (Iteration 86): 
    iota: 0.5101464748225737
       G: -3.1937412658480673
       J: 10098.460809735181
    |dJ|: 60050.726989040784
======================================================================
Step size: 6.62e-02
BFGS solve - True  iter=0, iota=0.5101464748225737, ||grad||_inf = 6.966e-03
NEWTON solve - True  iter=1, iota=0.5102355652289369, ||grad||_inf = 1.801e-05
Solve success: True
    iota: 0.5102355652289369
    G: -3.193741224528615
Objective J: 9.374105e+03, ||∇J||: 5.013064e+04
Callback (Iteration 87): 
    iota: 0.5102355652289369
       G: -3.193741224528615
       J: 9374.10521533391
    |dJ|: 50130.63540674788
======================================================================
Step size: 1.75e-01
BFGS solve - True  iter=2, iota=0.5102357040337824, ||grad||_inf = 6.963e-03
NEWTON solve - True  iter=1, iota=0.5101357626281907, ||grad||_inf = 2.902e-05
Solve success: True
    iota: 0.5101357626281907
    G: -3.1937411235298057
Objective J: 9.224166e+03, ||∇J||: 1.170158e+05
Callback (Iteration 88): 
    iota: 0.5101357626281907
       G: -3.1937411235298057
       J: 9224.165817975485
    |dJ|: 117015.81943441198
======================================================================
Step size: 7.35e-02
BFGS solve - True  iter=0, iota=0.5101357626281907, ||grad||_inf = 9.772e-03
NEWTON solve - True  iter=1, iota=0.5104104324909065, ||grad||_inf = 1.472e-04
Solve success: True
    iota: 0.5104104324909065
    G: -3.193741223162321
Objective J: 9.823284e+03, ||∇J||: 1.889186e+05
Step size: 5.00e-02
BFGS solve - True  iter=0, iota=0.5101357626281907, ||grad||_inf = 3.177e-03
NEWTON solve - True  iter=0, iota=0.5101357626281907, ||grad||_inf = 3.177e-03
Solve success: True
    iota: 0.5101357626281907
    G: -3.1937411235298057
Objective J: 8.986619e+03, ||∇J||: 7.370194e+04
Callback (Iteration 89): 
    iota: 0.5101357626281907
       G: -3.1937411235298057
       J: 8986.61862876613
    |dJ|: 73701.93977094989
======================================================================
Step size: 1.62e-01
BFGS solve - True  iter=0, iota=0.5101357626281907, ||grad||_inf = 8.948e-03
NEWTON solve - True  iter=1, iota=0.5102865352348434, ||grad||_inf = 5.360e-05
Solve success: True
    iota: 0.5102865352348434
    G: -3.193741132242885
Objective J: 8.462817e+03, ||∇J||: 1.877365e+04
Callback (Iteration 90): 
    iota: 0.5102865352348434
       G: -3.193741132242885
       J: 8462.817218551101
    |dJ|: 18773.647696565626
======================================================================
Step size: 1.22e-01
BFGS solve - True  iter=1, iota=0.5102867110640373, ||grad||_inf = 7.402e-03
NEWTON solve - True  iter=1, iota=0.5103474665104473, ||grad||_inf = 1.121e-04
Solve success: True
    iota: 0.5103474665104473
    G: -3.193741119646275
Objective J: 7.859357e+03, ||∇J||: 4.040528e+04
Callback (Iteration 91): 
    iota: 0.5103474665104473
       G: -3.193741119646275
       J: 7859.3570119846245
    |dJ|: 40405.28098814565
======================================================================
Step size: 1.84e-01
BFGS solve - True  iter=5, iota=0.5103502747139339, ||grad||_inf = 7.805e-03
NEWTON solve - True  iter=1, iota=0.5103764201171090, ||grad||_inf = 1.617e-04
Solve success: True
    iota: 0.510376420117109
    G: -3.1937411923001022
Objective J: 1.188923e+04, ||∇J||: 3.276878e+05
Step size: 1.63e-01
BFGS solve - True  iter=0, iota=0.5103474665104473, ||grad||_inf = 2.019e-03
NEWTON solve - True  iter=0, iota=0.5103474665104473, ||grad||_inf = 2.019e-03
Solve success: True
    iota: 0.5103474665104473
    G: -3.193741119646275
Objective J: 7.665491e+03, ||∇J||: 4.148025e+04
Callback (Iteration 92): 
    iota: 0.5103474665104473
       G: -3.193741119646275
       J: 7665.491334420913
    |dJ|: 41480.24622179166
======================================================================
Step size: 1.59e-01
BFGS solve - True  iter=27, iota=0.5103730700379063, ||grad||_inf = 8.948e-03
NEWTON solve - True  iter=1, iota=0.5103900739234167, ||grad||_inf = 3.449e-06
Solve success: True
    iota: 0.5103900739234167
    G: -3.193741208306947
Objective J: 1.053164e+04, ||∇J||: 5.966308e+05
Step size: 1.26e-01
BFGS solve - True  iter=0, iota=0.5103474665104473, ||grad||_inf = 5.769e-03
NEWTON solve - True  iter=0, iota=0.5103474665104473, ||grad||_inf = 5.769e-03
Solve success: True
    iota: 0.5103474665104473
    G: -3.193741119646275
Objective J: 7.316968e+03, ||∇J||: 3.563123e+04
Callback (Iteration 93): 
    iota: 0.5103474665104473
       G: -3.193741119646275
       J: 7316.968092130751
    |dJ|: 35631.228940055684
======================================================================
Step size: 9.77e-02
BFGS solve - True  iter=23, iota=0.5103761834586918, ||grad||_inf = 9.311e-03
NEWTON solve - True  iter=1, iota=0.5104450013832682, ||grad||_inf = 3.692e-06
Solve success: True
    iota: 0.5104450013832682
    G: -3.1937411858101896
Objective J: 1.125537e+04, ||∇J||: 6.946141e+05
Step size: 8.94e-02
BFGS solve - True  iter=0, iota=0.5103474665104473, ||grad||_inf = 6.331e-03
NEWTON solve - True  iter=1, iota=0.5103731854645597, ||grad||_inf = 2.548e-05
Solve success: True
    iota: 0.5103731854645597
    G: -3.193741139323413
Objective J: 7.234695e+03, ||∇J||: 2.755783e+04
Callback (Iteration 94): 
    iota: 0.5103731854645597
       G: -3.193741139323413
       J: 7234.694912635537
    |dJ|: 27557.827134469557
======================================================================
Step size: 1.01e-01
BFGS solve - True  iter=1, iota=0.5103734635062335, ||grad||_inf = 7.236e-03
NEWTON solve - True  iter=1, iota=0.5104387630288988, ||grad||_inf = 1.042e-04
Solve success: True
    iota: 0.5104387630288988
    G: -3.193741179764249
Objective J: 1.009071e+04, ||∇J||: 6.882815e+05
Step size: 9.29e-02
BFGS solve - True  iter=0, iota=0.5103731854645597, ||grad||_inf = 8.591e-04
NEWTON solve - True  iter=0, iota=0.5103731854645597, ||grad||_inf = 8.591e-04
Solve success: True
    iota: 0.5103731854645597
    G: -3.193741139323413
Objective J: 7.185492e+03, ||∇J||: 2.915670e+04
Callback (Iteration 95): 
    iota: 0.5103731854645597
       G: -3.193741139323413
       J: 7185.491581778772
    |dJ|: 29156.7037157377
======================================================================
Step size: 5.94e-02
BFGS solve - True  iter=0, iota=0.5103731854645597, ||grad||_inf = 3.751e-03
NEWTON solve - True  iter=0, iota=0.5103731854645597, ||grad||_inf = 3.751e-03
Solve success: True
    iota: 0.5103731854645597
    G: -3.193741139323413
Objective J: 6.873148e+03, ||∇J||: 2.667961e+04
Callback (Iteration 96): 
    iota: 0.5103731854645597
       G: -3.193741139323413
       J: 6873.148424516266
    |dJ|: 26679.60622098021
======================================================================
Step size: 2.58e-02
BFGS solve - True  iter=0, iota=0.5103731854645597, ||grad||_inf = 6.131e-03
NEWTON solve - True  iter=1, iota=0.5102845243014864, ||grad||_inf = 2.634e-05
Solve success: True
    iota: 0.5102845243014864
    G: -3.1937410376213125
Objective J: 6.757911e+03, ||∇J||: 8.370197e+03
Callback (Iteration 97): 
    iota: 0.5102845243014864
       G: -3.1937410376213125
       J: 6757.911394649796
    |dJ|: 8370.196508187413
======================================================================
Step size: 2.50e-02
BFGS solve - True  iter=0, iota=0.5102845243014864, ||grad||_inf = 1.356e-03
NEWTON solve - True  iter=0, iota=0.5102845243014864, ||grad||_inf = 1.356e-03
Solve success: True
    iota: 0.5102845243014864
    G: -3.1937410376213125
Objective J: 6.686093e+03, ||∇J||: 7.199801e+03
Callback (Iteration 98): 
    iota: 0.5102845243014864
       G: -3.1937410376213125
       J: 6686.093250607416
    |dJ|: 7199.800930719357
======================================================================
Step size: 8.18e-02
BFGS solve - True  iter=0, iota=0.5102845243014864, ||grad||_inf = 6.029e-03
NEWTON solve - True  iter=1, iota=0.5101779719076401, ||grad||_inf = 1.500e-04
Solve success: True
    iota: 0.5101779719076401
    G: -3.1937408621978602
Objective J: 6.382488e+03, ||∇J||: 6.589835e+03
Callback (Iteration 99): 
    iota: 0.5101779719076401
       G: -3.1937408621978602
       J: 6382.487658100602
    |dJ|: 6589.834547944572
======================================================================
Step size: 5.48e-01
BFGS solve - True  iter=31, iota=0.5098498944180307, ||grad||_inf = 8.101e-03
NEWTON solve - True  iter=1, iota=0.5089897809175564, ||grad||_inf = 5.674e-06
Solve success: True
    iota: 0.5089897809175564
    G: -3.1937403386246612
Objective J: 2.304228e+04, ||∇J||: 6.004688e+05
Step size: 5.31e-01
BFGS solve - True  iter=0, iota=0.5101779719076401, ||grad||_inf = 9.143e-04
NEWTON solve - True  iter=0, iota=0.5101779719076401, ||grad||_inf = 9.143e-04
Solve success: True
    iota: 0.5101779719076401
    G: -3.1937408621978602
Objective J: 6.319906e+03, ||∇J||: 6.637796e+03
Step size: 7.11e-02
BFGS solve - True  iter=0, iota=0.5101779719076401, ||grad||_inf = 4.768e-03
NEWTON solve - True  iter=1, iota=0.5100481934306688, ||grad||_inf = 8.061e-05
Solve success: True
    iota: 0.5100481934306688
    G: -3.193740671354086
Objective J: 6.470080e+03, ||∇J||: 6.753572e+04
Step size: 4.23e-02
BFGS solve - True  iter=0, iota=0.5101779719076401, ||grad||_inf = 2.479e-03
NEWTON solve - True  iter=0, iota=0.5101779719076401, ||grad||_inf = 2.479e-03
Solve success: True
    iota: 0.5101779719076401
    G: -3.1937408621978602
Objective J: 6.239212e+03, ||∇J||: 9.349448e+03
Callback (Iteration 100): 
    iota: 0.5101779719076401
       G: -3.1937408621978602
       J: 6239.211721444461
    |dJ|: 9349.447812259323
======================================================================
Step size: 1.63e-01
BFGS solve - True  iter=1, iota=0.5101774198875569, ||grad||_inf = 8.669e-03
NEWTON solve - True  iter=1, iota=0.5098994977517349, ||grad||_inf = 2.865e-04
Solve success: True
    iota: 0.5098994977517349
    G: -3.1937405585445156
Objective J: 7.603727e+03, ||∇J||: 6.627026e+05
Step size: 1.30e-01
BFGS solve - True  iter=0, iota=0.5101779719076401, ||grad||_inf = 4.136e-03
NEWTON solve - True  iter=0, iota=0.5101779719076401, ||grad||_inf = 4.136e-03
Solve success: True
    iota: 0.5101779719076401
    G: -3.1937408621978602
Objective J: 6.093536e+03, ||∇J||: 1.605527e+04
Callback (Iteration 101): 
    iota: 0.5101779719076401
       G: -3.1937408621978602
       J: 6093.536206598545
    |dJ|: 16055.27156319021
======================================================================
Step size: 4.42e-01
BFGS solve - True  iter=9, iota=0.5101646291186919, ||grad||_inf = 9.950e-03
NEWTON solve - True  iter=1, iota=0.5096983520124366, ||grad||_inf = 2.833e-04
Solve success: True
    iota: 0.5096983520124366
    G: -3.1937405111291426
Objective J: 1.393825e+04, ||∇J||: 9.725131e+05
Step size: 4.00e-01
BFGS solve - True  iter=0, iota=0.5101779719076401, ||grad||_inf = 5.951e-03
NEWTON solve - True  iter=1, iota=0.5100449106864338, ||grad||_inf = 1.096e-04
Solve success: True
    iota: 0.5100449106864338
    G: -3.1937406710449037
Objective J: 5.882804e+03, ||∇J||: 4.992120e+04
Callback (Iteration 102): 
    iota: 0.5100449106864338
       G: -3.1937406710449037
       J: 5882.804020389258
    |dJ|: 49921.20036045199
======================================================================
Step size: 4.64e-01
BFGS solve - True  iter=28, iota=0.5100392521954369, ||grad||_inf = 8.272e-03
NEWTON solve - True  iter=1, iota=0.5098136066318373, ||grad||_inf = 6.056e-05
Solve success: True
    iota: 0.5098136066318373
    G: -3.193740828163409
Objective J: 1.705924e+04, ||∇J||: 9.883551e+05
Step size: 4.37e-01
BFGS solve - True  iter=0, iota=0.5100449106864338, ||grad||_inf = 1.099e-03
NEWTON solve - True  iter=0, iota=0.5100449106864338, ||grad||_inf = 1.099e-03
Solve success: True
    iota: 0.5100449106864338
    G: -3.1937406710449037
Objective J: 5.742136e+03, ||∇J||: 4.362282e+04
Callback (Iteration 103): 
    iota: 0.5100449106864338
       G: -3.1937406710449037
       J: 5742.135659751529
    |dJ|: 43622.81831299268
======================================================================
Step size: 3.49e-01
BFGS solve - True  iter=23, iota=0.5100411184121791, ||grad||_inf = 9.384e-03
NEWTON solve - True  iter=1, iota=0.5098179761733719, ||grad||_inf = 4.265e-05
Solve success: True
    iota: 0.5098179761733719
    G: -3.1937407067675063
Objective J: 1.349195e+04, ||∇J||: 9.720708e+05
Step size: 3.26e-01
BFGS solve - True  iter=0, iota=0.5100449106864338, ||grad||_inf = 1.884e-03
NEWTON solve - True  iter=0, iota=0.5100449106864338, ||grad||_inf = 1.884e-03
Solve success: True
    iota: 0.5100449106864338
    G: -3.1937406710449037
Objective J: 5.623944e+03, ||∇J||: 4.389129e+04
Callback (Iteration 104): 
    iota: 0.5100449106864338
       G: -3.1937406710449037
       J: 5623.944240723761
    |dJ|: 43891.292324063084
======================================================================
Step size: 3.96e-01
BFGS solve - True  iter=18, iota=0.5100566388468604, ||grad||_inf = 8.612e-03
NEWTON solve - True  iter=1, iota=0.5098643199409303, ||grad||_inf = 6.497e-05
Solve success: True
    iota: 0.5098643199409303
    G: -3.1937408857221916
Objective J: 1.688680e+04, ||∇J||: 8.579977e+05
Step size: 3.76e-01
BFGS solve - True  iter=0, iota=0.5100449106864338, ||grad||_inf = 2.541e-03
NEWTON solve - True  iter=0, iota=0.5100449106864338, ||grad||_inf = 2.541e-03
Solve success: True
    iota: 0.5100449106864338
    G: -3.1937406710449037
Objective J: 5.505264e+03, ||∇J||: 3.985941e+04
Step size: 1.57e-01
BFGS solve - True  iter=0, iota=0.5100449106864338, ||grad||_inf = 8.817e-03
NEWTON solve - True  iter=1, iota=0.5099632763707218, ||grad||_inf = 1.883e-04
Solve success: True
    iota: 0.5099632763707218
    G: -3.193740668340083
Objective J: 8.643143e+03, ||∇J||: 9.746035e+05
Step size: 1.44e-01
BFGS solve - True  iter=0, iota=0.5100449106864338, ||grad||_inf = 2.994e-03
NEWTON solve - True  iter=0, iota=0.5100449106864338, ||grad||_inf = 2.994e-03
Solve success: True
    iota: 0.5100449106864338
    G: -3.1937406710449037
Objective J: 5.432434e+03, ||∇J||: 3.746483e+04
Callback (Iteration 105): 
    iota: 0.5100449106864338
       G: -3.1937406710449037
       J: 5432.434011231796
    |dJ|: 37464.831796150786
======================================================================
Step size: 4.13e-01
BFGS solve - True  iter=3, iota=0.5100442811550335, ||grad||_inf = 7.442e-03
NEWTON solve - True  iter=1, iota=0.5098596310487369, ||grad||_inf = 5.170e-04
Solve success: True
    iota: 0.5098596310487369
    G: -3.1937410003233673
Objective J: 1.628618e+04, ||∇J||: 3.758069e+05
Step size: 3.91e-01
BFGS solve - True  iter=0, iota=0.5100449106864338, ||grad||_inf = 3.303e-03
NEWTON solve - True  iter=0, iota=0.5100449106864338, ||grad||_inf = 3.303e-03
Solve success: True
    iota: 0.5100449106864338
    G: -3.1937406710449037
Objective J: 5.310491e+03, ||∇J||: 3.589070e+04
Step size: 1.31e-01
BFGS solve - True  iter=0, iota=0.5100449106864338, ||grad||_inf = 7.123e-03
NEWTON solve - True  iter=1, iota=0.5099649746432529, ||grad||_inf = 1.768e-04
Solve success: True
    iota: 0.5099649746432529
    G: -3.193740678356611
Objective J: 6.601567e+03, ||∇J||: 3.334478e+05
Step size: 1.01e-01
BFGS solve - True  iter=0, iota=0.5100449106864338, ||grad||_inf = 3.836e-03
NEWTON solve - True  iter=1, iota=0.5099994381421434, ||grad||_inf = 7.079e-05
Solve success: True
    iota: 0.5099994381421434
    G: -3.1937406300569107
Objective J: 5.168361e+03, ||∇J||: 4.728245e+04
Callback (Iteration 106): 
    iota: 0.5099994381421434
       G: -3.1937406300569107
       J: 5168.360618172415
    |dJ|: 47282.453481916964
======================================================================
Step size: 4.49e-01
BFGS solve - True  iter=3, iota=0.5099991973418744, ||grad||_inf = 5.051e-03
NEWTON solve - True  iter=1, iota=0.5098830658770742, ||grad||_inf = 2.156e-04
Solve success: True
    iota: 0.5098830658770742
    G: -3.1937412352353762
Objective J: 1.988913e+04, ||∇J||: 3.747207e+05
Step size: 4.31e-01
BFGS solve - True  iter=0, iota=0.5099994381421434, ||grad||_inf = 8.896e-04
NEWTON solve - True  iter=0, iota=0.5099994381421434, ||grad||_inf = 8.896e-04
Solve success: True
    iota: 0.5099994381421434
    G: -3.1937406300569107
Objective J: 5.080010e+03, ||∇J||: 2.982786e+04
Callback (Iteration 107): 
    iota: 0.5099994381421434
       G: -3.1937406300569107
       J: 5080.0096069310775
    |dJ|: 29827.8626126682
======================================================================
Step size: 5.96e-02
BFGS solve - True  iter=0, iota=0.5099994381421434, ||grad||_inf = 4.430e-03
NEWTON solve - True  iter=0, iota=0.5099994381421434, ||grad||_inf = 4.430e-03
Solve success: True
    iota: 0.5099994381421434
    G: -3.1937406300569107
Objective J: 5.190984e+03, ||∇J||: 1.536482e+05
Step size: 3.55e-02
BFGS solve - True  iter=0, iota=0.5099994381421434, ||grad||_inf = 2.320e-03
NEWTON solve - True  iter=0, iota=0.5099994381421434, ||grad||_inf = 2.320e-03
Solve success: True
    iota: 0.5099994381421434
    G: -3.1937406300569107
Objective J: 5.006174e+03, ||∇J||: 3.786213e+04
Callback (Iteration 108): 
    iota: 0.5099994381421434
       G: -3.1937406300569107
       J: 5006.173556820652
    |dJ|: 37862.12890767898
======================================================================
Step size: 6.21e-02
BFGS solve - True  iter=0, iota=0.5099994381421434, ||grad||_inf = 8.384e-03
NEWTON solve - True  iter=1, iota=0.5100797834483131, ||grad||_inf = 1.460e-05
Solve success: True
    iota: 0.5100797834483131
    G: -3.1937407508205053
Objective J: 6.356800e+03, ||∇J||: 3.604796e+05
Step size: 5.31e-02
BFGS solve - True  iter=0, iota=0.5099994381421434, ||grad||_inf = 3.195e-03
NEWTON solve - True  iter=0, iota=0.5099994381421434, ||grad||_inf = 3.195e-03
Solve success: True
    iota: 0.5099994381421434
    G: -3.1937406300569107
Objective J: 4.967874e+03, ||∇J||: 2.305812e+04
Callback (Iteration 109): 
    iota: 0.5099994381421434
       G: -3.1937406300569107
       J: 4967.873936717317
    |dJ|: 23058.12454389525
======================================================================
Step size: 3.41e-02
BFGS solve - True  iter=0, iota=0.5099994381421434, ||grad||_inf = 6.387e-03
NEWTON solve - True  iter=1, iota=0.5100744544180187, ||grad||_inf = 4.673e-06
Solve success: True
    iota: 0.5100744544180187
    G: -3.1937407241438263
Objective J: 5.066069e+03, ||∇J||: 1.574602e+05
Step size: 2.02e-02
BFGS solve - True  iter=0, iota=0.5099994381421434, ||grad||_inf = 4.500e-03
NEWTON solve - True  iter=0, iota=0.5099994381421434, ||grad||_inf = 4.500e-03
Solve success: True
    iota: 0.5099994381421434
    G: -3.1937406300569107
Objective J: 4.922701e+03, ||∇J||: 1.702113e+04
Callback (Iteration 110): 
    iota: 0.5099994381421434
       G: -3.1937406300569107
       J: 4922.701417263828
    |dJ|: 17021.13043482476
======================================================================
Step size: 2.28e-02
BFGS solve - True  iter=0, iota=0.5099994381421434, ||grad||_inf = 6.365e-03
NEWTON solve - True  iter=1, iota=0.5100508460330057, ||grad||_inf = 6.871e-06
Solve success: True
    iota: 0.5100508460330057
    G: -3.1937407142314247
Objective J: 4.835222e+03, ||∇J||: 1.440009e+04
Callback (Iteration 111): 
    iota: 0.5100508460330057
       G: -3.1937407142314247
       J: 4835.22189805674
    |dJ|: 14400.091832059341
======================================================================
Step size: 1.26e-01
BFGS solve - True  iter=1, iota=0.5100508577572114, ||grad||_inf = 9.063e-03
NEWTON solve - True  iter=1, iota=0.5100723092161841, ||grad||_inf = 1.005e-05
Solve success: True
    iota: 0.5100723092161841
    G: -3.193740883868171
Objective J: 4.541270e+03, ||∇J||: 5.571390e+03
Callback (Iteration 112): 
    iota: 0.5100723092161841
       G: -3.193740883868171
       J: 4541.269671019173
    |dJ|: 5571.389886891448
======================================================================
Step size: 1.32e-01
BFGS solve - True  iter=0, iota=0.5100723092161841, ||grad||_inf = 5.527e-03
NEWTON solve - True  iter=1, iota=0.5099104804289999, ||grad||_inf = 4.839e-05
Solve success: True
    iota: 0.5099104804289999
    G: -3.193740984689958
Objective J: 5.238215e+03, ||∇J||: 2.478086e+05
Step size: 1.02e-01
BFGS solve - True  iter=0, iota=0.5100723092161841, ||grad||_inf = 1.278e-03
NEWTON solve - True  iter=0, iota=0.5100723092161841, ||grad||_inf = 1.278e-03
Solve success: True
    iota: 0.5100723092161841
    G: -3.193740883868171
Objective J: 4.505074e+03, ||∇J||: 7.416179e+03
Callback (Iteration 113): 
    iota: 0.5100723092161841
       G: -3.193740883868171
       J: 4505.073623590626
    |dJ|: 7416.17947624948
======================================================================
Step size: 1.21e-01
BFGS solve - True  iter=1, iota=0.5100722174709927, ||grad||_inf = 9.459e-03
NEWTON solve - True  iter=1, iota=0.5099492862218871, ||grad||_inf = 8.354e-05
Solve success: True
    iota: 0.5099492862218871
    G: -3.1937409259421643
Objective J: 4.921851e+03, ||∇J||: 4.122583e+05
Step size: 7.33e-02
BFGS solve - True  iter=0, iota=0.5100723092161841, ||grad||_inf = 5.237e-03
NEWTON solve - True  iter=0, iota=0.5100723092161841, ||grad||_inf = 5.237e-03
Solve success: True
    iota: 0.5100723092161841
    G: -3.193740883868171
Objective J: 4.458068e+03, ||∇J||: 1.137334e+04
Callback (Iteration 114): 
    iota: 0.5100723092161841
       G: -3.193740883868171
       J: 4458.067739194675
    |dJ|: 11373.339395781515
======================================================================
Step size: 7.12e-02
BFGS solve - True  iter=0, iota=0.5100723092161841, ||grad||_inf = 8.622e-03
NEWTON solve - True  iter=1, iota=0.5100936481889643, ||grad||_inf = 8.108e-05
Solve success: True
    iota: 0.5100936481889643
    G: -3.1937410528392958
Objective J: 8.405285e+03, ||∇J||: 7.018029e+05
Step size: 6.90e-02
BFGS solve - True  iter=0, iota=0.5100723092161841, ||grad||_inf = 5.342e-03
NEWTON solve - True  iter=0, iota=0.5100723092161841, ||grad||_inf = 5.342e-03
Solve success: True
    iota: 0.5100723092161841
    G: -3.193740883868171
Objective J: 4.449803e+03, ||∇J||: 1.068156e+04
Step size: 4.56e-02
BFGS solve - True  iter=0, iota=0.5100723092161841, ||grad||_inf = 7.536e-03
NEWTON solve - True  iter=1, iota=0.5100621871674930, ||grad||_inf = 5.093e-05
Solve success: True
    iota: 0.510062187167493
    G: -3.193741003537582
Objective J: 5.882384e+03, ||∇J||: 6.865562e+05
Step size: 3.95e-02
BFGS solve - True  iter=0, iota=0.5100723092161841, ||grad||_inf = 5.642e-03
NEWTON solve - True  iter=0, iota=0.5100723092161841, ||grad||_inf = 5.642e-03
Solve success: True
    iota: 0.5100723092161841
    G: -3.193740883868171
Objective J: 4.428072e+03, ||∇J||: 8.972834e+03
Callback (Iteration 115): 
    iota: 0.5100723092161841
       G: -3.193740883868171
       J: 4428.071952891519
    |dJ|: 8972.834287417021
======================================================================
Step size: 1.25e-01
BFGS solve - True  iter=3, iota=0.5100727673204837, ||grad||_inf = 8.764e-03
NEWTON solve - True  iter=1, iota=0.5100729602571533, ||grad||_inf = 1.021e-04
Solve success: True
    iota: 0.5100729602571533
    G: -3.1937411231118302
Objective J: 1.039973e+04, ||∇J||: 7.029857e+05
Step size: 1.23e-01
BFGS solve - True  iter=0, iota=0.5100723092161841, ||grad||_inf = 5.714e-03
NEWTON solve - True  iter=0, iota=0.5100723092161841, ||grad||_inf = 5.714e-03
Solve success: True
    iota: 0.5100723092161841
    G: -3.193740883868171
Objective J: 4.423956e+03, ||∇J||: 8.822338e+03
Step size: 8.10e-02
BFGS solve - True  iter=0, iota=0.5100723092161841, ||grad||_inf = 8.842e-03
NEWTON solve - True  iter=1, iota=0.5100538672824522, ||grad||_inf = 7.840e-05
Solve success: True
    iota: 0.5100538672824522
    G: -3.193741057397763
Objective J: 7.454868e+03, ||∇J||: 7.022730e+05
Step size: 7.91e-02
BFGS solve - True  iter=0, iota=0.5100723092161841, ||grad||_inf = 5.791e-03
NEWTON solve - True  iter=0, iota=0.5100723092161841, ||grad||_inf = 5.791e-03
Solve success: True
    iota: 0.5100723092161841
    G: -3.193740883868171
Objective J: 4.419571e+03, ||∇J||: 8.663166e+03
Step size: 5.22e-02
BFGS solve - True  iter=0, iota=0.5100723092161841, ||grad||_inf = 7.815e-03
NEWTON solve - True  iter=1, iota=0.5100401276230584, ||grad||_inf = 5.382e-05
Solve success: True
    iota: 0.5100401276230584
    G: -3.19374101337259
Objective J: 5.579348e+03, ||∇J||: 6.732011e+05
Step size: 4.74e-02
BFGS solve - True  iter=0, iota=0.5100723092161841, ||grad||_inf = 5.979e-03
NEWTON solve - True  iter=0, iota=0.5100723092161841, ||grad||_inf = 5.979e-03
Solve success: True
    iota: 0.5100723092161841
    G: -3.193740883868171
Objective J: 4.409183e+03, ||∇J||: 8.295758e+03
Step size: 3.13e-02
BFGS solve - True  iter=0, iota=0.5100723092161841, ||grad||_inf = 7.195e-03
NEWTON solve - True  iter=1, iota=0.5100324200202558, ||grad||_inf = 4.195e-05
Solve success: True
    iota: 0.5100324200202558
    G: -3.193740986745174
Objective J: 4.646422e+03, ||∇J||: 4.064014e+05
Step size: 2.25e-02
BFGS solve - True  iter=0, iota=0.5100723092161841, ||grad||_inf = 6.320e-03
NEWTON solve - True  iter=1, iota=0.5100222896683887, ||grad||_inf = 2.823e-05
Solve success: True
    iota: 0.5100222896683887
    G: -3.193740949266824
Objective J: 4.392629e+03, ||∇J||: 9.454533e+03
Callback (Iteration 116): 
    iota: 0.5100222896683887
       G: -3.193740949266824
       J: 4392.629130570613
    |dJ|: 9454.532765211829
======================================================================
Step size: 9.85e-02
BFGS solve - True  iter=0, iota=0.5100222896683887, ||grad||_inf = 4.200e-03
NEWTON solve - True  iter=1, iota=0.5100873121741104, ||grad||_inf = 1.872e-05
Solve success: True
    iota: 0.5100873121741104
    G: -3.193741140027721
Objective J: 4.975423e+03, ||∇J||: 6.008233e+05
Step size: 6.76e-02
BFGS solve - True  iter=0, iota=0.5100222896683887, ||grad||_inf = 1.303e-03
NEWTON solve - True  iter=0, iota=0.5100222896683887, ||grad||_inf = 1.303e-03
Solve success: True
    iota: 0.5100222896683887
    G: -3.193740949266824
Objective J: 4.336133e+03, ||∇J||: 1.190539e+04
Callback (Iteration 117): 
    iota: 0.5100222896683887
       G: -3.193740949266824
       J: 4336.133452216469
    |dJ|: 11905.387427414646
======================================================================
Step size: 2.57e-01
BFGS solve - True  iter=5, iota=0.5100255380614661, ||grad||_inf = 9.857e-03
NEWTON solve - True  iter=1, iota=0.5102105407510766, ||grad||_inf = 9.896e-05
Solve success: True
    iota: 0.5102105407510766
    G: -3.193741448389973
Objective J: 1.279368e+04, ||∇J||: 6.961840e+05
Step size: 2.52e-01
BFGS solve - True  iter=0, iota=0.5100222896683887, ||grad||_inf = 1.537e-03
NEWTON solve - True  iter=0, iota=0.5100222896683887, ||grad||_inf = 1.537e-03
Solve success: True
    iota: 0.5100222896683887
    G: -3.193740949266824
Objective J: 4.328190e+03, ||∇J||: 9.805391e+03
Step size: 7.53e-02
BFGS solve - True  iter=0, iota=0.5100222896683887, ||grad||_inf = 5.786e-03
NEWTON solve - True  iter=1, iota=0.5100981691422388, ||grad||_inf = 1.861e-05
Solve success: True
    iota: 0.5100981691422388
    G: -3.1937411630624424
Objective J: 5.340173e+03, ||∇J||: 6.585614e+05
Step size: 6.77e-02
BFGS solve - True  iter=0, iota=0.5100222896683887, ||grad||_inf = 1.962e-03
NEWTON solve - True  iter=0, iota=0.5100222896683887, ||grad||_inf = 1.962e-03
Solve success: True
    iota: 0.5100222896683887
    G: -3.193740949266824
Objective J: 4.314855e+03, ||∇J||: 7.444684e+03
Callback (Iteration 118): 
    iota: 0.5100222896683887
       G: -3.193740949266824
       J: 4314.855473889429
    |dJ|: 7444.68421686222
======================================================================
Step size: 1.80e-01
BFGS solve - True  iter=0, iota=0.5100222896683887, ||grad||_inf = 8.390e-03
NEWTON solve - True  iter=1, iota=0.5101157089560708, ||grad||_inf = 6.521e-05
Solve success: True
    iota: 0.5101157089560708
    G: -3.1937413203754117
Objective J: 7.981197e+03, ||∇J||: 6.932977e+05
Step size: 1.76e-01
BFGS solve - True  iter=0, iota=0.5100222896683887, ||grad||_inf = 2.101e-03
NEWTON solve - True  iter=0, iota=0.5100222896683887, ||grad||_inf = 2.101e-03
Solve success: True
    iota: 0.5100222896683887
    G: -3.193740949266824
Objective J: 4.309274e+03, ||∇J||: 7.813378e+03
Step size: 3.20e-02
BFGS solve - True  iter=0, iota=0.5100222896683887, ||grad||_inf = 3.230e-03
NEWTON solve - True  iter=0, iota=0.5100222896683887, ||grad||_inf = 3.230e-03
Solve success: True
    iota: 0.5100222896683887
    G: -3.193740949266824
Objective J: 4.302421e+03, ||∇J||: 8.720750e+04
Step size: 2.10e-02
BFGS solve - True  iter=0, iota=0.5100222896683887, ||grad||_inf = 2.488e-03
NEWTON solve - True  iter=0, iota=0.5100222896683887, ||grad||_inf = 2.488e-03
Solve success: True
    iota: 0.5100222896683887
    G: -3.193740949266824
Objective J: 4.295898e+03, ||∇J||: 1.250523e+04
Callback (Iteration 119): 
    iota: 0.5100222896683887
       G: -3.193740949266824
       J: 4295.898008652689
    |dJ|: 12505.228362135282
======================================================================
Step size: 1.19e-01
BFGS solve - True  iter=0, iota=0.5100222896683887, ||grad||_inf = 4.566e-03
NEWTON solve - True  iter=0, iota=0.5100222896683887, ||grad||_inf = 4.566e-03
Solve success: True
    iota: 0.5100222896683887
    G: -3.193740949266824
Objective J: 4.264341e+03, ||∇J||: 9.289126e+04
Step size: 8.56e-02
BFGS solve - True  iter=0, iota=0.5100222896683887, ||grad||_inf = 3.070e-03
NEWTON solve - True  iter=0, iota=0.5100222896683887, ||grad||_inf = 3.070e-03
Solve success: True
    iota: 0.5100222896683887
    G: -3.193740949266824
Objective J: 4.255610e+03, ||∇J||: 1.873346e+04
Callback (Iteration 120): 
    iota: 0.5100222896683887
       G: -3.193740949266824
       J: 4255.609939501963
    |dJ|: 18733.459077982734
======================================================================
Step size: 2.92e-01
BFGS solve - True  iter=0, iota=0.5100222896683887, ||grad||_inf = 6.200e-03
NEWTON solve - True  iter=1, iota=0.5098801843770153, ||grad||_inf = 1.603e-05
Solve success: True
    iota: 0.5098801843770153
    G: -3.1937415145670185
Objective J: 6.907337e+03, ||∇J||: 3.519675e+05
Step size: 2.78e-01
BFGS solve - True  iter=0, iota=0.5100222896683887, ||grad||_inf = 3.215e-03
NEWTON solve - True  iter=0, iota=0.5100222896683887, ||grad||_inf = 3.215e-03
Solve success: True
    iota: 0.5100222896683887
    G: -3.193740949266824
Objective J: 4.238821e+03, ||∇J||: 1.664511e+04
Step size: 8.03e-02
BFGS solve - True  iter=0, iota=0.5100222896683887, ||grad||_inf = 4.073e-03
NEWTON solve - True  iter=0, iota=0.5100222896683887, ||grad||_inf = 4.073e-03
Solve success: True
    iota: 0.5100222896683887
    G: -3.193740949266824
Objective J: 4.251984e+03, ||∇J||: 9.327597e+04
Step size: 3.98e-02
BFGS solve - True  iter=0, iota=0.5100222896683887, ||grad||_inf = 3.648e-03
NEWTON solve - True  iter=0, iota=0.5100222896683887, ||grad||_inf = 3.648e-03
Solve success: True
    iota: 0.5100222896683887
    G: -3.193740949266824
Objective J: 4.203048e+03, ||∇J||: 1.984391e+04
Callback (Iteration 121): 
    iota: 0.5100222896683887
       G: -3.193740949266824
       J: 4203.048010031461
    |dJ|: 19843.914912823384
======================================================================
Step size: 8.55e-02
BFGS solve - True  iter=0, iota=0.5100222896683887, ||grad||_inf = 4.463e-03
NEWTON solve - True  iter=0, iota=0.5100222896683887, ||grad||_inf = 4.463e-03
Solve success: True
    iota: 0.5100222896683887
    G: -3.193740949266824
Objective J: 4.114115e+03, ||∇J||: 1.942991e+04
Callback (Iteration 122): 
    iota: 0.5100222896683887
       G: -3.193740949266824
       J: 4114.115284618331
    |dJ|: 19429.905164126707
======================================================================
Step size: 1.19e-01
BFGS solve - True  iter=0, iota=0.5100222896683887, ||grad||_inf = 7.516e-03
NEWTON solve - True  iter=1, iota=0.5098852408588144, ||grad||_inf = 1.684e-05
Solve success: True
    iota: 0.5098852408588144
    G: -3.193741403875322
Objective J: 3.936619e+03, ||∇J||: 2.304857e+04
Callback (Iteration 123): 
    iota: 0.5098852408588144
       G: -3.193741403875322
       J: 3936.618551099388
    |dJ|: 23048.572388122408
======================================================================
Step size: 4.06e-01
BFGS solve - True  iter=15, iota=0.5098710604522043, ||grad||_inf = 9.422e-03
NEWTON solve - True  iter=1, iota=0.5095575598780642, ||grad||_inf = 1.720e-05
Solve success: True
    iota: 0.5095575598780642
    G: -3.1937418319635493
Objective J: 6.678297e+03, ||∇J||: 7.312562e+05
Step size: 3.48e-01
BFGS solve - True  iter=0, iota=0.5098852408588144, ||grad||_inf = 2.456e-03
NEWTON solve - True  iter=0, iota=0.5098852408588144, ||grad||_inf = 2.456e-03
Solve success: True
    iota: 0.5098852408588144
    G: -3.193741403875322
Objective J: 3.815898e+03, ||∇J||: 1.657753e+04
Callback (Iteration 124): 
    iota: 0.5098852408588144
       G: -3.193741403875322
       J: 3815.89797537363
    |dJ|: 16577.527123668267
======================================================================
Step size: 2.89e-01
BFGS solve - True  iter=8, iota=0.5098829710401871, ||grad||_inf = 9.367e-03
NEWTON solve - True  iter=1, iota=0.5096426506836633, ||grad||_inf = 1.585e-05
Solve success: True
    iota: 0.5096426506836633
    G: -3.1937417694711066
Objective J: 5.595286e+03, ||∇J||: 7.244981e+05
Step size: 2.50e-01
BFGS solve - True  iter=0, iota=0.5098852408588144, ||grad||_inf = 4.003e-03
NEWTON solve - True  iter=0, iota=0.5098852408588144, ||grad||_inf = 4.003e-03
Solve success: True
    iota: 0.5098852408588144
    G: -3.193741403875322
Objective J: 3.749814e+03, ||∇J||: 1.926241e+04
Callback (Iteration 125): 
    iota: 0.5098852408588144
       G: -3.193741403875322
       J: 3749.8136405830514
    |dJ|: 19262.414298228938
======================================================================
Step size: 6.09e-01
BFGS solve - True  iter=22, iota=0.5097835404404863, ||grad||_inf = 8.718e-03
NEWTON solve - True  iter=1, iota=0.5094009210687039, ||grad||_inf = 2.941e-05
Solve success: True
    iota: 0.5094009210687039
    G: -3.1937421007326745
Objective J: 1.243303e+04, ||∇J||: 7.320649e+05
Step size: 5.87e-01
BFGS solve - True  iter=0, iota=0.5098852408588144, ||grad||_inf = 4.896e-03
NEWTON solve - True  iter=1, iota=0.5098076707276208, ||grad||_inf = 3.989e-06
Solve success: True
    iota: 0.5098076707276208
    G: -3.1937415262216717
Objective J: 3.706172e+03, ||∇J||: 1.713490e+04
Step size: 1.52e-01
BFGS solve - True  iter=5, iota=0.5098842041401487, ||grad||_inf = 7.398e-03
NEWTON solve - True  iter=1, iota=0.5097182509629682, ||grad||_inf = 1.556e-05
Solve success: True
    iota: 0.5097182509629682
    G: -3.193741687863157
Objective J: 4.512343e+03, ||∇J||: 6.929901e+05
Step size: 1.24e-01
BFGS solve - True  iter=0, iota=0.5098852408588144, ||grad||_inf = 6.004e-03
NEWTON solve - True  iter=1, iota=0.5097921075392757, ||grad||_inf = 5.935e-06
Solve success: True
    iota: 0.5097921075392757
    G: -3.1937415548525996
Objective J: 3.657279e+03, ||∇J||: 1.540744e+04
Callback (Iteration 126): 
    iota: 0.5097921075392757
       G: -3.1937415548525996
       J: 3657.279352216332
    |dJ|: 15407.443577424137
======================================================================
Step size: 4.45e-01
BFGS solve - True  iter=2, iota=0.5097918054071682, ||grad||_inf = 7.366e-03
NEWTON solve - True  iter=1, iota=0.5095296941592313, ||grad||_inf = 1.250e-04
Solve success: True
    iota: 0.5095296941592313
    G: -3.1937420466059416
Objective J: 6.138540e+03, ||∇J||: 3.303150e+05
Step size: 4.05e-01
BFGS solve - True  iter=0, iota=0.5097921075392757, ||grad||_inf = 9.024e-04
NEWTON solve - True  iter=0, iota=0.5097921075392757, ||grad||_inf = 9.024e-04
Solve success: True
    iota: 0.5097921075392757
    G: -3.1937415548525996
Objective J: 3.605205e+03, ||∇J||: 1.914506e+04
Callback (Iteration 127): 
    iota: 0.5097921075392757
       G: -3.1937415548525996
       J: 3605.2048945115016
    |dJ|: 19145.064863498374
======================================================================
Step size: 2.97e-01
BFGS solve - True  iter=0, iota=0.5097921075392757, ||grad||_inf = 7.969e-03
NEWTON solve - True  iter=1, iota=0.5096145337063960, ||grad||_inf = 1.101e-04
Solve success: True
    iota: 0.509614533706396
    G: -3.1937419343171944
Objective J: 5.805461e+03, ||∇J||: 3.687364e+05
Step size: 2.71e-01
BFGS solve - True  iter=0, iota=0.5097921075392757, ||grad||_inf = 1.514e-03
NEWTON solve - True  iter=0, iota=0.5097921075392757, ||grad||_inf = 1.514e-03
Solve success: True
    iota: 0.5097921075392757
    G: -3.1937415548525996
Objective J: 3.562596e+03, ||∇J||: 1.468983e+04
Callback (Iteration 128): 
    iota: 0.5097921075392757
       G: -3.1937415548525996
       J: 3562.5960792242868
    |dJ|: 14689.829069611473
======================================================================
Step size: 1.18e-01
BFGS solve - True  iter=0, iota=0.5097921075392757, ||grad||_inf = 4.458e-03
NEWTON solve - True  iter=0, iota=0.5097921075392757, ||grad||_inf = 4.458e-03
Solve success: True
    iota: 0.5097921075392757
    G: -3.1937415548525996
Objective J: 3.852282e+03, ||∇J||: 2.623625e+05
Step size: 8.06e-02
BFGS solve - True  iter=0, iota=0.5097921075392757, ||grad||_inf = 2.445e-03
NEWTON solve - True  iter=0, iota=0.5097921075392757, ||grad||_inf = 2.445e-03
Solve success: True
    iota: 0.5097921075392757
    G: -3.1937415548525996
Objective J: 3.507703e+03, ||∇J||: 1.417327e+04
Callback (Iteration 129): 
    iota: 0.5097921075392757
       G: -3.1937415548525996
       J: 3507.702911742547
    |dJ|: 14173.273221760894
======================================================================
Step size: 6.00e-02
BFGS solve - True  iter=0, iota=0.5097921075392757, ||grad||_inf = 4.311e-03
NEWTON solve - True  iter=0, iota=0.5097921075392757, ||grad||_inf = 4.311e-03
Solve success: True
    iota: 0.5097921075392757
    G: -3.1937415548525996
Objective J: 3.387271e+03, ||∇J||: 2.972354e+04
Callback (Iteration 130): 
    iota: 0.5097921075392757
       G: -3.1937415548525996
       J: 3387.270774354272
    |dJ|: 29723.53693730279
======================================================================
Step size: 1.83e-01
BFGS solve - True  iter=4, iota=0.5097904876132902, ||grad||_inf = 5.745e-03
NEWTON solve - True  iter=1, iota=0.5098371158667865, ||grad||_inf = 2.925e-04
Solve success: True
    iota: 0.5098371158667865
    G: -3.1937419217458043
Objective J: 5.778283e+03, ||∇J||: 4.883791e+05
Step size: 1.71e-01
BFGS solve - True  iter=0, iota=0.5097921075392757, ||grad||_inf = 4.680e-03
NEWTON solve - True  iter=0, iota=0.5097921075392757, ||grad||_inf = 4.680e-03
Solve success: True
    iota: 0.5097921075392757
    G: -3.1937415548525996
Objective J: 3.355892e+03, ||∇J||: 2.434557e+04
Callback (Iteration 131): 
    iota: 0.5097921075392757
       G: -3.1937415548525996
       J: 3355.8923709693713
    |dJ|: 24345.56592392331
======================================================================
Step size: 2.80e-02
BFGS solve - True  iter=0, iota=0.5097921075392757, ||grad||_inf = 5.089e-03
NEWTON solve - True  iter=1, iota=0.5098248952071581, ||grad||_inf = 9.977e-05
Solve success: True
    iota: 0.5098248952071581
    G: -3.193741726943606
Objective J: 3.258557e+03, ||∇J||: 5.322341e+04
Callback (Iteration 132): 
    iota: 0.5098248952071581
       G: -3.193741726943606
       J: 3258.557027391833
    |dJ|: 53223.413998328964
======================================================================
Step size: 3.90e-02
BFGS solve - True  iter=0, iota=0.5098248952071581, ||grad||_inf = 1.736e-03
NEWTON solve - True  iter=0, iota=0.5098248952071581, ||grad||_inf = 1.736e-03
Solve success: True
    iota: 0.5098248952071581
    G: -3.193741726943606
Objective J: 3.201910e+03, ||∇J||: 1.419257e+04
Callback (Iteration 133): 
    iota: 0.5098248952071581
       G: -3.193741726943606
       J: 3201.9098054333235
    |dJ|: 14192.569837683011
======================================================================
Step size: 3.52e-02
BFGS solve - True  iter=0, iota=0.5098248952071581, ||grad||_inf = 3.261e-03
NEWTON solve - True  iter=0, iota=0.5098248952071581, ||grad||_inf = 3.261e-03
Solve success: True
    iota: 0.5098248952071581
    G: -3.193741726943606
Objective J: 3.193607e+03, ||∇J||: 2.190200e+04
Step size: 1.78e-02
BFGS solve - True  iter=0, iota=0.5098248952071581, ||grad||_inf = 2.366e-03
NEWTON solve - True  iter=0, iota=0.5098248952071581, ||grad||_inf = 2.366e-03
Solve success: True
    iota: 0.5098248952071581
    G: -3.193741726943606
Objective J: 3.180652e+03, ||∇J||: 1.058112e+04
Callback (Iteration 134): 
    iota: 0.5098248952071581
       G: -3.193741726943606
       J: 3180.6524391723538
    |dJ|: 10581.124316835574
======================================================================
Step size: 1.51e-02
BFGS solve - True  iter=0, iota=0.5098248952071581, ||grad||_inf = 2.754e-03
NEWTON solve - True  iter=0, iota=0.5098248952071581, ||grad||_inf = 2.754e-03
Solve success: True
    iota: 0.5098248952071581
    G: -3.193741726943606
Objective J: 3.154606e+03, ||∇J||: 1.275160e+04
Step size: 6.05e-02
BFGS solve - True  iter=0, iota=0.5098248952071581, ||grad||_inf = 4.303e-03
NEWTON solve - True  iter=1, iota=0.5100010953735826, ||grad||_inf = 1.687e-05
Solve success: True
    iota: 0.5100010953735826
    G: -3.193741759135251
Objective J: 3.088375e+03, ||∇J||: 2.753303e+04
Callback (Iteration 135): 
    iota: 0.5100010953735826
       G: -3.193741759135251
       J: 3088.3745005470473
    |dJ|: 27533.02677854744
======================================================================
Step size: 2.84e-01
BFGS solve - True  iter=3, iota=0.5100016156058927, ||grad||_inf = 5.203e-03
NEWTON solve - True  iter=1, iota=0.5101452988808504, ||grad||_inf = 6.755e-05
Solve success: True
    iota: 0.5101452988808504
    G: -3.1937419537235776
Objective J: 1.012138e+04, ||∇J||: 9.938863e+05
Step size: 2.76e-01
BFGS solve - True  iter=0, iota=0.5100010953735826, ||grad||_inf = 3.526e-04
NEWTON solve - True  iter=0, iota=0.5100010953735826, ||grad||_inf = 3.526e-04
Solve success: True
    iota: 0.5100010953735826
    G: -3.193741759135251
Objective J: 3.068087e+03, ||∇J||: 2.774425e+04
Step size: 1.15e-01
BFGS solve - True  iter=0, iota=0.5100010953735826, ||grad||_inf = 4.993e-03
NEWTON solve - True  iter=1, iota=0.5100653242289271, ||grad||_inf = 1.681e-05
Solve success: True
    iota: 0.5100653242289271
    G: -3.193741869006039
Objective J: 3.935402e+03, ||∇J||: 9.661210e+05
Step size: 8.34e-02
BFGS solve - True  iter=0, iota=0.5100010953735826, ||grad||_inf = 1.616e-03
NEWTON solve - True  iter=0, iota=0.5100010953735826, ||grad||_inf = 1.616e-03
Solve success: True
    iota: 0.5100010953735826
    G: -3.193741759135251
Objective J: 3.001284e+03, ||∇J||: 3.257877e+04
Callback (Iteration 136): 
    iota: 0.5100010953735826
       G: -3.193741759135251
       J: 3001.2844912175906
    |dJ|: 32578.766578332743
======================================================================
Step size: 3.70e-01
BFGS solve - True  iter=24, iota=0.5100050363326464, ||grad||_inf = 9.441e-03
NEWTON solve - True  iter=1, iota=0.5101767061335732, ||grad||_inf = 3.286e-05
Solve success: True
    iota: 0.5101767061335732
    G: -3.1937420091353124
Objective J: 1.730333e+04, ||∇J||: 9.938887e+05
Step size: 3.64e-01
BFGS solve - True  iter=0, iota=0.5100010953735826, ||grad||_inf = 1.881e-03
NEWTON solve - True  iter=0, iota=0.5100010953735826, ||grad||_inf = 1.881e-03
Solve success: True
    iota: 0.5100010953735826
    G: -3.193741759135251
Objective J: 2.984013e+03, ||∇J||: 3.085332e+04
Step size: 9.27e-02
BFGS solve - True  iter=0, iota=0.5100010953735826, ||grad||_inf = 5.611e-03
NEWTON solve - True  iter=1, iota=0.5100645015364722, ||grad||_inf = 2.045e-05
Solve success: True
    iota: 0.5100645015364722
    G: -3.1937418827438946
Objective J: 5.164761e+03, ||∇J||: 9.931475e+05
Step size: 8.88e-02
BFGS solve - True  iter=0, iota=0.5100010953735826, ||grad||_inf = 2.038e-03
NEWTON solve - True  iter=0, iota=0.5100010953735826, ||grad||_inf = 2.038e-03
Solve success: True
    iota: 0.5100010953735826
    G: -3.193741759135251
Objective J: 2.974129e+03, ||∇J||: 2.992559e+04
Step size: 5.86e-02
BFGS solve - True  iter=0, iota=0.5100010953735826, ||grad||_inf = 4.397e-03
NEWTON solve - True  iter=1, iota=0.5100511611289614, ||grad||_inf = 1.257e-05
Solve success: True
    iota: 0.5100511611289614
    G: -3.193741860393274
Objective J: 3.822576e+03, ||∇J||: 9.650071e+05
Step size: 5.18e-02
BFGS solve - True  iter=0, iota=0.5100010953735826, ||grad||_inf = 2.313e-03
NEWTON solve - True  iter=0, iota=0.5100010953735826, ||grad||_inf = 2.313e-03
Solve success: True
    iota: 0.5100010953735826
    G: -3.193741759135251
Objective J: 2.957481e+03, ||∇J||: 2.849629e+04
Callback (Iteration 137): 
    iota: 0.5100010953735826
       G: -3.193741759135251
       J: 2957.4808269205632
    |dJ|: 28496.28842027019
======================================================================
Step size: 2.22e-01
BFGS solve - True  iter=3, iota=0.5100016647881362, ||grad||_inf = 6.302e-03
NEWTON solve - True  iter=1, iota=0.5102151598897612, ||grad||_inf = 9.430e-05
Solve success: True
    iota: 0.5102151598897612
    G: -3.193741936508941
Objective J: 1.196444e+04, ||∇J||: 9.938883e+05
Step size: 2.19e-01
BFGS solve - True  iter=0, iota=0.5100010953735826, ||grad||_inf = 2.488e-03
NEWTON solve - True  iter=0, iota=0.5100010953735826, ||grad||_inf = 2.488e-03
Solve success: True
    iota: 0.5100010953735826
    G: -3.193741759135251
Objective J: 2.947035e+03, ||∇J||: 2.853574e+04
Step size: 2.44e-02
BFGS solve - True  iter=0, iota=0.5100010953735826, ||grad||_inf = 3.588e-03
NEWTON solve - True  iter=0, iota=0.5100010953735826, ||grad||_inf = 3.588e-03
Solve success: True
    iota: 0.5100010953735826
    G: -3.193741759135251
Objective J: 3.024718e+03, ||∇J||: 4.650437e+05
Step size: 1.57e-02
BFGS solve - True  iter=0, iota=0.5100010953735826, ||grad||_inf = 2.880e-03
NEWTON solve - True  iter=0, iota=0.5100010953735826, ||grad||_inf = 2.880e-03
Solve success: True
    iota: 0.5100010953735826
    G: -3.193741759135251
Objective J: 2.927596e+03, ||∇J||: 3.678667e+04
Callback (Iteration 138): 
    iota: 0.5100010953735826
       G: -3.193741759135251
       J: 2927.5959600748447
    |dJ|: 36786.6742544662
======================================================================
Step size: 5.14e-02
BFGS solve - True  iter=0, iota=0.5100010953735826, ||grad||_inf = 4.754e-03
NEWTON solve - True  iter=1, iota=0.5101161047294627, ||grad||_inf = 3.222e-05
Solve success: True
    iota: 0.5101161047294627
    G: -3.193741853592295
Objective J: 2.770115e+03, ||∇J||: 1.419748e+05
Callback (Iteration 139): 
    iota: 0.5101161047294627
       G: -3.193741853592295
       J: 2770.1145871162735
    |dJ|: 141974.7571674527
======================================================================
Step size: 1.35e-01
BFGS solve - True  iter=0, iota=0.5101161047294627, ||grad||_inf = 7.023e-03
NEWTON solve - True  iter=1, iota=0.5102998109238381, ||grad||_inf = 8.008e-05
Solve success: True
    iota: 0.5102998109238381
    G: -3.193741898327132
Objective J: 4.352440e+03, ||∇J||: 2.489511e+05
Step size: 1.21e-01
BFGS solve - True  iter=0, iota=0.5101161047294627, ||grad||_inf = 6.956e-04
NEWTON solve - True  iter=0, iota=0.5101161047294627, ||grad||_inf = 6.956e-04
Solve success: True
    iota: 0.5101161047294627
    G: -3.193741853592295
Objective J: 2.733241e+03, ||∇J||: 6.091918e+04
Callback (Iteration 140): 
    iota: 0.5101161047294627
       G: -3.193741853592295
       J: 2733.2414637896595
    |dJ|: 60919.18133286532
======================================================================
Step size: 1.28e-02
BFGS solve - True  iter=0, iota=0.5101161047294627, ||grad||_inf = 1.477e-03
NEWTON solve - True  iter=0, iota=0.5101161047294627, ||grad||_inf = 1.477e-03
Solve success: True
    iota: 0.5101161047294627
    G: -3.193741853592295
Objective J: 2.702398e+03, ||∇J||: 1.316664e+04
Callback (Iteration 141): 
    iota: 0.5101161047294627
       G: -3.193741853592295
       J: 2702.398148828152
    |dJ|: 13166.641513623988
======================================================================
Step size: 3.53e-02
BFGS solve - True  iter=0, iota=0.5101161047294627, ||grad||_inf = 1.500e-03
NEWTON solve - True  iter=0, iota=0.5101161047294627, ||grad||_inf = 1.500e-03
Solve success: True
    iota: 0.5101161047294627
    G: -3.193741853592295
Objective J: 2.655599e+03, ||∇J||: 1.853546e+04
Callback (Iteration 142): 
    iota: 0.5101161047294627
       G: -3.193741853592295
       J: 2655.5986825569266
    |dJ|: 18535.46314664048
======================================================================
Step size: 1.33e-01
BFGS solve - True  iter=2, iota=0.5101161559790455, ||grad||_inf = 4.732e-03
NEWTON solve - True  iter=0, iota=0.5101161559790455, ||grad||_inf = 4.732e-03
Solve success: True
    iota: 0.5101161559790455
    G: -3.193741853971872
Objective J: 5.235242e+03, ||∇J||: 3.636037e+05
Step size: 1.26e-01
BFGS solve - True  iter=0, iota=0.5101161047294627, ||grad||_inf = 1.793e-03
NEWTON solve - True  iter=0, iota=0.5101161047294627, ||grad||_inf = 1.793e-03
Solve success: True
    iota: 0.5101161047294627
    G: -3.193741853592295
Objective J: 2.627419e+03, ||∇J||: 1.843443e+04
Callback (Iteration 143): 
    iota: 0.5101161047294627
       G: -3.193741853592295
       J: 2627.4192382846622
    |dJ|: 18434.4296914945
======================================================================
Step size: 8.92e-02
BFGS solve - True  iter=0, iota=0.5101161047294627, ||grad||_inf = 8.005e-03
NEWTON solve - True  iter=1, iota=0.5101770076143484, ||grad||_inf = 4.079e-05
Solve success: True
    iota: 0.5101770076143484
    G: -3.1937419392392825
Objective J: 2.964529e+03, ||∇J||: 2.027829e+05
Step size: 6.19e-02
BFGS solve - True  iter=0, iota=0.5101161047294627, ||grad||_inf = 3.681e-03
NEWTON solve - True  iter=0, iota=0.5101161047294627, ||grad||_inf = 3.681e-03
Solve success: True
    iota: 0.5101161047294627
    G: -3.193741853592295
Objective J: 2.535749e+03, ||∇J||: 2.306708e+04
Callback (Iteration 144): 
    iota: 0.5101161047294627
       G: -3.193741853592295
       J: 2535.7486935397187
    |dJ|: 23067.08205037975
======================================================================
Step size: 8.58e-02
BFGS solve - True  iter=0, iota=0.5101161047294627, ||grad||_inf = 9.973e-03
NEWTON solve - True  iter=1, iota=0.5101845887927248, ||grad||_inf = 6.229e-05
Solve success: True
    iota: 0.5101845887927248
    G: -3.193741954847817
Objective J: 2.821227e+03, ||∇J||: 3.820329e+05
Step size: 6.01e-02
BFGS solve - True  iter=0, iota=0.5101161047294627, ||grad||_inf = 5.553e-03
NEWTON solve - True  iter=1, iota=0.5101493361118363, ||grad||_inf = 2.258e-05
Solve success: True
    iota: 0.5101493361118363
    G: -3.193741927715323
Objective J: 2.459032e+03, ||∇J||: 3.479158e+04
Callback (Iteration 145): 
    iota: 0.5101493361118363
       G: -3.193741927715323
       J: 2459.031517954796
    |dJ|: 34791.57882656283
======================================================================
Step size: 4.08e-02
BFGS solve - True  iter=0, iota=0.5101493361118363, ||grad||_inf = 3.697e-03
NEWTON solve - True  iter=0, iota=0.5101493361118363, ||grad||_inf = 3.697e-03
Solve success: True
    iota: 0.5101493361118363
    G: -3.193741927715323
Objective J: 2.345592e+03, ||∇J||: 3.408839e+04
Callback (Iteration 146): 
    iota: 0.5101493361118363
       G: -3.193741927715323
       J: 2345.591608581636
    |dJ|: 34088.39376190037
======================================================================
Step size: 1.72e-02
BFGS solve - True  iter=0, iota=0.5101493361118363, ||grad||_inf = 7.198e-03
NEWTON solve - True  iter=1, iota=0.5101508605230181, ||grad||_inf = 9.228e-06
Solve success: True
    iota: 0.5101508605230181
    G: -3.193741952540735
Objective J: 2.281572e+03, ||∇J||: 8.861583e+03
Callback (Iteration 147): 
    iota: 0.5101508605230181
       G: -3.193741952540735
       J: 2281.571665974529
    |dJ|: 8861.583010927585
======================================================================
Step size: 2.33e-02
BFGS solve - True  iter=0, iota=0.5101508605230181, ||grad||_inf = 2.914e-03
NEWTON solve - True  iter=0, iota=0.5101508605230181, ||grad||_inf = 2.914e-03
Solve success: True
    iota: 0.5101508605230181
    G: -3.193741952540735
Objective J: 2.238246e+03, ||∇J||: 2.283390e+04
Callback (Iteration 148): 
    iota: 0.5101508605230181
       G: -3.193741952540735
       J: 2238.2457774742425
    |dJ|: 22833.902288284113
======================================================================
Step size: 1.92e-02
BFGS solve - True  iter=0, iota=0.5101508605230181, ||grad||_inf = 4.473e-03
NEWTON solve - True  iter=0, iota=0.5101508605230181, ||grad||_inf = 4.473e-03
Solve success: True
    iota: 0.5101508605230181
    G: -3.193741952540735
Objective J: 2.220431e+03, ||∇J||: 1.391301e+04
Callback (Iteration 149): 
    iota: 0.5101508605230181
       G: -3.193741952540735
       J: 2220.4310438077864
    |dJ|: 13913.01385859769
======================================================================
STOP: TOTAL NO. OF ITERATIONS REACHED LIMIT
Optimized Boozer surface successfully saved to: /burg-archive/home/tg2998/simsopt/examples/outputs/TG_single_stage_outputs/CHATCLUTCHoptimized_boozer_surface_0.4.json
