Iteration 35: J=2.1928e-05, Jf=2.1928e-05, Jcp =0.0000e+00, |dJ|=1.2630e-12, |dJcp|=0.0000e+00
Iteration 40: J=2.1928e-05, Jf=2.1928e-05, Jcp =0.0000e+00, |dJ|=6.4659e-13, |dJcp|=0.0000e+00
Iteration 45: J=2.1928e-05, Jf=2.1928e-05, Jcp =0.0000e+00, |dJ|=1.1279e-13, |dJcp|=0.0000e+00
Iteration 50: J=2.1928e-05, Jf=2.1928e-05, Jcp =0.0000e+00, |dJ|=3.2271e-14, |dJcp|=0.0000e+00
Iteration 55: J=2.1928e-05, Jf=2.1928e-05, Jcp =0.0000e+00, |dJ|=8.2536e-15, |dJcp|=0.0000e+00
Iteration 60: J=2.1928e-05, Jf=2.1928e-05, Jcp =0.0000e+00, |dJ|=2.4352e-15, |dJcp|=0.0000e+00
Iteration 65: J=2.1928e-05, Jf=2.1928e-05, Jcp =0.0000e+00, |dJ|=4.0417e-16, |dJcp|=0.0000e+00
Iteration 70: J=2.1928e-05, Jf=2.1928e-05, Jcp =0.0000e+00, |dJ|=3.3360e-17, |dJcp|=0.0000e+00
CONVERGENCE: RELATIVE REDUCTION OF F <= FACTR*EPSMCH
Saving results to /burg-archive/home/tg2998/simsopt/examples/outputs/TG_warmstarter_stage2results_fixed_True/TF_a_0.550...
Warning: coils_to_vtk will not save forces and torques for coils that do not have a model for their cross section. Please use the RegularizedCoil class.

---> Running optimization for TF_a = 0.575
---> Saving outputs to: /burg-archive/home/tg2998/simsopt/examples/outputs/TG_warmstarter_stage2results_fixed_True/TF_a_0.575

Warning: coils_to_vtk will not save forces and torques for coils that do not have a model for their cross section. Please use the RegularizedCoil class.
     Number of Toroidal Dipoles: 8
     Number of Poroidal Dipoles: 10
Initialized 10x8 (npol x ntor) windowpane coils with Rpol=0.058, Rtor_min=0.050, Rtor_max=0.102

===== Starting optimization =====
Current1853:x0 1
Current1854:x0 1
Current1855:x0 1
Current1856:x0 1
Current1857:x0 1
Current1858:x0 1
Current1859:x0 1
Current1860:x0 1
Current1861:x0 1
Current1862:x0 1
Current1863:x0 1
Current1864:x0 1
Current1865:x0 1
Current1866:x0 1
Current1867:x0 1
Current1868:x0 1
Current1869:x0 1
Current1870:x0 1
Current1871:x0 1
Current1872:x0 1
Current1873:x0 1
Current1874:x0 1
Current1875:x0 1
Current1876:x0 1
Current1877:x0 1
Current1878:x0 1
Current1879:x0 1
Current1880:x0 1
Current1881:x0 1
Current1882:x0 1
Current1883:x0 1
Current1884:x0 1
Current1885:x0 1
Current1886:x0 1
Current1887:x0 1
Current1888:x0 1
Current1889:x0 1
Current1890:x0 1
Current1891:x0 1
Current1892:x0 1
Current1893:x0 1
Current1894:x0 1
Current1895:x0 1
Current1896:x0 1
Current1897:x0 1
Current1898:x0 1
Current1899:x0 1
Current1900:x0 1
Current1901:x0 1
Current1902:x0 1
Current1903:x0 1
Current1904:x0 1
Current1905:x0 1
Current1906:x0 1
Current1907:x0 1
Current1908:x0 1
Current1909:x0 1
Current1910:x0 1
Current1911:x0 1
Current1912:x0 1
Current1913:x0 1
Current1914:x0 1
Current1915:x0 1
Current1916:x0 1
Current1917:x0 1
Current1918:x0 1
Current1919:x0 1
Current1920:x0 1
Current1921:x0 1
Current1922:x0 1
Current1923:x0 1
Current1924:x0 1
Current1925:x0 1
Current1926:x0 1
Current1927:x0 1
Current1928:x0 1
Current1929:x0 1
Current1930:x0 1
Current1931:x0 1
Current1932:x0 1
Iteration 5: J=7.9482e-04, Jf=7.9482e-04, Jcp =0.0000e+00, |dJ|=8.3614e-09, |dJcp|=0.0000e+00
Iteration 10: J=3.1301e-05, Jf=3.1301e-05, Jcp =0.0000e+00, |dJ|=4.4683e-10, |dJcp|=0.0000e+00
Iteration 15: J=2.2548e-05, Jf=2.2548e-05, Jcp =0.0000e+00, |dJ|=1.1374e-10, |dJcp|=0.0000e+00
Iteration 20: J=2.1995e-05, Jf=2.1995e-05, Jcp =0.0000e+00, |dJ|=3.0588e-11, |dJcp|=0.0000e+00
Iteration 25: J=2.1935e-05, Jf=2.1935e-05, Jcp =0.0000e+00, |dJ|=1.0770e-11, |dJcp|=0.0000e+00
Iteration 30: J=2.1929e-05, Jf=2.1929e-05, Jcp =0.0000e+00, |dJ|=1.0188e-11, |dJcp|=0.0000e+00
Iteration 35: J=2.1928e-05, Jf=2.1928e-05, Jcp =0.0000e+00, |dJ|=1.8204e-12, |dJcp|=0.0000e+00
Iteration 40: J=2.1928e-05, Jf=2.1928e-05, Jcp =0.0000e+00, |dJ|=1.7682e-13, |dJcp|=0.0000e+00
Iteration 45: J=2.1928e-05, Jf=2.1928e-05, Jcp =0.0000e+00, |dJ|=2.6043e-14, |dJcp|=0.0000e+00
Iteration 50: J=2.1928e-05, Jf=2.1928e-05, Jcp =0.0000e+00, |dJ|=3.5726e-15, |dJcp|=0.0000e+00
Iteration 55: J=2.1928e-05, Jf=2.1928e-05, Jcp =0.0000e+00, |dJ|=1.3370e-15, |dJcp|=0.0000e+00
Iteration 60: J=2.1928e-05, Jf=2.1928e-05, Jcp =0.0000e+00, |dJ|=3.0613e-16, |dJcp|=0.0000e+00
Iteration 65: J=2.1928e-05, Jf=2.1928e-05, Jcp =0.0000e+00, |dJ|=8.5869e-17, |dJcp|=0.0000e+00
CONVERGENCE: RELATIVE REDUCTION OF F <= FACTR*EPSMCH
Saving results to /burg-archive/home/tg2998/simsopt/examples/outputs/TG_warmstarter_stage2results_fixed_True/TF_a_0.575...
Warning: coils_to_vtk will not save forces and torques for coils that do not have a model for their cross section. Please use the RegularizedCoil class.

---> Running optimization for TF_a = 0.600
---> Saving outputs to: /burg-archive/home/tg2998/simsopt/examples/outputs/TG_warmstarter_stage2results_fixed_True/TF_a_0.600

Warning: coils_to_vtk will not save forces and torques for coils that do not have a model for their cross section. Please use the RegularizedCoil class.
     Number of Toroidal Dipoles: 8
     Number of Poroidal Dipoles: 10
Initialized 10x8 (npol x ntor) windowpane coils with Rpol=0.058, Rtor_min=0.050, Rtor_max=0.102

===== Starting optimization =====
Current2021:x0 1
Current2022:x0 1
Current2023:x0 1
Current2024:x0 1
Current2025:x0 1
Current2026:x0 1
Current2027:x0 1
Current2028:x0 1
Current2029:x0 1
Current2030:x0 1
Current2031:x0 1
Current2032:x0 1
Current2033:x0 1
Current2034:x0 1
Current2035:x0 1
Current2036:x0 1
Current2037:x0 1
Current2038:x0 1
Current2039:x0 1
Current2040:x0 1
Current2041:x0 1
Current2042:x0 1
Current2043:x0 1
Current2044:x0 1
Current2045:x0 1
Current2046:x0 1
Current2047:x0 1
Current2048:x0 1
Current2049:x0 1
Current2050:x0 1
Current2051:x0 1
Current2052:x0 1
Current2053:x0 1
Current2054:x0 1
Current2055:x0 1
Current2056:x0 1
Current2057:x0 1
Current2058:x0 1
Current2059:x0 1
Current2060:x0 1
Current2061:x0 1
Current2062:x0 1
Current2063:x0 1
Current2064:x0 1
Current2065:x0 1
Current2066:x0 1
Current2067:x0 1
Current2068:x0 1
Current2069:x0 1
Current2070:x0 1
Current2071:x0 1
Current2072:x0 1
Current2073:x0 1
Current2074:x0 1
Current2075:x0 1
Current2076:x0 1
Current2077:x0 1
Current2078:x0 1
Current2079:x0 1
Current2080:x0 1
Current2081:x0 1
Current2082:x0 1
Current2083:x0 1
Current2084:x0 1
Current2085:x0 1
Current2086:x0 1
Current2087:x0 1
Current2088:x0 1
Current2089:x0 1
Current2090:x0 1
Current2091:x0 1
Current2092:x0 1
Current2093:x0 1
Current2094:x0 1
Current2095:x0 1
Current2096:x0 1
Current2097:x0 1
Current2098:x0 1
Current2099:x0 1
Current2100:x0 1
Iteration 5: J=7.9324e-04, Jf=7.9324e-04, Jcp =0.0000e+00, |dJ|=8.3523e-09, |dJcp|=0.0000e+00
Iteration 10: J=3.1312e-05, Jf=3.1312e-05, Jcp =0.0000e+00, |dJ|=4.4687e-10, |dJcp|=0.0000e+00
Iteration 15: J=2.2548e-05, Jf=2.2548e-05, Jcp =0.0000e+00, |dJ|=1.1449e-10, |dJcp|=0.0000e+00
Iteration 20: J=2.1995e-05, Jf=2.1995e-05, Jcp =0.0000e+00, |dJ|=2.9920e-11, |dJcp|=0.0000e+00
Iteration 25: J=2.1935e-05, Jf=2.1935e-05, Jcp =0.0000e+00, |dJ|=1.0760e-11, |dJcp|=0.0000e+00
Iteration 30: J=2.1929e-05, Jf=2.1929e-05, Jcp =0.0000e+00, |dJ|=9.8323e-12, |dJcp|=0.0000e+00
Iteration 35: J=2.1928e-05, Jf=2.1928e-05, Jcp =0.0000e+00, |dJ|=2.1573e-12, |dJcp|=0.0000e+00
Iteration 40: J=2.1928e-05, Jf=2.1928e-05, Jcp =0.0000e+00, |dJ|=3.5657e-13, |dJcp|=0.0000e+00
Iteration 45: J=2.1928e-05, Jf=2.1928e-05, Jcp =0.0000e+00, |dJ|=2.8301e-14, |dJcp|=0.0000e+00
Iteration 50: J=2.1928e-05, Jf=2.1928e-05, Jcp =0.0000e+00, |dJ|=4.0409e-15, |dJcp|=0.0000e+00
Iteration 55: J=2.1928e-05, Jf=2.1928e-05, Jcp =0.0000e+00, |dJ|=1.4229e-15, |dJcp|=0.0000e+00
Iteration 60: J=2.1928e-05, Jf=2.1928e-05, Jcp =0.0000e+00, |dJ|=3.2109e-16, |dJcp|=0.0000e+00
Iteration 65: J=2.1928e-05, Jf=2.1928e-05, Jcp =0.0000e+00, |dJ|=9.0573e-17, |dJcp|=0.0000e+00
Iteration 70: J=2.1928e-05, Jf=2.1928e-05, Jcp =0.0000e+00, |dJ|=2.6767e-17, |dJcp|=0.0000e+00
CONVERGENCE: RELATIVE REDUCTION OF F <= FACTR*EPSMCH
Saving results to /burg-archive/home/tg2998/simsopt/examples/outputs/TG_warmstarter_stage2results_fixed_True/TF_a_0.600...
Warning: coils_to_vtk will not save forces and torques for coils that do not have a model for their cross section. Please use the RegularizedCoil class.

---> Running optimization for TF_a = 0.625
---> Saving outputs to: /burg-archive/home/tg2998/simsopt/examples/outputs/TG_warmstarter_stage2results_fixed_True/TF_a_0.625

Warning: coils_to_vtk will not save forces and torques for coils that do not have a model for their cross section. Please use the RegularizedCoil class.
     Number of Toroidal Dipoles: 8
     Number of Poroidal Dipoles: 10
Initialized 10x8 (npol x ntor) windowpane coils with Rpol=0.058, Rtor_min=0.050, Rtor_max=0.102

===== Starting optimization =====
Current2189:x0 1
Current2190:x0 1
Current2191:x0 1
Current2192:x0 1
Current2193:x0 1
Current2194:x0 1
Current2195:x0 1
Current2196:x0 1
Current2197:x0 1
Current2198:x0 1
Current2199:x0 1
Current2200:x0 1
Current2201:x0 1
Current2202:x0 1
Current2203:x0 1
Current2204:x0 1
Current2205:x0 1
Current2206:x0 1
Current2207:x0 1
Current2208:x0 1
Current2209:x0 1
Current2210:x0 1
Current2211:x0 1
Current2212:x0 1
Current2213:x0 1
Current2214:x0 1
Current2215:x0 1
Current2216:x0 1
Current2217:x0 1
Current2218:x0 1
Current2219:x0 1
Current2220:x0 1
Current2221:x0 1
Current2222:x0 1
Current2223:x0 1
Current2224:x0 1
Current2225:x0 1
Current2226:x0 1
Current2227:x0 1
Current2228:x0 1
Current2229:x0 1
Current2230:x0 1
Current2231:x0 1
Current2232:x0 1
Current2233:x0 1
Current2234:x0 1
Current2235:x0 1
Current2236:x0 1
Current2237:x0 1
Current2238:x0 1
Current2239:x0 1
Current2240:x0 1
Current2241:x0 1
Current2242:x0 1
Current2243:x0 1
Current2244:x0 1
Current2245:x0 1
Current2246:x0 1
Current2247:x0 1
Current2248:x0 1
Current2249:x0 1
Current2250:x0 1
Current2251:x0 1
Current2252:x0 1
Current2253:x0 1
Current2254:x0 1
Current2255:x0 1
Current2256:x0 1
Current2257:x0 1
Current2258:x0 1
Current2259:x0 1
Current2260:x0 1
Current2261:x0 1
Current2262:x0 1
Current2263:x0 1
Current2264:x0 1
Current2265:x0 1
Current2266:x0 1
Current2267:x0 1
Current2268:x0 1
Iteration 5: J=7.9231e-04, Jf=7.9231e-04, Jcp =0.0000e+00, |dJ|=8.3469e-09, |dJcp|=0.0000e+00
Iteration 10: J=3.1318e-05, Jf=3.1318e-05, Jcp =0.0000e+00, |dJ|=4.4689e-10, |dJcp|=0.0000e+00
Iteration 15: J=2.2548e-05, Jf=2.2548e-05, Jcp =0.0000e+00, |dJ|=1.1499e-10, |dJcp|=0.0000e+00
Iteration 20: J=2.1995e-05, Jf=2.1995e-05, Jcp =0.0000e+00, |dJ|=2.9558e-11, |dJcp|=0.0000e+00
Iteration 25: J=2.1935e-05, Jf=2.1935e-05, Jcp =0.0000e+00, |dJ|=1.0712e-11, |dJcp|=0.0000e+00
Iteration 30: J=2.1928e-05, Jf=2.1928e-05, Jcp =0.0000e+00, |dJ|=9.4416e-12, |dJcp|=0.0000e+00
Iteration 35: J=2.1928e-05, Jf=2.1928e-05, Jcp =0.0000e+00, |dJ|=2.7569e-12, |dJcp|=0.0000e+00
Iteration 40: J=2.1928e-05, Jf=2.1928e-05, Jcp =0.0000e+00, |dJ|=5.1219e-13, |dJcp|=0.0000e+00
Iteration 45: J=2.1928e-05, Jf=2.1928e-05, Jcp =0.0000e+00, |dJ|=1.0109e-13, |dJcp|=0.0000e+00
Iteration 50: J=2.1928e-05, Jf=2.1928e-05, Jcp =0.0000e+00, |dJ|=2.8256e-14, |dJcp|=0.0000e+00
Iteration 55: J=2.1928e-05, Jf=2.1928e-05, Jcp =0.0000e+00, |dJ|=1.9698e-15, |dJcp|=0.0000e+00
Iteration 60: J=2.1928e-05, Jf=2.1928e-05, Jcp =0.0000e+00, |dJ|=4.5489e-16, |dJcp|=0.0000e+00
Iteration 65: J=2.1928e-05, Jf=2.1928e-05, Jcp =0.0000e+00, |dJ|=8.6002e-17, |dJcp|=0.0000e+00
Iteration 70: J=2.1928e-05, Jf=2.1928e-05, Jcp =0.0000e+00, |dJ|=1.7792e-17, |dJcp|=0.0000e+00
CONVERGENCE: RELATIVE REDUCTION OF F <= FACTR*EPSMCH
Saving results to /burg-archive/home/tg2998/simsopt/examples/outputs/TG_warmstarter_stage2results_fixed_True/TF_a_0.625...

---> Running optimization for TF_a = 0.300
---> Saving outputs to: /burg-archive/home/tg2998/simsopt/examples/outputs/TG_warmstarter_stage2results_unfixed_True/TF_a_0.300

Warning: coils_to_vtk will not save forces and torques for coils that do not have a model for their cross section. Please use the RegularizedCoil class.
     Number of Toroidal Dipoles: 8
     Number of Poroidal Dipoles: 10
Warning: coils_to_vtk will not save forces and torques for coils that do not have a model for their cross section. Please use the RegularizedCoil class.
Initialized 10x8 (npol x ntor) windowpane coils with Rpol=0.058, Rtor_min=0.050, Rtor_max=0.102

===== Starting optimization =====
Current1:x0 0
Current10:x0 1
Current11:x0 1
Current12:x0 1
Current13:x0 1
Current14:x0 1
Current15:x0 1
Current16:x0 1
Current17:x0 1
Current18:x0 1
Current19:x0 1
Current2:x0 0
Current20:x0 1
Current21:x0 1
Current22:x0 1
Current23:x0 1
Current24:x0 1
Current25:x0 1
Current26:x0 1
Current27:x0 1
Current28:x0 1
Current29:x0 1
Current3:x0 0
Current30:x0 1
Current31:x0 1
Current32:x0 1
Current33:x0 1
Current34:x0 1
Current35:x0 1
Current36:x0 1
Current37:x0 1
Current38:x0 1
Current39:x0 1
Current4:x0 0
Current40:x0 1
Current41:x0 1
Current42:x0 1
Current43:x0 1
Current44:x0 1
Current45:x0 1
Current46:x0 1
Current47:x0 1
Current48:x0 1
Current49:x0 1
Current5:x0 1
Current50:x0 1
Current51:x0 1
Current52:x0 1
Current53:x0 1
Current54:x0 1
Current55:x0 1
Current56:x0 1
Current57:x0 1
Current58:x0 1
Current59:x0 1
Current6:x0 1
Current60:x0 1
Current61:x0 1
Current62:x0 1
Current63:x0 1
Current64:x0 1
Current65:x0 1
Current66:x0 1
Current67:x0 1
Current68:x0 1
Current69:x0 1
Current7:x0 1
Current70:x0 1
Current71:x0 1
Current72:x0 1
Current73:x0 1
Current74:x0 1
Current75:x0 1
Current76:x0 1
Current77:x0 1
Current78:x0 1
Current79:x0 1
Current8:x0 1
Current80:x0 1
Current81:x0 1
Current82:x0 1
Current83:x0 1
Current84:x0 1
Current9:x0 1
Iteration 5: J=3.5983e-03, Jf=3.5983e-03, Jcp =0.0000e+00, |dJ|=1.4508e-04, |dJcp|=0.0000e+00
Iteration 10: J=3.2784e-03, Jf=3.2784e-03, Jcp =0.0000e+00, |dJ|=8.5724e-06, |dJcp|=0.0000e+00
Iteration 15: J=3.2188e-03, Jf=3.2188e-03, Jcp =0.0000e+00, |dJ|=3.6027e-06, |dJcp|=0.0000e+00
Iteration 20: J=3.2039e-03, Jf=3.2039e-03, Jcp =0.0000e+00, |dJ|=8.1587e-08, |dJcp|=0.0000e+00
Iteration 25: J=3.2009e-03, Jf=3.2009e-03, Jcp =0.0000e+00, |dJ|=1.3373e-07, |dJcp|=0.0000e+00
Iteration 30: J=3.1993e-03, Jf=3.1993e-03, Jcp =0.0000e+00, |dJ|=3.9074e-09, |dJcp|=0.0000e+00
Iteration 35: J=3.1989e-03, Jf=3.1989e-03, Jcp =0.0000e+00, |dJ|=1.5725e-09, |dJcp|=0.0000e+00
Iteration 40: J=3.1988e-03, Jf=3.1988e-03, Jcp =0.0000e+00, |dJ|=1.1011e-10, |dJcp|=0.0000e+00
Iteration 45: J=3.1988e-03, Jf=3.1988e-03, Jcp =0.0000e+00, |dJ|=4.6085e-11, |dJcp|=0.0000e+00
Iteration 50: J=3.1988e-03, Jf=3.1988e-03, Jcp =0.0000e+00, |dJ|=1.9955e-11, |dJcp|=0.0000e+00
Iteration 55: J=3.1988e-03, Jf=3.1988e-03, Jcp =0.0000e+00, |dJ|=2.4650e-12, |dJcp|=0.0000e+00
Iteration 60: J=3.1988e-03, Jf=3.1988e-03, Jcp =0.0000e+00, |dJ|=9.5252e-13, |dJcp|=0.0000e+00
Iteration 65: J=3.1988e-03, Jf=3.1988e-03, Jcp =0.0000e+00, |dJ|=1.5799e-11, |dJcp|=0.0000e+00
Iteration 70: J=3.1988e-03, Jf=3.1988e-03, Jcp =0.0000e+00, |dJ|=1.2051e-10, |dJcp|=0.0000e+00
Iteration 75: J=3.1986e-03, Jf=3.1986e-03, Jcp =0.0000e+00, |dJ|=4.2486e-11, |dJcp|=0.0000e+00
Iteration 80: J=1.4581e-01, Jf=3.1986e-03, Jcp =1.4261e-01, |dJ|=7.5527e-07, |dJcp|=7.5527e-07
Iteration 85: J=3.1986e-03, Jf=3.1986e-03, Jcp =0.0000e+00, |dJ|=9.3794e-12, |dJcp|=0.0000e+00
Iteration 90: J=8.1379e-01, Jf=3.1986e-03, Jcp =8.1059e-01, |dJ|=1.8007e-06, |dJcp|=1.8007e-06
Iteration 95: J=3.1986e-03, Jf=3.1986e-03, Jcp =0.0000e+00, |dJ|=9.2995e-12, |dJcp|=0.0000e+00
Iteration 100: J=3.1986e-03, Jf=3.1986e-03, Jcp =0.0000e+00, |dJ|=9.2995e-12, |dJcp|=0.0000e+00
ABNORMAL: 
Saving results to /burg-archive/home/tg2998/simsopt/examples/outputs/TG_warmstarter_stage2results_unfixed_True/TF_a_0.300...

---> Running optimization for TF_a = 0.650
---> Saving outputs to: /burg-archive/home/tg2998/simsopt/examples/outputs/TG_warmstarter_stage2results_fixed_True/TF_a_0.650

Warning: coils_to_vtk will not save forces and torques for coils that do not have a model for their cross section. Please use the RegularizedCoil class.
     Number of Toroidal Dipoles: 8
     Number of Poroidal Dipoles: 10
Initialized 10x8 (npol x ntor) windowpane coils with Rpol=0.058, Rtor_min=0.050, Rtor_max=0.102

===== Starting optimization =====
Current2357:x0 1
Current2358:x0 1
Current2359:x0 1
Current2360:x0 1
Current2361:x0 1
Current2362:x0 1
Current2363:x0 1
Current2364:x0 1
Current2365:x0 1
Current2366:x0 1
Current2367:x0 1
Current2368:x0 1
Current2369:x0 1
Current2370:x0 1
Current2371:x0 1
Current2372:x0 1
Current2373:x0 1
Current2374:x0 1
Current2375:x0 1
Current2376:x0 1
Current2377:x0 1
Current2378:x0 1
Current2379:x0 1
Current2380:x0 1
Current2381:x0 1
Current2382:x0 1
Current2383:x0 1
Current2384:x0 1
Current2385:x0 1
Current2386:x0 1
Current2387:x0 1
Current2388:x0 1
Current2389:x0 1
Current2390:x0 1
Current2391:x0 1
Current2392:x0 1
Current2393:x0 1
Current2394:x0 1
Current2395:x0 1
Current2396:x0 1
Current2397:x0 1
Current2398:x0 1
Current2399:x0 1
Current2400:x0 1
Current2401:x0 1
Current2402:x0 1
Current2403:x0 1
Current2404:x0 1
Current2405:x0 1
Current2406:x0 1
Current2407:x0 1
Current2408:x0 1
Current2409:x0 1
Current2410:x0 1
Current2411:x0 1
Current2412:x0 1
Current2413:x0 1
Current2414:x0 1
Current2415:x0 1
Current2416:x0 1
Current2417:x0 1
Current2418:x0 1
Current2419:x0 1
Current2420:x0 1
Current2421:x0 1
Current2422:x0 1
Current2423:x0 1
Current2424:x0 1
Current2425:x0 1
Current2426:x0 1
Current2427:x0 1
Current2428:x0 1
Current2429:x0 1
Current2430:x0 1
Current2431:x0 1
Current2432:x0 1
Current2433:x0 1
Current2434:x0 1
Current2435:x0 1
Current2436:x0 1
Iteration 5: J=7.9175e-04, Jf=7.9175e-04, Jcp =0.0000e+00, |dJ|=8.3436e-09, |dJcp|=0.0000e+00
Iteration 10: J=3.1322e-05, Jf=3.1322e-05, Jcp =0.0000e+00, |dJ|=4.4690e-10, |dJcp|=0.0000e+00
Iteration 15: J=2.2548e-05, Jf=2.2548e-05, Jcp =0.0000e+00, |dJ|=1.1531e-10, |dJcp|=0.0000e+00
Iteration 20: J=2.1996e-05, Jf=2.1996e-05, Jcp =0.0000e+00, |dJ|=2.9356e-11, |dJcp|=0.0000e+00
Iteration 25: J=2.1935e-05, Jf=2.1935e-05, Jcp =0.0000e+00, |dJ|=1.0662e-11, |dJcp|=0.0000e+00
Iteration 30: J=2.1928e-05, Jf=2.1928e-05, Jcp =0.0000e+00, |dJ|=9.1183e-12, |dJcp|=0.0000e+00
Iteration 35: J=2.1928e-05, Jf=2.1928e-05, Jcp =0.0000e+00, |dJ|=3.1125e-12, |dJcp|=0.0000e+00
Warning: coils_to_vtk will not save forces and torques for coils that do not have a model for their cross section. Please use the RegularizedCoil class.
Iteration 40: J=2.1928e-05, Jf=2.1928e-05, Jcp =0.0000e+00, |dJ|=5.4220e-13, |dJcp|=0.0000e+00
Iteration 45: J=2.1928e-05, Jf=2.1928e-05, Jcp =0.0000e+00, |dJ|=1.0392e-13, |dJcp|=0.0000e+00
Iteration 50: J=2.1928e-05, Jf=2.1928e-05, Jcp =0.0000e+00, |dJ|=2.9882e-14, |dJcp|=0.0000e+00
Iteration 55: J=2.1928e-05, Jf=2.1928e-05, Jcp =0.0000e+00, |dJ|=4.4315e-15, |dJcp|=0.0000e+00
Iteration 60: J=2.1928e-05, Jf=2.1928e-05, Jcp =0.0000e+00, |dJ|=5.7747e-16, |dJcp|=0.0000e+00
Iteration 65: J=2.1928e-05, Jf=2.1928e-05, Jcp =0.0000e+00, |dJ|=8.8796e-17, |dJcp|=0.0000e+00
Iteration 70: J=2.1928e-05, Jf=2.1928e-05, Jcp =0.0000e+00, |dJ|=4.2666e-17, |dJcp|=0.0000e+00
CONVERGENCE: RELATIVE REDUCTION OF F <= FACTR*EPSMCH
Saving results to /burg-archive/home/tg2998/simsopt/examples/outputs/TG_warmstarter_stage2results_fixed_True/TF_a_0.650...
Warning: coils_to_vtk will not save forces and torques for coils that do not have a model for their cross section. Please use the RegularizedCoil class.

---> Running optimization for TF_a = 0.325
---> Saving outputs to: /burg-archive/home/tg2998/simsopt/examples/outputs/TG_warmstarter_stage2results_unfixed_True/TF_a_0.325

Warning: coils_to_vtk will not save forces and torques for coils that do not have a model for their cross section. Please use the RegularizedCoil class.
     Number of Toroidal Dipoles: 8
     Number of Poroidal Dipoles: 10
Initialized 10x8 (npol x ntor) windowpane coils with Rpol=0.058, Rtor_min=0.050, Rtor_max=0.102

===== Starting optimization =====
Current169:x0 1
Current170:x0 1
Current171:x0 1
Current172:x0 1
Current173:x0 1
Current174:x0 1
Current175:x0 1
Current176:x0 1
Current177:x0 1
Current178:x0 1
Current179:x0 1
Current180:x0 1
Current181:x0 1
Current182:x0 1
Current183:x0 1
Current184:x0 1
Current185:x0 1
Current186:x0 1
Current187:x0 1
Current188:x0 1
Current189:x0 1
Current190:x0 1
Current191:x0 1
Current192:x0 1
Current193:x0 1
Current194:x0 1
Current195:x0 1
Current196:x0 1
Current197:x0 1
Current198:x0 1
Current199:x0 1
Current200:x0 1
Current201:x0 1
Current202:x0 1
Current203:x0 1
Current204:x0 1
Current205:x0 1
Current206:x0 1
Current207:x0 1
Current208:x0 1
Current209:x0 1
Current210:x0 1
Current211:x0 1
Current212:x0 1
Current213:x0 1
Current214:x0 1
Current215:x0 1
Current216:x0 1
Current217:x0 1
Current218:x0 1
Current219:x0 1
Current220:x0 1
Current221:x0 1
Current222:x0 1
Current223:x0 1
Current224:x0 1
Current225:x0 1
Current226:x0 1
Current227:x0 1
Current228:x0 1
Current229:x0 1
Current230:x0 1
Current231:x0 1
Current232:x0 1
Current233:x0 1
Current234:x0 1
Current235:x0 1
Current236:x0 1
Current237:x0 1
Current238:x0 1
Current239:x0 1
Current240:x0 1
Current241:x0 1
Current242:x0 1
Current243:x0 1
Current244:x0 1
Current245:x0 1
Current246:x0 1
Current247:x0 1
Current248:x0 1
Current249:x0 1
Current250:x0 1
Current251:x0 1
Current252:x0 1
Iteration 5: J=2.0160e-03, Jf=2.0160e-03, Jcp =0.0000e+00, |dJ|=1.5229e-10, |dJcp|=0.0000e+00
Iteration 10: J=2.0160e-03, Jf=2.0160e-03, Jcp =0.0000e+00, |dJ|=1.0543e-13, |dJcp|=0.0000e+00
Iteration 15: J=2.0160e-03, Jf=2.0160e-03, Jcp =0.0000e+00, |dJ|=5.1517e-12, |dJcp|=0.0000e+00
Iteration 20: J=2.0159e-03, Jf=2.0159e-03, Jcp =0.0000e+00, |dJ|=6.1613e-11, |dJcp|=0.0000e+00
Iteration 25: J=2.0148e-03, Jf=2.0148e-03, Jcp =0.0000e+00, |dJ|=7.4536e-10, |dJcp|=0.0000e+00
Iteration 30: J=2.0148e-03, Jf=2.0148e-03, Jcp =0.0000e+00, |dJ|=7.4536e-10, |dJcp|=0.0000e+00
Iteration 35: J=2.0148e-03, Jf=2.0148e-03, Jcp =0.0000e+00, |dJ|=7.4668e-10, |dJcp|=0.0000e+00
Iteration 40: J=2.0148e-03, Jf=2.0148e-03, Jcp =0.0000e+00, |dJ|=7.4668e-10, |dJcp|=0.0000e+00
Iteration 45: J=9.2999e-03, Jf=2.0148e-03, Jcp =7.2851e-03, |dJ|=1.7071e-07, |dJcp|=1.7071e-07
Iteration 50: J=2.0148e-03, Jf=2.0148e-03, Jcp =0.0000e+00, |dJ|=7.4536e-10, |dJcp|=0.0000e+00
Iteration 55: J=2.0148e-03, Jf=2.0148e-03, Jcp =0.0000e+00, |dJ|=7.4536e-10, |dJcp|=0.0000e+00
Iteration 60: J=2.0148e-03, Jf=2.0148e-03, Jcp =0.0000e+00, |dJ|=7.4530e-10, |dJcp|=0.0000e+00
Iteration 65: J=2.0137e-03, Jf=2.0137e-03, Jcp =0.0000e+00, |dJ|=1.6246e-11, |dJcp|=0.0000e+00
Iteration 70: J=2.0136e-03, Jf=2.0136e-03, Jcp =0.0000e+00, |dJ|=9.4756e-11, |dJcp|=0.0000e+00
Iteration 75: J=2.0203e-03, Jf=2.0203e-03, Jcp =0.0000e+00, |dJ|=8.9933e-10, |dJcp|=0.0000e+00
Iteration 80: J=2.0129e-03, Jf=2.0129e-03, Jcp =0.0000e+00, |dJ|=1.4621e-09, |dJcp|=0.0000e+00
Iteration 85: J=2.0125e-03, Jf=2.0125e-03, Jcp =0.0000e+00, |dJ|=5.6127e-09, |dJcp|=0.0000e+00
Iteration 90: J=2.0122e-03, Jf=2.0122e-03, Jcp =0.0000e+00, |dJ|=4.3896e-09, |dJcp|=0.0000e+00
Iteration 95: J=2.0200e-03, Jf=2.0200e-03, Jcp =0.0000e+00, |dJ|=8.7926e-11, |dJcp|=0.0000e+00
Iteration 100: J=2.0148e-03, Jf=2.0148e-03, Jcp =0.0000e+00, |dJ|=5.0769e-08, |dJcp|=0.0000e+00
Iteration 105: J=2.0283e-03, Jf=2.0283e-03, Jcp =0.0000e+00, |dJ|=1.3580e-07, |dJcp|=0.0000e+00
Iteration 110: J=2.0260e-03, Jf=2.0260e-03, Jcp =0.0000e+00, |dJ|=3.6293e-09, |dJcp|=0.0000e+00
Iteration 115: J=2.0089e-03, Jf=2.0089e-03, Jcp =0.0000e+00, |dJ|=6.9163e-08, |dJcp|=0.0000e+00

---> Running optimization for TF_a = 0.675
---> Saving outputs to: /burg-archive/home/tg2998/simsopt/examples/outputs/TG_warmstarter_stage2results_fixed_True/TF_a_0.675

Warning: coils_to_vtk will not save forces and torques for coils that do not have a model for their cross section. Please use the RegularizedCoil class.
     Number of Toroidal Dipoles: 8
     Number of Poroidal Dipoles: 10
Iteration 120: J=2.0702e-03, Jf=2.0702e-03, Jcp =0.0000e+00, |dJ|=1.8398e-08, |dJcp|=0.0000e+00
Iteration 125: J=2.0035e-03, Jf=2.0035e-03, Jcp =0.0000e+00, |dJ|=5.7370e-07, |dJcp|=0.0000e+00
Iteration 130: J=1.9957e-03, Jf=1.9957e-03, Jcp =0.0000e+00, |dJ|=4.4398e-07, |dJcp|=0.0000e+00
Initialized 10x8 (npol x ntor) windowpane coils with Rpol=0.058, Rtor_min=0.050, Rtor_max=0.102
Iteration 135: J=1.9820e-03, Jf=1.9820e-03, Jcp =0.0000e+00, |dJ|=1.0474e-06, |dJcp|=0.0000e+00

===== Starting optimization =====
Iteration 140: J=2.2572e-03, Jf=2.2572e-03, Jcp =0.0000e+00, |dJ|=1.6187e-07, |dJcp|=0.0000e+00
Iteration 145: J=1.9502e-03, Jf=1.9502e-03, Jcp =0.0000e+00, |dJ|=2.5421e-06, |dJcp|=0.0000e+00
Current2525:x0 1
Current2526:x0 1
Current2527:x0 1
Current2528:x0 1
Current2529:x0 1
Current2530:x0 1
Current2531:x0 1
Current2532:x0 1
Current2533:x0 1
Current2534:x0 1
Current2535:x0 1
Current2536:x0 1
Current2537:x0 1
Current2538:x0 1
Current2539:x0 1
Current2540:x0 1
Current2541:x0 1
Current2542:x0 1
Current2543:x0 1
Current2544:x0 1
Current2545:x0 1
Current2546:x0 1
Current2547:x0 1
Current2548:x0 1
Current2549:x0 1
Current2550:x0 1
Current2551:x0 1
Current2552:x0 1
Current2553:x0 1
Current2554:x0 1
Current2555:x0 1
Current2556:x0 1
Current2557:x0 1
Current2558:x0 1
Current2559:x0 1
Current2560:x0 1
Current2561:x0 1
Current2562:x0 1
Current2563:x0 1
Current2564:x0 1
Current2565:x0 1
Current2566:x0 1
Current2567:x0 1
Current2568:x0 1
Current2569:x0 1
Current2570:x0 1
Current2571:x0 1
Current2572:x0 1
Current2573:x0 1
Current2574:x0 1
Current2575:x0 1
Current2576:x0 1
Current2577:x0 1
Current2578:x0 1
Current2579:x0 1
Current2580:x0 1
Current2581:x0 1
Current2582:x0 1
Current2583:x0 1
Current2584:x0 1
Current2585:x0 1
Current2586:x0 1
Current2587:x0 1
Current2588:x0 1
Current2589:x0 1
Current2590:x0 1
Current2591:x0 1
Current2592:x0 1
Current2593:x0 1
Current2594:x0 1
Current2595:x0 1
Current2596:x0 1
Current2597:x0 1
Current2598:x0 1
Current2599:x0 1
Current2600:x0 1
Current2601:x0 1
Current2602:x0 1
Current2603:x0 1
Current2604:x0 1
Iteration 150: J=1.9259e-03, Jf=1.9259e-03, Jcp =0.0000e+00, |dJ|=4.0134e-06, |dJcp|=0.0000e+00
Iteration 5: J=7.9141e-04, Jf=7.9141e-04, Jcp =0.0000e+00, |dJ|=8.3417e-09, |dJcp|=0.0000e+00
Iteration 10: J=3.1324e-05, Jf=3.1324e-05, Jcp =0.0000e+00, |dJ|=4.4690e-10, |dJcp|=0.0000e+00
Iteration 155: J=3.3816e-03, Jf=3.3816e-03, Jcp =0.0000e+00, |dJ|=3.9537e-06, |dJcp|=0.0000e+00
Iteration 15: J=2.2548e-05, Jf=2.2548e-05, Jcp =0.0000e+00, |dJ|=1.1552e-10, |dJcp|=0.0000e+00
Iteration 160: J=1.5485e-03, Jf=1.5485e-03, Jcp =0.0000e+00, |dJ|=2.0230e-05, |dJcp|=0.0000e+00
Iteration 20: J=2.1996e-05, Jf=2.1996e-05, Jcp =0.0000e+00, |dJ|=2.9237e-11, |dJcp|=0.0000e+00
Iteration 165: J=1.4965e-03, Jf=1.4965e-03, Jcp =0.0000e+00, |dJ|=2.7781e-05, |dJcp|=0.0000e+00
Iteration 25: J=2.1935e-05, Jf=2.1935e-05, Jcp =0.0000e+00, |dJ|=1.0622e-11, |dJcp|=0.0000e+00
Iteration 170: J=7.3455e-02, Jf=7.3455e-02, Jcp =0.0000e+00, |dJ|=1.2213e-03, |dJcp|=0.0000e+00
Iteration 30: J=2.1928e-05, Jf=2.1928e-05, Jcp =0.0000e+00, |dJ|=8.9043e-12, |dJcp|=0.0000e+00
Iteration 175: J=7.5156e-04, Jf=7.5156e-04, Jcp =0.0000e+00, |dJ|=8.4959e-06, |dJcp|=0.0000e+00
Iteration 35: J=2.1928e-05, Jf=2.1928e-05, Jcp =0.0000e+00, |dJ|=3.0451e-12, |dJcp|=0.0000e+00
Iteration 180: J=3.2668e-04, Jf=3.2668e-04, Jcp =0.0000e+00, |dJ|=4.6515e-07, |dJcp|=0.0000e+00
Iteration 40: J=2.1928e-05, Jf=2.1928e-05, Jcp =0.0000e+00, |dJ|=4.4824e-13, |dJcp|=0.0000e+00
Iteration 185: J=3.2647e-04, Jf=3.2647e-04, Jcp =0.0000e+00, |dJ|=3.9279e-10, |dJcp|=0.0000e+00
Iteration 45: J=2.1928e-05, Jf=2.1928e-05, Jcp =0.0000e+00, |dJ|=6.7788e-14, |dJcp|=0.0000e+00
Iteration 190: J=3.2647e-04, Jf=3.2647e-04, Jcp =0.0000e+00, |dJ|=3.7854e-10, |dJcp|=0.0000e+00
Iteration 50: J=2.1928e-05, Jf=2.1928e-05, Jcp =0.0000e+00, |dJ|=1.5315e-14, |dJcp|=0.0000e+00
Iteration 195: J=3.2647e-04, Jf=3.2647e-04, Jcp =0.0000e+00, |dJ|=5.1848e-09, |dJcp|=0.0000e+00
Iteration 55: J=2.1928e-05, Jf=2.1928e-05, Jcp =0.0000e+00, |dJ|=2.7707e-15, |dJcp|=0.0000e+00
Iteration 200: J=3.2646e-04, Jf=3.2646e-04, Jcp =0.0000e+00, |dJ|=5.8785e-08, |dJcp|=0.0000e+00
Iteration 60: J=2.1928e-05, Jf=2.1928e-05, Jcp =0.0000e+00, |dJ|=4.8682e-16, |dJcp|=0.0000e+00
Iteration 205: J=3.2522e-04, Jf=3.2522e-04, Jcp =0.0000e+00, |dJ|=6.8302e-07, |dJcp|=0.0000e+00
Iteration 65: J=2.1928e-05, Jf=2.1928e-05, Jcp =0.0000e+00, |dJ|=9.9172e-17, |dJcp|=0.0000e+00
Iteration 210: J=3.2254e-04, Jf=3.2254e-04, Jcp =0.0000e+00, |dJ|=1.2029e-06, |dJcp|=0.0000e+00
Iteration 70: J=2.1928e-05, Jf=2.1928e-05, Jcp =0.0000e+00, |dJ|=1.8224e-17, |dJcp|=0.0000e+00
CONVERGENCE: RELATIVE REDUCTION OF F <= FACTR*EPSMCH
Iteration 215: J=3.2247e-04, Jf=3.2113e-04, Jcp =1.3365e-06, |dJ|=1.3708e-06, |dJcp|=2.3121e-09
Saving results to /burg-archive/home/tg2998/simsopt/examples/outputs/TG_warmstarter_stage2results_fixed_True/TF_a_0.675...
Iteration 220: J=3.2139e-04, Jf=3.2139e-04, Jcp =0.0000e+00, |dJ|=1.3371e-06, |dJcp|=0.0000e+00
Iteration 225: J=2.5680e-03, Jf=3.1448e-04, Jcp =2.2536e-03, |dJ|=1.8551e-06, |dJcp|=9.4943e-08
Iteration 230: J=3.2133e-04, Jf=3.2133e-04, Jcp =0.0000e+00, |dJ|=1.3413e-06, |dJcp|=0.0000e+00
Iteration 235: J=3.5055e-04, Jf=3.2039e-04, Jcp =3.0154e-05, |dJ|=1.4032e-06, |dJcp|=1.0983e-08
Iteration 240: J=3.2141e-04, Jf=3.2141e-04, Jcp =0.0000e+00, |dJ|=1.3363e-06, |dJcp|=0.0000e+00
Iteration 245: J=3.2140e-04, Jf=3.2140e-04, Jcp =0.0000e+00, |dJ|=1.3325e-06, |dJcp|=0.0000e+00
Iteration 250: J=3.1785e-04, Jf=3.1785e-04, Jcp =0.0000e+00, |dJ|=5.8004e-07, |dJcp|=0.0000e+00
Iteration 255: J=3.1715e-04, Jf=3.1715e-04, Jcp =0.0000e+00, |dJ|=7.4353e-11, |dJcp|=0.0000e+00
Iteration 260: J=3.1715e-04, Jf=3.1715e-04, Jcp =0.0000e+00, |dJ|=4.6288e-10, |dJcp|=0.0000e+00
Iteration 265: J=3.1715e-04, Jf=3.1715e-04, Jcp =0.0000e+00, |dJ|=6.0407e-09, |dJcp|=0.0000e+00
Iteration 270: J=3.1714e-04, Jf=3.1714e-04, Jcp =0.0000e+00, |dJ|=6.7825e-08, |dJcp|=0.0000e+00
Iteration 275: J=3.1704e-04, Jf=3.1704e-04, Jcp =0.0000e+00, |dJ|=2.9916e-07, |dJcp|=0.0000e+00
Iteration 280: J=3.1698e-04, Jf=3.1696e-04, Jcp =1.9445e-08, |dJ|=2.5389e-07, |dJcp|=2.7889e-10
Iteration 285: J=3.1691e-04, Jf=3.1690e-04, Jcp =1.1275e-08, |dJ|=2.0838e-10, |dJcp|=2.1237e-10
Iteration 290: J=3.1691e-04, Jf=3.1690e-04, Jcp =8.2274e-09, |dJ|=1.6166e-08, |dJcp|=1.8141e-10
Iteration 295: J=3.1679e-04, Jf=3.1679e-04, Jcp =0.0000e+00, |dJ|=2.2993e-07, |dJcp|=0.0000e+00
Iteration 300: J=2.9022e-04, Jf=2.9022e-04, Jcp =0.0000e+00, |dJ|=4.6213e-06, |dJcp|=0.0000e+00
Iteration 305: J=1.2922e-01, Jf=2.2230e-04, Jcp =1.2900e-01, |dJ|=6.6520e-06, |dJcp|=7.1833e-07
Warning: coils_to_vtk will not save forces and torques for coils that do not have a model for their cross section. Please use the RegularizedCoil class.
Iteration 310: J=2.5912e-04, Jf=2.5912e-04, Jcp =0.0000e+00, |dJ|=5.5477e-06, |dJcp|=0.0000e+00
Iteration 315: J=8.0231e-02, Jf=2.1761e-04, Jcp =8.0014e-02, |dJ|=5.8855e-06, |dJcp|=5.6573e-07
Iteration 320: J=2.9628e-04, Jf=2.5531e-04, Jcp =4.0962e-05, |dJ|=5.5735e-06, |dJcp|=1.2800e-08
Iteration 325: J=2.5737e-04, Jf=2.5737e-04, Jcp =0.0000e+00, |dJ|=5.5596e-06, |dJcp|=0.0000e+00
Iteration 330: J=2.5913e-04, Jf=2.5913e-04, Jcp =0.0000e+00, |dJ|=5.5477e-06, |dJcp|=0.0000e+00
Iteration 335: J=2.5896e-04, Jf=2.5896e-04, Jcp =0.0000e+00, |dJ|=5.5309e-06, |dJcp|=0.0000e+00
Iteration 340: J=2.2778e-04, Jf=2.2778e-04, Jcp =0.0000e+00, |dJ|=7.7509e-07, |dJcp|=0.0000e+00
Iteration 345: J=2.2459e-04, Jf=2.2459e-04, Jcp =0.0000e+00, |dJ|=4.8219e-08, |dJcp|=0.0000e+00
Iteration 350: J=2.2458e-04, Jf=2.2458e-04, Jcp =0.0000e+00, |dJ|=3.9113e-11, |dJcp|=0.0000e+00
Iteration 355: J=2.2458e-04, Jf=2.2458e-04, Jcp =0.0000e+00, |dJ|=2.2150e-09, |dJcp|=0.0000e+00
Iteration 360: J=2.2458e-04, Jf=2.2458e-04, Jcp =0.0000e+00, |dJ|=2.6397e-08, |dJcp|=0.0000e+00
Iteration 365: J=2.2447e-04, Jf=2.2447e-04, Jcp =0.0000e+00, |dJ|=2.9736e-07, |dJcp|=0.0000e+00
Iteration 370: J=2.2887e-04, Jf=2.2294e-04, Jcp =5.9379e-06, |dJ|=1.1366e-06, |dJcp|=4.8736e-09
Iteration 375: J=2.2341e-04, Jf=2.2341e-04, Jcp =0.0000e+00, |dJ|=9.3294e-07, |dJcp|=0.0000e+00
Iteration 380: J=2.2369e-04, Jf=2.2268e-04, Jcp =1.0129e-06, |dJ|=7.8435e-07, |dJcp|=2.0129e-09
Iteration 385: J=2.2229e-04, Jf=2.2226e-04, Jcp =3.1828e-08, |dJ|=3.5576e-10, |dJcp|=3.5681e-10
Iteration 390: J=2.2229e-04, Jf=2.2226e-04, Jcp =3.2790e-08, |dJ|=9.1598e-09, |dJcp|=3.6216e-10
Iteration 395: J=2.2225e-04, Jf=2.2221e-04, Jcp =4.4207e-08, |dJ|=1.0888e-07, |dJcp|=4.2051e-10
Iteration 400: J=2.1782e-04, Jf=2.1758e-04, Jcp =2.4153e-07, |dJ|=1.0969e-06, |dJcp|=9.8292e-10
Iteration 405: J=4.4638e-02, Jf=2.0115e-04, Jcp =4.4437e-02, |dJ|=1.9986e-06, |dJcp|=4.2160e-07
Iteration 410: J=2.1334e-04, Jf=2.1303e-04, Jcp =3.0767e-07, |dJ|=1.3547e-06, |dJcp|=1.1094e-09
Iteration 415: J=2.3952e-04, Jf=2.1119e-04, Jcp =2.8331e-05, |dJ|=1.4375e-06, |dJcp|=1.0645e-08
Iteration 420: J=2.1213e-04, Jf=2.1181e-04, Jcp =3.2213e-07, |dJ|=1.4092e-06, |dJcp|=1.1351e-09
Iteration 425: J=4.8144e-02, Jf=1.9823e-04, Jcp =4.7946e-02, |dJ|=1.8806e-06, |dJcp|=4.3793e-07
Iteration 430: J=2.1212e-04, Jf=2.1180e-04, Jcp =3.2224e-07, |dJ|=1.4096e-06, |dJcp|=1.1353e-09
Iteration 435: J=5.7288e-04, Jf=2.0993e-04, Jcp =3.6295e-04, |dJ|=1.4643e-06, |dJcp|=3.8103e-08
Iteration 440: J=2.1214e-04, Jf=2.1181e-04, Jcp =3.2212e-07, |dJ|=1.4091e-06, |dJcp|=1.1351e-09
Iteration 445: J=2.1212e-04, Jf=2.1180e-04, Jcp =3.2212e-07, |dJ|=1.4071e-06, |dJcp|=1.1351e-09
Iteration 450: J=2.0626e-04, Jf=2.0593e-04, Jcp =3.2211e-07, |dJ|=8.2331e-07, |dJcp|=1.1351e-09
Iteration 455: J=2.0446e-04, Jf=2.0414e-04, Jcp =3.2209e-07, |dJ|=1.8776e-09, |dJcp|=1.1351e-09
Iteration 460: J=2.0446e-04, Jf=2.0414e-04, Jcp =3.2164e-07, |dJ|=1.3247e-08, |dJcp|=1.1343e-09
Iteration 465: J=2.0443e-04, Jf=2.0417e-04, Jcp =2.6307e-07, |dJ|=1.6398e-07, |dJcp|=1.0258e-09

---> Running optimization for TF_a = 0.700
---> Saving outputs to: /burg-archive/home/tg2998/simsopt/examples/outputs/TG_warmstarter_stage2results_fixed_True/TF_a_0.700

Warning: coils_to_vtk will not save forces and torques for coils that do not have a model for their cross section. Please use the RegularizedCoil class.
     Number of Toroidal Dipoles: 8
     Number of Poroidal Dipoles: 10
Iteration 470: J=2.0414e-04, Jf=2.0414e-04, Jcp =0.0000e+00, |dJ|=1.5486e-08, |dJcp|=0.0000e+00
Iteration 475: J=2.0414e-04, Jf=2.0414e-04, Jcp =1.2170e-09, |dJ|=9.0611e-10, |dJcp|=6.9770e-11
Initialized 10x8 (npol x ntor) windowpane coils with Rpol=0.058, Rtor_min=0.050, Rtor_max=0.102
Iteration 480: J=2.0414e-04, Jf=2.0414e-04, Jcp =0.0000e+00, |dJ|=5.2274e-10, |dJcp|=0.0000e+00

===== Starting optimization =====
Iteration 485: J=2.0414e-04, Jf=2.0414e-04, Jcp =9.0623e-14, |dJ|=3.2011e-09, |dJcp|=6.0207e-13
Iteration 490: J=2.0414e-04, Jf=2.0414e-04, Jcp =1.3222e-12, |dJ|=1.0557e-10, |dJcp|=2.2997e-12
Current2693:x0 1
Current2694:x0 1
Current2695:x0 1
Current2696:x0 1
Current2697:x0 1
Current2698:x0 1
Current2699:x0 1
Current2700:x0 1
Current2701:x0 1
Current2702:x0 1
Current2703:x0 1
Current2704:x0 1
Current2705:x0 1
Current2706:x0 1
Current2707:x0 1
Current2708:x0 1
Current2709:x0 1
Current2710:x0 1
Current2711:x0 1
Current2712:x0 1
Current2713:x0 1
Current2714:x0 1
Current2715:x0 1
Current2716:x0 1
Current2717:x0 1
Current2718:x0 1
Current2719:x0 1
Current2720:x0 1
Current2721:x0 1
Current2722:x0 1
Current2723:x0 1
Current2724:x0 1
Current2725:x0 1
Current2726:x0 1
Current2727:x0 1
Current2728:x0 1
Current2729:x0 1
Current2730:x0 1
Current2731:x0 1
Current2732:x0 1
Current2733:x0 1
Current2734:x0 1
Current2735:x0 1
Current2736:x0 1
Current2737:x0 1
Current2738:x0 1
Current2739:x0 1
Current2740:x0 1
Current2741:x0 1
Current2742:x0 1
Current2743:x0 1
Current2744:x0 1
Current2745:x0 1
Current2746:x0 1
Current2747:x0 1
Current2748:x0 1
Current2749:x0 1
Current2750:x0 1
Current2751:x0 1
Current2752:x0 1
Current2753:x0 1
Current2754:x0 1
Current2755:x0 1
Current2756:x0 1
Current2757:x0 1
Current2758:x0 1
Current2759:x0 1
Current2760:x0 1
Current2761:x0 1
Current2762:x0 1
Current2763:x0 1
Current2764:x0 1
Current2765:x0 1
Current2766:x0 1
Current2767:x0 1
Current2768:x0 1
Current2769:x0 1
Current2770:x0 1
Current2771:x0 1
Current2772:x0 1
Iteration 495: J=2.0414e-04, Jf=2.0414e-04, Jcp =1.1937e-12, |dJ|=1.8683e-09, |dJcp|=2.1851e-12
Iteration 5: J=7.9121e-04, Jf=7.9121e-04, Jcp =0.0000e+00, |dJ|=8.3405e-09, |dJcp|=0.0000e+00
Iteration 500: J=2.0414e-04, Jf=2.0414e-04, Jcp =2.0747e-13, |dJ|=2.1524e-08, |dJcp|=9.1097e-13
Iteration 10: J=3.1325e-05, Jf=3.1325e-05, Jcp =0.0000e+00, |dJ|=4.4689e-10, |dJcp|=0.0000e+00
Iteration 505: J=2.0409e-04, Jf=2.0409e-04, Jcp =0.0000e+00, |dJ|=2.3847e-07, |dJcp|=0.0000e+00
Iteration 15: J=2.2547e-05, Jf=2.2547e-05, Jcp =0.0000e+00, |dJ|=1.1567e-10, |dJcp|=0.0000e+00
Iteration 510: J=2.0400e-04, Jf=2.0400e-04, Jcp =0.0000e+00, |dJ|=3.9853e-07, |dJcp|=0.0000e+00
Iteration 20: J=2.1996e-05, Jf=2.1996e-05, Jcp =0.0000e+00, |dJ|=2.9162e-11, |dJcp|=0.0000e+00
Iteration 515: J=2.0402e-04, Jf=2.0394e-04, Jcp =8.1473e-08, |dJ|=4.5079e-07, |dJcp|=5.7087e-10
Iteration 25: J=2.1935e-05, Jf=2.1935e-05, Jcp =0.0000e+00, |dJ|=1.0594e-11, |dJcp|=0.0000e+00
Iteration 520: J=2.0395e-04, Jf=2.0395e-04, Jcp =7.0212e-09, |dJ|=4.2909e-07, |dJcp|=1.6758e-10
Iteration 30: J=2.1928e-05, Jf=2.1928e-05, Jcp =0.0000e+00, |dJ|=8.7765e-12, |dJcp|=0.0000e+00
Iteration 525: J=2.0379e-04, Jf=2.0379e-04, Jcp =3.2107e-09, |dJ|=3.2447e-09, |dJcp|=1.1333e-10
Iteration 35: J=2.1928e-05, Jf=2.1928e-05, Jcp =0.0000e+00, |dJ|=2.9020e-12, |dJcp|=0.0000e+00
Iteration 530: J=2.0379e-04, Jf=2.0379e-04, Jcp =3.2079e-09, |dJ|=8.2394e-09, |dJcp|=1.1328e-10
Iteration 40: J=2.1928e-05, Jf=2.1928e-05, Jcp =0.0000e+00, |dJ|=3.3285e-13, |dJcp|=0.0000e+00
Iteration 535: J=2.0380e-04, Jf=2.0379e-04, Jcp =1.0956e-08, |dJ|=1.1853e-08, |dJcp|=2.0934e-10
Iteration 45: J=2.1928e-05, Jf=2.1928e-05, Jcp =0.0000e+00, |dJ|=2.1859e-14, |dJcp|=0.0000e+00
Iteration 540: J=2.0379e-04, Jf=2.0379e-04, Jcp =3.2073e-09, |dJ|=9.3865e-09, |dJcp|=1.1327e-10
Iteration 50: J=2.1928e-05, Jf=2.1928e-05, Jcp =0.0000e+00, |dJ|=2.7004e-15, |dJcp|=0.0000e+00
Iteration 545: J=2.0412e-04, Jf=2.0379e-04, Jcp =3.3271e-07, |dJ|=1.8986e-08, |dJcp|=1.1536e-09
Iteration 55: J=2.1928e-05, Jf=2.1928e-05, Jcp =0.0000e+00, |dJ|=6.9428e-16, |dJcp|=0.0000e+00
Iteration 550: J=2.0379e-04, Jf=2.0379e-04, Jcp =3.2401e-09, |dJ|=9.0028e-09, |dJcp|=1.1384e-10
Iteration 60: J=2.1928e-05, Jf=2.1928e-05, Jcp =0.0000e+00, |dJ|=1.7183e-16, |dJcp|=0.0000e+00
Iteration 555: J=2.0377e-04, Jf=2.0377e-04, Jcp =3.0732e-09, |dJ|=1.2514e-07, |dJcp|=1.1087e-10
Iteration 65: J=2.1928e-05, Jf=2.1928e-05, Jcp =0.0000e+00, |dJ|=1.3773e-16, |dJcp|=0.0000e+00
Iteration 560: J=4.4548e-04, Jf=2.0113e-04, Jcp =2.4435e-04, |dJ|=1.5347e-06, |dJcp|=3.1263e-08
CONVERGENCE: RELATIVE REDUCTION OF F <= FACTR*EPSMCH
Iteration 565: J=2.0223e-04, Jf=2.0223e-04, Jcp =2.1570e-09, |dJ|=1.0983e-06, |dJcp|=9.2888e-11
Saving results to /burg-archive/home/tg2998/simsopt/examples/outputs/TG_warmstarter_stage2results_fixed_True/TF_a_0.700...
Iteration 570: J=7.3189e-04, Jf=2.0022e-04, Jcp =5.3167e-04, |dJ|=1.4969e-06, |dJcp|=4.6116e-08
Iteration 575: J=2.0207e-04, Jf=2.0207e-04, Jcp =2.1395e-09, |dJ|=1.1274e-06, |dJcp|=9.2509e-11
Iteration 580: J=2.0198e-04, Jf=2.0175e-04, Jcp =2.2819e-07, |dJ|=1.1851e-06, |dJcp|=9.5539e-10
Iteration 585: J=2.0224e-04, Jf=2.0223e-04, Jcp =2.1574e-09, |dJ|=1.0977e-06, |dJcp|=9.2896e-11
Iteration 590: J=2.0223e-04, Jf=2.0223e-04, Jcp =2.1574e-09, |dJ|=1.0939e-06, |dJcp|=9.2896e-11
Iteration 595: J=2.0104e-04, Jf=2.0104e-04, Jcp =2.1574e-09, |dJ|=1.9445e-07, |dJcp|=9.2896e-11
Iteration 600: J=2.0090e-04, Jf=2.0089e-04, Jcp =2.1573e-09, |dJ|=2.0739e-09, |dJcp|=9.2893e-11
Iteration 605: J=2.0090e-04, Jf=2.0089e-04, Jcp =2.1566e-09, |dJ|=4.8460e-10, |dJcp|=9.2878e-11
Iteration 610: J=2.0090e-04, Jf=2.0089e-04, Jcp =2.0449e-09, |dJ|=7.4934e-09, |dJcp|=9.0440e-11
Iteration 615: J=2.0090e-04, Jf=2.0090e-04, Jcp =0.0000e+00, |dJ|=1.6614e-08, |dJcp|=0.0000e+00
Iteration 620: J=2.0089e-04, Jf=2.0089e-04, Jcp =0.0000e+00, |dJ|=3.6116e-09, |dJcp|=0.0000e+00
Iteration 625: J=2.0089e-04, Jf=2.0089e-04, Jcp =0.0000e+00, |dJ|=5.3015e-08, |dJcp|=0.0000e+00
Iteration 630: J=2.0084e-04, Jf=2.0084e-04, Jcp =0.0000e+00, |dJ|=2.1650e-07, |dJcp|=0.0000e+00
Iteration 635: J=2.0530e-04, Jf=2.0082e-04, Jcp =4.4866e-06, |dJ|=2.4585e-07, |dJcp|=4.2363e-09
Iteration 640: J=2.0084e-04, Jf=2.0084e-04, Jcp =0.0000e+00, |dJ|=2.1707e-07, |dJcp|=0.0000e+00
Iteration 645: J=2.0085e-04, Jf=2.0084e-04, Jcp =1.4528e-08, |dJ|=2.2116e-07, |dJcp|=2.4107e-10
Iteration 650: J=2.0084e-04, Jf=2.0084e-04, Jcp =0.0000e+00, |dJ|=2.1642e-07, |dJcp|=0.0000e+00
Iteration 655: J=2.0084e-04, Jf=2.0084e-04, Jcp =0.0000e+00, |dJ|=2.1576e-07, |dJcp|=0.0000e+00
Iteration 660: J=2.0080e-04, Jf=2.0080e-04, Jcp =0.0000e+00, |dJ|=2.0737e-08, |dJcp|=0.0000e+00
Iteration 665: J=2.0080e-04, Jf=2.0080e-04, Jcp =0.0000e+00, |dJ|=3.2502e-11, |dJcp|=0.0000e+00
Warning: coils_to_vtk will not save forces and torques for coils that do not have a model for their cross section. Please use the RegularizedCoil class.
Iteration 670: J=2.0080e-04, Jf=2.0080e-04, Jcp =0.0000e+00, |dJ|=5.0283e-10, |dJcp|=0.0000e+00
Iteration 675: J=2.0080e-04, Jf=2.0080e-04, Jcp =0.0000e+00, |dJ|=6.3058e-09, |dJcp|=0.0000e+00
Iteration 680: J=2.0079e-04, Jf=2.0079e-04, Jcp =0.0000e+00, |dJ|=7.0787e-08, |dJcp|=0.0000e+00
Iteration 685: J=2.0078e-04, Jf=2.0078e-04, Jcp =9.7682e-10, |dJ|=1.3918e-07, |dJcp|=6.2508e-11
Iteration 690: J=2.0076e-04, Jf=2.0076e-04, Jcp =3.4400e-09, |dJ|=1.2341e-10, |dJcp|=1.1730e-10
Iteration 695: J=2.0076e-04, Jf=2.0076e-04, Jcp =3.7857e-09, |dJ|=1.8854e-09, |dJcp|=1.2306e-10
Iteration 700: J=2.0076e-04, Jf=2.0075e-04, Jcp =9.6576e-09, |dJ|=2.6312e-08, |dJcp|=1.9655e-10
Iteration 705: J=2.0050e-04, Jf=2.0024e-04, Jcp =2.5512e-07, |dJ|=2.9694e-07, |dJcp|=1.0102e-09
Iteration 710: J=9.0306e-04, Jf=1.9410e-04, Jcp =7.0895e-04, |dJ|=1.0787e-06, |dJcp|=5.3252e-08
Iteration 715: J=1.9857e-04, Jf=1.9689e-04, Jcp =1.6765e-06, |dJ|=8.2372e-07, |dJcp|=2.5896e-09
Iteration 720: J=1.9828e-04, Jf=1.9645e-04, Jcp =1.8327e-06, |dJ|=8.6284e-07, |dJcp|=2.7076e-09
Iteration 725: J=1.9595e-04, Jf=1.9595e-04, Jcp =0.0000e+00, |dJ|=8.8455e-08, |dJcp|=0.0000e+00
Iteration 730: J=1.9593e-04, Jf=1.9593e-04, Jcp =2.8021e-09, |dJ|=3.6207e-09, |dJcp|=1.0587e-10
Iteration 735: J=1.9592e-04, Jf=1.9592e-04, Jcp =8.6729e-09, |dJ|=1.7242e-08, |dJcp|=1.8626e-10
Iteration 740: J=1.9594e-04, Jf=1.9591e-04, Jcp =3.2616e-08, |dJ|=2.5478e-08, |dJcp|=3.6120e-10
Iteration 745: J=1.9592e-04, Jf=1.9591e-04, Jcp =1.0286e-08, |dJ|=2.2704e-08, |dJcp|=2.0284e-10
Iteration 750: J=1.9592e-04, Jf=1.9591e-04, Jcp =1.0494e-08, |dJ|=2.3351e-08, |dJcp|=2.0488e-10
Iteration 755: J=1.9592e-04, Jf=1.9592e-04, Jcp =2.5212e-09, |dJ|=2.0927e-10, |dJcp|=1.0042e-10
Iteration 760: J=1.9592e-04, Jf=1.9592e-04, Jcp =2.3548e-09, |dJ|=3.5857e-09, |dJcp|=9.7052e-11
Iteration 765: J=1.9591e-04, Jf=1.9591e-04, Jcp =8.7426e-10, |dJ|=4.8568e-08, |dJcp|=5.9136e-11
Iteration 770: J=1.9669e-04, Jf=1.9499e-04, Jcp =1.6991e-06, |dJ|=5.6350e-07, |dJcp|=2.6070e-09
Iteration 775: J=1.9527e-04, Jf=1.9527e-04, Jcp =0.0000e+00, |dJ|=4.4228e-07, |dJcp|=0.0000e+00
Iteration 780: J=1.9760e-04, Jf=1.9482e-04, Jcp =2.7807e-06, |dJ|=5.3490e-07, |dJcp|=3.3351e-09
Iteration 785: J=1.9506e-04, Jf=1.9506e-04, Jcp =0.0000e+00, |dJ|=4.8460e-07, |dJcp|=0.0000e+00
Iteration 790: J=1.9439e-04, Jf=1.9436e-04, Jcp =3.3109e-08, |dJ|=1.0224e-08, |dJcp|=3.6392e-10
Iteration 795: J=1.9441e-04, Jf=1.9436e-04, Jcp =4.7056e-08, |dJ|=3.3080e-08, |dJcp|=4.3385e-10
Iteration 800: J=1.9438e-04, Jf=1.9437e-04, Jcp =9.6465e-09, |dJ|=1.8187e-08, |dJcp|=1.9643e-10
Iteration 805: J=1.9460e-04, Jf=1.9436e-04, Jcp =2.3983e-07, |dJ|=3.1144e-08, |dJcp|=9.7945e-10
Iteration 810: J=1.9437e-04, Jf=1.9436e-04, Jcp =8.9264e-09, |dJ|=2.2964e-08, |dJcp|=1.8896e-10
Iteration 815: J=1.9444e-04, Jf=1.9436e-04, Jcp =8.8323e-08, |dJ|=1.8511e-08, |dJcp|=5.9438e-10
Iteration 820: J=1.9437e-04, Jf=1.9435e-04, Jcp =1.4699e-08, |dJ|=6.6740e-09, |dJcp|=2.4248e-10
Iteration 825: J=1.9425e-04, Jf=1.9422e-04, Jcp =3.6799e-08, |dJ|=1.5850e-07, |dJcp|=3.8366e-10

---> Running optimization for TF_a = 0.725
---> Saving outputs to: /burg-archive/home/tg2998/simsopt/examples/outputs/TG_warmstarter_stage2results_fixed_True/TF_a_0.725

Warning: coils_to_vtk will not save forces and torques for coils that do not have a model for their cross section. Please use the RegularizedCoil class.
     Number of Toroidal Dipoles: 8
     Number of Poroidal Dipoles: 10
Iteration 830: J=2.8227e-04, Jf=1.9411e-04, Jcp =8.8160e-05, |dJ|=2.0366e-07, |dJcp|=1.8779e-08
Iteration 835: J=1.9425e-04, Jf=1.9421e-04, Jcp =3.6938e-08, |dJ|=1.5928e-07, |dJcp|=3.8438e-10
Iteration 840: J=1.9430e-04, Jf=1.9420e-04, Jcp =9.8605e-08, |dJ|=1.6635e-07, |dJcp|=6.2803e-10
Initialized 10x8 (npol x ntor) windowpane coils with Rpol=0.058, Rtor_min=0.050, Rtor_max=0.102
Iteration 845: J=8.1708e-03, Jf=1.9348e-04, Jcp =7.9773e-03, |dJ|=4.4923e-07, |dJcp|=1.7863e-07

===== Starting optimization =====
Iteration 850: J=1.9424e-04, Jf=1.9420e-04, Jcp =3.7981e-08, |dJ|=1.6513e-07, |dJcp|=3.8977e-10
Iteration 855: J=2.6588e-04, Jf=1.9411e-04, Jcp =7.1769e-05, |dJ|=1.9018e-07, |dJcp|=1.6943e-08
Current2861:x0 1
Current2862:x0 1
Current2863:x0 1
Current2864:x0 1
Current2865:x0 1
Current2866:x0 1
Current2867:x0 1
Current2868:x0 1
Current2869:x0 1
Current2870:x0 1
Current2871:x0 1
Current2872:x0 1
Current2873:x0 1
Current2874:x0 1
Current2875:x0 1
Current2876:x0 1
Current2877:x0 1
Current2878:x0 1
Current2879:x0 1
Current2880:x0 1
Current2881:x0 1
Current2882:x0 1
Current2883:x0 1
Current2884:x0 1
Current2885:x0 1
Current2886:x0 1
Current2887:x0 1
Current2888:x0 1
Current2889:x0 1
Current2890:x0 1
Current2891:x0 1
Current2892:x0 1
Current2893:x0 1
Current2894:x0 1
Current2895:x0 1
Current2896:x0 1
Current2897:x0 1
Current2898:x0 1
Current2899:x0 1
Current2900:x0 1
Current2901:x0 1
Current2902:x0 1
Current2903:x0 1
Current2904:x0 1
Current2905:x0 1
Current2906:x0 1
Current2907:x0 1
Current2908:x0 1
Current2909:x0 1
Current2910:x0 1
Current2911:x0 1
Current2912:x0 1
Current2913:x0 1
Current2914:x0 1
Current2915:x0 1
Current2916:x0 1
Current2917:x0 1
Current2918:x0 1
Current2919:x0 1
Current2920:x0 1
Current2921:x0 1
Current2922:x0 1
Current2923:x0 1
Current2924:x0 1
Current2925:x0 1
Current2926:x0 1
Current2927:x0 1
Current2928:x0 1
Current2929:x0 1
Current2930:x0 1
Current2931:x0 1
Current2932:x0 1
Current2933:x0 1
Current2934:x0 1
Current2935:x0 1
Current2936:x0 1
Current2937:x0 1
Current2938:x0 1
Current2939:x0 1
Current2940:x0 1
Iteration 860: J=1.9424e-04, Jf=1.9420e-04, Jcp =3.7995e-08, |dJ|=1.6521e-07, |dJcp|=3.8984e-10
Iteration 5: J=7.9108e-04, Jf=7.9108e-04, Jcp =0.0000e+00, |dJ|=8.3398e-09, |dJcp|=0.0000e+00
Iteration 865: J=1.9424e-04, Jf=1.9420e-04, Jcp =3.7973e-08, |dJ|=1.6509e-07, |dJcp|=3.8973e-10
Iteration 10: J=3.1326e-05, Jf=3.1326e-05, Jcp =0.0000e+00, |dJ|=4.4689e-10, |dJcp|=0.0000e+00
Iteration 870: J=1.9424e-04, Jf=1.9420e-04, Jcp =3.7973e-08, |dJ|=1.6504e-07, |dJcp|=3.8973e-10
Iteration 15: J=2.2547e-05, Jf=2.2547e-05, Jcp =0.0000e+00, |dJ|=1.1577e-10, |dJcp|=0.0000e+00
Iteration 875: J=1.9421e-04, Jf=1.9417e-04, Jcp =3.7973e-08, |dJ|=1.2417e-07, |dJcp|=3.8973e-10
Iteration 20: J=2.1996e-05, Jf=2.1996e-05, Jcp =0.0000e+00, |dJ|=2.9114e-11, |dJcp|=0.0000e+00
Iteration 880: J=1.9413e-04, Jf=1.9409e-04, Jcp =3.7971e-08, |dJ|=4.8164e-10, |dJcp|=3.8973e-10
Iteration 25: J=2.1935e-05, Jf=2.1935e-05, Jcp =0.0000e+00, |dJ|=1.0573e-11, |dJcp|=0.0000e+00
Iteration 885: J=1.9413e-04, Jf=1.9409e-04, Jcp =3.7922e-08, |dJ|=4.1485e-09, |dJcp|=3.8947e-10
Iteration 30: J=2.1928e-05, Jf=2.1928e-05, Jcp =0.0000e+00, |dJ|=8.7027e-12, |dJcp|=0.0000e+00
Iteration 890: J=1.9413e-04, Jf=1.9410e-04, Jcp =3.0867e-08, |dJ|=5.0624e-08, |dJcp|=3.5138e-10
Iteration 35: J=2.1928e-05, Jf=2.1928e-05, Jcp =0.0000e+00, |dJ|=2.8149e-12, |dJcp|=0.0000e+00
Iteration 895: J=1.9409e-04, Jf=1.9409e-04, Jcp =2.0821e-13, |dJ|=1.3192e-08, |dJcp|=9.1260e-13
Iteration 40: J=2.1928e-05, Jf=2.1928e-05, Jcp =0.0000e+00, |dJ|=2.6460e-13, |dJcp|=0.0000e+00
Iteration 900: J=1.9409e-04, Jf=1.9409e-04, Jcp =4.3104e-14, |dJ|=2.2420e-09, |dJcp|=4.1523e-13
Iteration 45: J=2.1928e-05, Jf=2.1928e-05, Jcp =0.0000e+00, |dJ|=1.5411e-14, |dJcp|=0.0000e+00
Iteration 905: J=1.9409e-04, Jf=1.9409e-04, Jcp =4.2990e-11, |dJ|=3.1045e-09, |dJcp|=1.3113e-11
Iteration 50: J=2.1928e-05, Jf=2.1928e-05, Jcp =0.0000e+00, |dJ|=4.2742e-15, |dJcp|=0.0000e+00
Iteration 910: J=1.9409e-04, Jf=1.9409e-04, Jcp =9.8543e-15, |dJ|=2.5924e-09, |dJcp|=1.9854e-13
Iteration 55: J=2.1928e-05, Jf=2.1928e-05, Jcp =0.0000e+00, |dJ|=1.2979e-15, |dJcp|=0.0000e+00
Iteration 915: J=1.9409e-04, Jf=1.9409e-04, Jcp =1.4655e-13, |dJ|=4.8795e-10, |dJcp|=7.6563e-13
Iteration 60: J=2.1928e-05, Jf=2.1928e-05, Jcp =0.0000e+00, |dJ|=2.7504e-16, |dJcp|=0.0000e+00
Iteration 920: J=1.9409e-04, Jf=1.9409e-04, Jcp =1.0172e-13, |dJ|=6.6088e-10, |dJcp|=6.3787e-13
Iteration 65: J=2.1928e-05, Jf=2.1928e-05, Jcp =0.0000e+00, |dJ|=7.8374e-17, |dJcp|=0.0000e+00
Iteration 925: J=1.9409e-04, Jf=1.9409e-04, Jcp =4.6845e-12, |dJ|=1.3434e-08, |dJcp|=4.3287e-12
Iteration 70: J=2.1928e-05, Jf=2.1928e-05, Jcp =0.0000e+00, |dJ|=1.7765e-17, |dJcp|=0.0000e+00
CONVERGENCE: RELATIVE REDUCTION OF F <= FACTR*EPSMCH
Iteration 930: J=1.9409e-04, Jf=1.9409e-04, Jcp =3.4999e-09, |dJ|=1.4457e-08, |dJcp|=1.1832e-10
Iteration 935: J=1.9409e-04, Jf=1.9409e-04, Jcp =3.0631e-09, |dJ|=5.7924e-09, |dJcp|=1.1069e-10
Saving results to /burg-archive/home/tg2998/simsopt/examples/outputs/TG_warmstarter_stage2results_fixed_True/TF_a_0.725...
Iteration 940: J=1.9409e-04, Jf=1.9409e-04, Jcp =2.7398e-09, |dJ|=4.0335e-09, |dJcp|=1.0469e-10
Iteration 945: J=1.9409e-04, Jf=1.9409e-04, Jcp =2.8693e-09, |dJ|=3.2865e-09, |dJcp|=1.0713e-10
Iteration 950: J=1.9409e-04, Jf=1.9409e-04, Jcp =3.2785e-09, |dJ|=3.0736e-10, |dJcp|=1.1452e-10
Iteration 955: J=1.9409e-04, Jf=1.9409e-04, Jcp =1.0379e-09, |dJ|=1.5906e-08, |dJcp|=6.4432e-11
Iteration 960: J=1.9408e-04, Jf=1.9408e-04, Jcp =2.6315e-09, |dJ|=1.7535e-09, |dJcp|=1.0260e-10
Iteration 965: J=1.9408e-04, Jf=1.9408e-04, Jcp =2.6452e-09, |dJ|=1.1199e-09, |dJcp|=1.0286e-10
Iteration 970: J=1.9408e-04, Jf=1.9408e-04, Jcp =2.2504e-09, |dJ|=9.0549e-09, |dJcp|=9.4877e-11
Iteration 975: J=1.9407e-04, Jf=1.9406e-04, Jcp =4.6095e-09, |dJ|=1.1086e-07, |dJcp|=1.3579e-10
Iteration 980: J=1.9180e-04, Jf=1.9103e-04, Jcp =7.7071e-07, |dJ|=1.5108e-06, |dJcp|=1.7558e-09
Iteration 985: J=1.2084e-04, Jf=1.1786e-04, Jcp =2.9824e-06, |dJ|=2.4671e-06, |dJcp|=3.4539e-09
Iteration 990: J=1.1436e-04, Jf=1.1436e-04, Jcp =0.0000e+00, |dJ|=3.8881e-09, |dJcp|=0.0000e+00
Iteration 995: J=1.1436e-04, Jf=1.1436e-04, Jcp =5.2089e-10, |dJ|=1.5607e-08, |dJcp|=4.5646e-11
Iteration 1000: J=1.1410e-04, Jf=1.1406e-04, Jcp =4.6182e-08, |dJ|=3.5438e-07, |dJcp|=4.2980e-10
Iteration 1005: J=1.5264e-04, Jf=1.1378e-04, Jcp =3.8860e-05, |dJ|=4.7413e-07, |dJcp|=1.2468e-08
Iteration 1010: J=1.1397e-04, Jf=1.1391e-04, Jcp =6.2657e-08, |dJ|=4.1625e-07, |dJcp|=5.0063e-10
Iteration 1015: J=4.1109e-04, Jf=1.1363e-04, Jcp =2.9746e-04, |dJ|=4.8998e-07, |dJcp|=3.4494e-08
Iteration 1020: J=1.1393e-04, Jf=1.1387e-04, Jcp =6.5688e-08, |dJ|=4.2662e-07, |dJcp|=5.1259e-10
Warning: coils_to_vtk will not save forces and torques for coils that do not have a model for their cross section. Please use the RegularizedCoil class.
Iteration 1025: J=1.1390e-04, Jf=1.1383e-04, Jcp =6.8521e-08, |dJ|=4.3610e-07, |dJcp|=5.2353e-10
Iteration 1030: J=1.1099e-03, Jf=1.1344e-04, Jcp =9.9645e-04, |dJ|=5.1106e-07, |dJcp|=6.3133e-08
Iteration 1035: J=1.1390e-04, Jf=1.1383e-04, Jcp =6.8542e-08, |dJ|=4.3617e-07, |dJcp|=5.2361e-10
Iteration 1040: J=1.2930e-04, Jf=1.1378e-04, Jcp =1.5519e-05, |dJ|=4.4511e-07, |dJcp|=7.8789e-09
Iteration 1045: J=1.1390e-04, Jf=1.1383e-04, Jcp =6.8563e-08, |dJ|=4.3624e-07, |dJcp|=5.2369e-10
Iteration 1050: J=1.1390e-04, Jf=1.1383e-04, Jcp =6.8521e-08, |dJ|=4.3599e-07, |dJcp|=5.2353e-10
Iteration 1055: J=1.1384e-04, Jf=1.1377e-04, Jcp =6.8521e-08, |dJ|=3.2840e-07, |dJcp|=5.2353e-10
Iteration 1060: J=1.1363e-04, Jf=1.1356e-04, Jcp =6.8516e-08, |dJ|=5.1501e-09, |dJcp|=5.2351e-10
Iteration 1065: J=1.1363e-04, Jf=1.1356e-04, Jcp =6.8501e-08, |dJ|=2.9431e-09, |dJcp|=5.2345e-10
Iteration 1070: J=1.1363e-04, Jf=1.1356e-04, Jcp =6.5892e-08, |dJ|=4.6170e-08, |dJcp|=5.1339e-10
Iteration 1075: J=1.1357e-04, Jf=1.1357e-04, Jcp =3.4018e-10, |dJ|=1.2706e-07, |dJcp|=3.6888e-11
Iteration 1080: J=1.1356e-04, Jf=1.1356e-04, Jcp =0.0000e+00, |dJ|=9.3502e-10, |dJcp|=0.0000e+00
Iteration 1085: J=1.1356e-04, Jf=1.1356e-04, Jcp =0.0000e+00, |dJ|=3.3848e-09, |dJcp|=0.0000e+00
Iteration 1090: J=1.1356e-04, Jf=1.1356e-04, Jcp =5.1844e-13, |dJ|=1.3052e-10, |dJcp|=1.4401e-12
Iteration 1095: J=1.1356e-04, Jf=1.1356e-04, Jcp =4.9525e-13, |dJ|=2.3256e-10, |dJcp|=1.4075e-12
Iteration 1100: J=1.1356e-04, Jf=1.1356e-04, Jcp =4.2439e-13, |dJ|=3.0881e-09, |dJcp|=1.3029e-12
Iteration 1105: J=1.1356e-04, Jf=1.1356e-04, Jcp =5.1209e-15, |dJ|=3.4775e-08, |dJcp|=1.4312e-13
Iteration 1110: J=1.1355e-04, Jf=1.1355e-04, Jcp =9.6132e-10, |dJ|=2.3902e-09, |dJcp|=6.2010e-11
Iteration 1115: J=1.1355e-04, Jf=1.1355e-04, Jcp =1.0979e-09, |dJ|=1.7742e-10, |dJcp|=6.6269e-11
Iteration 1120: J=1.1355e-04, Jf=1.1355e-04, Jcp =9.2098e-11, |dJ|=1.9102e-08, |dJcp|=1.9194e-11
Iteration 1125: J=1.1216e-04, Jf=1.1192e-04, Jcp =2.4258e-07, |dJ|=1.1708e-06, |dJcp|=9.8504e-10
Iteration 1130: J=1.0897e-04, Jf=1.0820e-04, Jcp =7.6369e-07, |dJ|=2.0688e-06, |dJcp|=1.7478e-09
Iteration 1135: J=7.0903e-02, Jf=9.7800e-05, Jcp =7.0805e-02, |dJ|=2.9916e-06, |dJcp|=5.3218e-07
Iteration 1140: J=1.0853e-04, Jf=1.0771e-04, Jcp =8.1892e-07, |dJ|=2.1400e-06, |dJcp|=1.8099e-09
Iteration 1145: J=3.6736e-04, Jf=1.0613e-04, Jcp =2.6124e-04, |dJ|=2.2418e-06, |dJcp|=3.2326e-08
Iteration 1150: J=1.0784e-04, Jf=1.0698e-04, Jcp =8.5801e-07, |dJ|=2.1863e-06, |dJcp|=1.8526e-09
Iteration 1155: J=1.0417e-04, Jf=1.0417e-04, Jcp =1.3178e-10, |dJ|=1.5395e-07, |dJcp|=2.2960e-11
Iteration 1160: J=1.0412e-04, Jf=1.0412e-04, Jcp =7.4418e-10, |dJ|=1.0655e-08, |dJcp|=5.4559e-11
Iteration 1165: J=1.0399e-04, Jf=1.0392e-04, Jcp =7.4720e-08, |dJ|=1.8189e-07, |dJcp|=5.4670e-10
Iteration 1170: J=1.0378e-04, Jf=1.0358e-04, Jcp =1.9737e-07, |dJ|=2.9478e-07, |dJcp|=8.8853e-10
Iteration 1175: J=1.0987e-04, Jf=1.0355e-04, Jcp =6.3165e-06, |dJ|=3.0048e-07, |dJcp|=5.0265e-09
Iteration 1180: J=1.0377e-04, Jf=1.0357e-04, Jcp =1.9937e-07, |dJ|=2.9624e-07, |dJcp|=8.9303e-10
Iteration 1185: J=1.0377e-04, Jf=1.0357e-04, Jcp =2.0024e-07, |dJ|=2.9687e-07, |dJcp|=8.9497e-10

---> Running optimization for TF_a = 0.750
---> Saving outputs to: /burg-archive/home/tg2998/simsopt/examples/outputs/TG_warmstarter_stage2results_fixed_True/TF_a_0.750

Warning: coils_to_vtk will not save forces and torques for coils that do not have a model for their cross section. Please use the RegularizedCoil class.
     Number of Toroidal Dipoles: 8
     Number of Poroidal Dipoles: 10
Iteration 1190: J=1.0346e-04, Jf=1.0346e-04, Jcp =7.0591e-10, |dJ|=4.9560e-09, |dJcp|=5.3138e-11
Iteration 1195: J=1.3265e-04, Jf=1.0341e-04, Jcp =2.9238e-05, |dJ|=7.5873e-08, |dJcp|=1.0814e-08
Initialized 10x8 (npol x ntor) windowpane coils with Rpol=0.058, Rtor_min=0.050, Rtor_max=0.102
Iteration 1200: J=1.0345e-04, Jf=1.0345e-04, Jcp =7.3529e-10, |dJ|=1.2262e-08, |dJcp|=5.4233e-11

===== Starting optimization =====
Iteration 1205: J=1.0354e-04, Jf=1.0345e-04, Jcp =9.2509e-08, |dJ|=2.0728e-08, |dJcp|=6.0831e-10
Iteration 1210: J=1.0345e-04, Jf=1.0345e-04, Jcp =7.5373e-10, |dJ|=1.7055e-08, |dJcp|=5.4908e-11
Current3029:x0 1
Current3030:x0 1
Current3031:x0 1
Current3032:x0 1
Current3033:x0 1
Current3034:x0 1
Current3035:x0 1
Current3036:x0 1
Current3037:x0 1
Current3038:x0 1
Current3039:x0 1
Current3040:x0 1
Current3041:x0 1
Current3042:x0 1
Current3043:x0 1
Current3044:x0 1
Current3045:x0 1
Current3046:x0 1
Current3047:x0 1
Current3048:x0 1
Current3049:x0 1
Current3050:x0 1
Current3051:x0 1
Current3052:x0 1
Current3053:x0 1
Current3054:x0 1
Current3055:x0 1
Current3056:x0 1
Current3057:x0 1
Current3058:x0 1
Current3059:x0 1
Current3060:x0 1
Current3061:x0 1
Current3062:x0 1
Current3063:x0 1
Current3064:x0 1
Current3065:x0 1
Current3066:x0 1
Current3067:x0 1
Current3068:x0 1
Current3069:x0 1
Current3070:x0 1
Current3071:x0 1
Current3072:x0 1
Current3073:x0 1
Current3074:x0 1
Current3075:x0 1
Current3076:x0 1
Current3077:x0 1
Current3078:x0 1
Current3079:x0 1
Current3080:x0 1
Current3081:x0 1
Current3082:x0 1
Current3083:x0 1
Current3084:x0 1
Current3085:x0 1
Current3086:x0 1
Current3087:x0 1
Current3088:x0 1
Current3089:x0 1
Current3090:x0 1
Current3091:x0 1
Current3092:x0 1
Current3093:x0 1
Current3094:x0 1
Current3095:x0 1
Current3096:x0 1
Current3097:x0 1
Current3098:x0 1
Current3099:x0 1
Current3100:x0 1
Current3101:x0 1
Current3102:x0 1
Current3103:x0 1
Current3104:x0 1
Current3105:x0 1
Current3106:x0 1
Current3107:x0 1
Current3108:x0 1
Iteration 1215: J=1.0345e-04, Jf=1.0345e-04, Jcp =7.3423e-10, |dJ|=1.1985e-08, |dJcp|=5.4193e-11
Iteration 5: J=7.9101e-04, Jf=7.9101e-04, Jcp =0.0000e+00, |dJ|=8.3394e-09, |dJcp|=0.0000e+00
Iteration 1220: J=1.0345e-04, Jf=1.0345e-04, Jcp =7.3423e-10, |dJ|=1.1807e-08, |dJcp|=5.4193e-11
Iteration 10: J=3.1326e-05, Jf=3.1326e-05, Jcp =0.0000e+00, |dJ|=4.4688e-10, |dJcp|=0.0000e+00
Iteration 1225: J=1.0345e-04, Jf=1.0345e-04, Jcp =7.3420e-10, |dJ|=2.3868e-09, |dJcp|=5.4192e-11
Iteration 15: J=2.2547e-05, Jf=2.2547e-05, Jcp =0.0000e+00, |dJ|=1.1584e-10, |dJcp|=0.0000e+00
Iteration 1230: J=1.0345e-04, Jf=1.0345e-04, Jcp =7.3418e-10, |dJ|=7.7426e-11, |dJcp|=5.4192e-11
Iteration 20: J=2.1996e-05, Jf=2.1996e-05, Jcp =0.0000e+00, |dJ|=2.9081e-11, |dJcp|=0.0000e+00
Iteration 1235: J=1.0345e-04, Jf=1.0345e-04, Jcp =7.2629e-10, |dJ|=2.6288e-09, |dJcp|=5.3899e-11
Iteration 25: J=2.1935e-05, Jf=2.1935e-05, Jcp =0.0000e+00, |dJ|=1.0559e-11, |dJcp|=0.0000e+00
Iteration 1240: J=1.0345e-04, Jf=1.0345e-04, Jcp =1.8198e-10, |dJ|=1.9383e-08, |dJcp|=2.6980e-11
Iteration 30: J=2.1928e-05, Jf=2.1928e-05, Jcp =0.0000e+00, |dJ|=8.6603e-12, |dJcp|=0.0000e+00
Iteration 1245: J=1.0345e-04, Jf=1.0345e-04, Jcp =0.0000e+00, |dJ|=7.5664e-10, |dJcp|=0.0000e+00
Iteration 35: J=2.1928e-05, Jf=2.1928e-05, Jcp =0.0000e+00, |dJ|=2.7727e-12, |dJcp|=0.0000e+00
Iteration 1250: J=1.0345e-04, Jf=1.0345e-04, Jcp =2.1324e-10, |dJ|=2.4106e-08, |dJcp|=2.9205e-11
Iteration 40: J=2.1928e-05, Jf=2.1928e-05, Jcp =0.0000e+00, |dJ|=2.3097e-13, |dJcp|=0.0000e+00
Iteration 1255: J=1.0345e-04, Jf=1.0345e-04, Jcp =1.5042e-10, |dJ|=3.0754e-11, |dJcp|=2.4529e-11
Iteration 45: J=2.1928e-05, Jf=2.1928e-05, Jcp =0.0000e+00, |dJ|=1.6785e-14, |dJcp|=0.0000e+00
Iteration 1260: J=1.0345e-04, Jf=1.0345e-04, Jcp =1.2518e-10, |dJ|=5.5266e-10, |dJcp|=2.2376e-11
Iteration 50: J=2.1928e-05, Jf=2.1928e-05, Jcp =0.0000e+00, |dJ|=2.5369e-15, |dJcp|=0.0000e+00
Iteration 1265: J=1.0345e-04, Jf=1.0345e-04, Jcp =0.0000e+00, |dJ|=6.7531e-09, |dJcp|=0.0000e+00
Iteration 55: J=2.1928e-05, Jf=2.1928e-05, Jcp =0.0000e+00, |dJ|=8.1214e-16, |dJcp|=0.0000e+00
Iteration 1270: J=1.0391e-04, Jf=1.0344e-04, Jcp =4.6443e-07, |dJ|=8.1322e-08, |dJcp|=1.3630e-09
Iteration 1275: J=1.0345e-04, Jf=1.0345e-04, Jcp =0.0000e+00, |dJ|=3.7032e-08, |dJcp|=0.0000e+00
Iteration 60: J=2.1928e-05, Jf=2.1928e-05, Jcp =0.0000e+00, |dJ|=2.5859e-16, |dJcp|=0.0000e+00
Iteration 1280: J=1.0345e-04, Jf=1.0345e-04, Jcp =9.1388e-10, |dJ|=4.3925e-08, |dJcp|=6.0461e-11
Iteration 65: J=2.1928e-05, Jf=2.1928e-05, Jcp =0.0000e+00, |dJ|=7.8060e-17, |dJcp|=0.0000e+00
CONVERGENCE: RELATIVE REDUCTION OF F <= FACTR*EPSMCH
Iteration 1285: J=1.0345e-04, Jf=1.0345e-04, Jcp =5.7397e-11, |dJ|=6.3616e-09, |dJcp|=1.5152e-11
Iteration 1290: J=1.0830e-04, Jf=1.0343e-04, Jcp =4.8717e-06, |dJ|=1.1070e-07, |dJcp|=4.4144e-09
Saving results to /burg-archive/home/tg2998/simsopt/examples/outputs/TG_warmstarter_stage2results_fixed_True/TF_a_0.750...
Iteration 1295: J=1.0344e-04, Jf=1.0344e-04, Jcp =4.7969e-11, |dJ|=6.9066e-08, |dJcp|=1.3852e-11
Iteration 1300: J=1.0344e-04, Jf=1.0344e-04, Jcp =5.4941e-10, |dJ|=7.5641e-08, |dJcp|=4.6879e-11
Iteration 1305: J=1.4368e-04, Jf=1.0341e-04, Jcp =4.0264e-05, |dJ|=1.4607e-07, |dJcp|=1.2691e-08
Iteration 1310: J=1.0344e-04, Jf=1.0344e-04, Jcp =4.7222e-11, |dJ|=7.4954e-08, |dJcp|=1.3744e-11
Iteration 1315: J=1.0404e-04, Jf=1.0343e-04, Jcp =6.0969e-07, |dJ|=8.3837e-08, |dJcp|=1.5616e-09
Iteration 1320: J=1.0344e-04, Jf=1.0344e-04, Jcp =4.7205e-11, |dJ|=7.5087e-08, |dJcp|=1.3741e-11
Iteration 1325: J=1.0344e-04, Jf=1.0344e-04, Jcp =4.7234e-11, |dJ|=7.4849e-08, |dJcp|=1.3745e-11
Iteration 1330: J=1.0344e-04, Jf=1.0344e-04, Jcp =4.7234e-11, |dJ|=7.3397e-08, |dJcp|=1.3745e-11
Iteration 1335: J=1.0343e-04, Jf=1.0343e-04, Jcp =4.7234e-11, |dJ|=7.3798e-09, |dJcp|=1.3745e-11
Iteration 1340: J=1.0343e-04, Jf=1.0343e-04, Jcp =4.7233e-11, |dJ|=2.2297e-11, |dJcp|=1.3745e-11
Iteration 1345: J=1.0343e-04, Jf=1.0343e-04, Jcp =4.7182e-11, |dJ|=4.1190e-10, |dJcp|=1.3738e-11
Iteration 1350: J=1.0343e-04, Jf=1.0343e-04, Jcp =4.0387e-11, |dJ|=5.1833e-09, |dJcp|=1.2710e-11
Iteration 1355: J=1.0343e-04, Jf=1.0343e-04, Jcp =4.3673e-09, |dJ|=3.9720e-08, |dJcp|=1.3217e-10
Iteration 1360: J=1.0343e-04, Jf=1.0343e-04, Jcp =5.1353e-10, |dJ|=6.6116e-11, |dJcp|=4.5322e-11
Iteration 1365: J=1.0343e-04, Jf=1.0343e-04, Jcp =5.1351e-10, |dJ|=1.4966e-09, |dJcp|=4.5321e-11
Iteration 1370: J=1.0343e-04, Jf=1.0343e-04, Jcp =5.1326e-10, |dJ|=1.7513e-08, |dJcp|=4.5310e-11
Iteration 1375: J=1.0338e-04, Jf=1.0338e-04, Jcp =5.0860e-10, |dJ|=1.9315e-07, |dJcp|=4.5104e-11
Warning: coils_to_vtk will not save forces and torques for coils that do not have a model for their cross section. Please use the RegularizedCoil class.
Iteration 1380: J=1.0341e-04, Jf=1.0333e-04, Jcp =8.5130e-08, |dJ|=2.5687e-07, |dJcp|=5.8354e-10
Iteration 1385: J=1.0327e-04, Jf=1.0327e-04, Jcp =3.7932e-09, |dJ|=3.6588e-09, |dJcp|=1.2318e-10
Iteration 1390: J=1.0327e-04, Jf=1.0326e-04, Jcp =4.0125e-09, |dJ|=3.5598e-08, |dJcp|=1.2669e-10
Iteration 1395: J=1.0282e-04, Jf=1.0280e-04, Jcp =1.5565e-08, |dJ|=7.3935e-07, |dJcp|=2.4952e-10
Iteration 1400: J=8.3009e-05, Jf=8.2873e-05, Jcp =1.3585e-07, |dJ|=2.0188e-06, |dJcp|=7.3715e-10
Iteration 1405: J=8.0356e-05, Jf=8.0356e-05, Jcp =1.9930e-12, |dJ|=1.6430e-10, |dJcp|=2.8234e-12
Iteration 1410: J=8.0356e-05, Jf=8.0356e-05, Jcp =6.0895e-12, |dJ|=6.1826e-09, |dJcp|=4.9354e-12
Iteration 1415: J=8.0347e-05, Jf=8.0347e-05, Jcp =1.8193e-10, |dJ|=7.2313e-08, |dJcp|=2.6976e-11
Iteration 1420: J=8.0255e-05, Jf=8.0255e-05, Jcp =1.0412e-11, |dJ|=1.0781e-08, |dJcp|=6.4536e-12
Iteration 1425: J=8.0254e-05, Jf=8.0254e-05, Jcp =2.1312e-12, |dJ|=2.4797e-10, |dJcp|=2.9197e-12
Iteration 1430: J=8.0254e-05, Jf=8.0254e-05, Jcp =4.3017e-12, |dJ|=3.9785e-09, |dJcp|=4.1481e-12
Iteration 1435: J=8.0247e-05, Jf=8.0247e-05, Jcp =7.8698e-11, |dJ|=4.5270e-08, |dJcp|=1.7742e-11
Iteration 1440: J=8.0105e-05, Jf=8.0104e-05, Jcp =1.2339e-09, |dJ|=2.0475e-07, |dJcp|=7.0254e-11
Iteration 1445: J=5.9616e-02, Jf=7.9409e-05, Jcp =5.9537e-02, |dJ|=6.9941e-07, |dJcp|=4.8800e-07
Iteration 1450: J=6.3202e-03, Jf=7.9766e-05, Jcp =6.2405e-03, |dJ|=3.6154e-07, |dJcp|=1.5799e-07
Iteration 1455: J=8.0020e-05, Jf=8.0018e-05, Jcp =1.6751e-09, |dJ|=2.3986e-07, |dJcp|=8.1856e-11
Iteration 1460: J=8.0634e-05, Jf=8.0008e-05, Jcp =6.2573e-07, |dJ|=2.4306e-07, |dJcp|=1.5821e-09
Iteration 1465: J=8.0015e-05, Jf=8.0013e-05, Jcp =1.6962e-09, |dJ|=2.4141e-07, |dJcp|=8.2369e-11
Iteration 1470: J=2.0729e-04, Jf=7.9953e-05, Jcp =1.2733e-04, |dJ|=2.5515e-07, |dJcp|=2.2569e-08
Iteration 1475: J=8.0015e-05, Jf=8.0013e-05, Jcp =1.6964e-09, |dJ|=2.4143e-07, |dJcp|=8.2375e-11
Iteration 1480: J=8.0589e-05, Jf=8.0005e-05, Jcp =5.8406e-07, |dJ|=2.4305e-07, |dJcp|=1.5285e-09
Iteration 1485: J=8.0015e-05, Jf=8.0013e-05, Jcp =1.6961e-09, |dJ|=2.4141e-07, |dJcp|=8.2368e-11
Iteration 1490: J=8.0015e-05, Jf=8.0013e-05, Jcp =1.6961e-09, |dJ|=2.4021e-07, |dJcp|=8.2368e-11
Iteration 1495: J=7.9970e-05, Jf=7.9969e-05, Jcp =1.6961e-09, |dJ|=6.4586e-08, |dJcp|=8.2368e-11
Iteration 1500: J=7.9962e-05, Jf=7.9960e-05, Jcp =1.6960e-09, |dJ|=3.3112e-10, |dJcp|=8.2366e-11
Iteration 1505: J=7.9962e-05, Jf=7.9960e-05, Jcp =1.6948e-09, |dJ|=8.0505e-10, |dJcp|=8.2337e-11
Iteration 1510: J=7.9962e-05, Jf=7.9960e-05, Jcp =1.5017e-09, |dJ|=1.1866e-08, |dJcp|=7.7503e-11
Iteration 1515: J=7.9960e-05, Jf=7.9960e-05, Jcp =0.0000e+00, |dJ|=4.6561e-09, |dJcp|=0.0000e+00
Iteration 1520: J=7.9960e-05, Jf=7.9960e-05, Jcp =2.7910e-12, |dJ|=2.7773e-10, |dJcp|=3.3413e-12
Iteration 1525: J=7.9960e-05, Jf=7.9960e-05, Jcp =8.7292e-13, |dJ|=8.1266e-09, |dJcp|=1.8686e-12
Iteration 1530: J=7.9954e-05, Jf=7.9954e-05, Jcp =5.3962e-12, |dJ|=1.0587e-07, |dJcp|=4.6460e-12

---> Running optimization for TF_a = 0.775
---> Saving outputs to: /burg-archive/home/tg2998/simsopt/examples/outputs/TG_warmstarter_stage2results_fixed_True/TF_a_0.775

Warning: coils_to_vtk will not save forces and torques for coils that do not have a model for their cross section. Please use the RegularizedCoil class.
     Number of Toroidal Dipoles: 8
     Number of Poroidal Dipoles: 10
Iteration 1535: J=7.9173e-05, Jf=7.9172e-05, Jcp =3.1234e-10, |dJ|=1.1783e-06, |dJcp|=3.5346e-11
Iteration 1540: J=1.5805e-02, Jf=7.1076e-05, Jcp =1.5733e-02, |dJ|=3.2562e-06, |dJcp|=2.5087e-07
Initialized 10x8 (npol x ntor) windowpane coils with Rpol=0.058, Rtor_min=0.050, Rtor_max=0.102
Iteration 1545: J=7.3649e-05, Jf=7.3646e-05, Jcp =3.0418e-09, |dJ|=2.9117e-06, |dJcp|=1.1030e-10
Iteration 1550: J=7.7153e-02, Jf=6.7237e-05, Jcp =7.7086e-02, |dJ|=3.0030e-06, |dJcp|=5.5529e-07
Iteration 1555: J=7.3646e-05, Jf=7.3643e-05, Jcp =3.0574e-09, |dJ|=2.9117e-06, |dJcp|=1.1059e-10

===== Starting optimization =====
Iteration 1560: J=2.3400e-04, Jf=7.2629e-05, Jcp =1.6137e-04, |dJ|=2.9170e-06, |dJcp|=2.5407e-08
Iteration 1565: J=7.3114e-05, Jf=7.3105e-05, Jcp =8.8638e-09, |dJ|=2.9144e-06, |dJcp|=1.8830e-10
Current3197:x0 1
Current3198:x0 1
Current3199:x0 1
Current3200:x0 1
Current3201:x0 1
Current3202:x0 1
Current3203:x0 1
Current3204:x0 1
Current3205:x0 1
Current3206:x0 1
Current3207:x0 1
Current3208:x0 1
Current3209:x0 1
Current3210:x0 1
Current3211:x0 1
Current3212:x0 1
Current3213:x0 1
Current3214:x0 1
Current3215:x0 1
Current3216:x0 1
Current3217:x0 1
Current3218:x0 1
Current3219:x0 1
Current3220:x0 1
Current3221:x0 1
Current3222:x0 1
Current3223:x0 1
Current3224:x0 1
Current3225:x0 1
Current3226:x0 1
Current3227:x0 1
Current3228:x0 1
Current3229:x0 1
Current3230:x0 1
Current3231:x0 1
Current3232:x0 1
Current3233:x0 1
Current3234:x0 1
Current3235:x0 1
Current3236:x0 1
Current3237:x0 1
Current3238:x0 1
Current3239:x0 1
Current3240:x0 1
Current3241:x0 1
Current3242:x0 1
Current3243:x0 1
Current3244:x0 1
Current3245:x0 1
Current3246:x0 1
Current3247:x0 1
Current3248:x0 1
Current3249:x0 1
Current3250:x0 1
Current3251:x0 1
Current3252:x0 1
Current3253:x0 1
Current3254:x0 1
Current3255:x0 1
Current3256:x0 1
Current3257:x0 1
Current3258:x0 1
Current3259:x0 1
Current3260:x0 1
Current3261:x0 1
Current3262:x0 1
Current3263:x0 1
Current3264:x0 1
Current3265:x0 1
Current3266:x0 1
Current3267:x0 1
Current3268:x0 1
Current3269:x0 1
Current3270:x0 1
Current3271:x0 1
Current3272:x0 1
Current3273:x0 1
Current3274:x0 1
Current3275:x0 1
Current3276:x0 1
Iteration 1570: J=7.3646e-05, Jf=7.3643e-05, Jcp =3.0418e-09, |dJ|=2.9106e-06, |dJcp|=1.1030e-10
Iteration 5: J=7.9096e-04, Jf=7.9096e-04, Jcp =0.0000e+00, |dJ|=8.3391e-09, |dJcp|=0.0000e+00
Iteration 1575: J=7.1228e-05, Jf=7.1225e-05, Jcp =3.0418e-09, |dJ|=1.8603e-06, |dJcp|=1.1030e-10
Iteration 10: J=3.1326e-05, Jf=3.1326e-05, Jcp =0.0000e+00, |dJ|=4.4688e-10, |dJcp|=0.0000e+00
Iteration 1580: J=6.9284e-05, Jf=6.9281e-05, Jcp =3.0416e-09, |dJ|=5.2535e-08, |dJcp|=1.1030e-10
Iteration 15: J=2.2547e-05, Jf=2.2547e-05, Jcp =0.0000e+00, |dJ|=1.1589e-10, |dJcp|=0.0000e+00
Iteration 1585: J=6.9282e-05, Jf=6.9279e-05, Jcp =3.0413e-09, |dJ|=3.3095e-10, |dJcp|=1.1030e-10
Iteration 20: J=2.1996e-05, Jf=2.1996e-05, Jcp =0.0000e+00, |dJ|=2.9058e-11, |dJcp|=0.0000e+00
Iteration 1590: J=6.9282e-05, Jf=6.9279e-05, Jcp =2.9950e-09, |dJ|=5.6173e-09, |dJcp|=1.0945e-10
Iteration 25: J=2.1935e-05, Jf=2.1935e-05, Jcp =0.0000e+00, |dJ|=1.0548e-11, |dJcp|=0.0000e+00
Iteration 1595: J=6.9281e-05, Jf=6.9280e-05, Jcp =4.5788e-10, |dJ|=3.3604e-08, |dJcp|=4.2796e-11
Iteration 30: J=2.1928e-05, Jf=2.1928e-05, Jcp =0.0000e+00, |dJ|=8.6355e-12, |dJcp|=0.0000e+00
Iteration 1600: J=6.9279e-05, Jf=6.9279e-05, Jcp =6.2622e-12, |dJ|=4.6460e-10, |dJcp|=5.0049e-12
Iteration 35: J=2.1928e-05, Jf=2.1928e-05, Jcp =0.0000e+00, |dJ|=2.7531e-12, |dJcp|=0.0000e+00
Iteration 1605: J=6.9279e-05, Jf=6.9279e-05, Jcp =2.4010e-12, |dJ|=1.4317e-10, |dJcp|=3.0990e-12
Iteration 40: J=2.1928e-05, Jf=2.1928e-05, Jcp =0.0000e+00, |dJ|=2.1417e-13, |dJcp|=0.0000e+00
Iteration 1610: J=6.9279e-05, Jf=6.9279e-05, Jcp =3.3803e-12, |dJ|=1.9220e-09, |dJcp|=3.6771e-12
Iteration 45: J=2.1928e-05, Jf=2.1928e-05, Jcp =0.0000e+00, |dJ|=5.2220e-14, |dJcp|=0.0000e+00
Iteration 1615: J=6.9279e-05, Jf=6.9279e-05, Jcp =2.5532e-11, |dJ|=2.1710e-08, |dJcp|=1.0106e-11
Iteration 50: J=2.1928e-05, Jf=2.1928e-05, Jcp =0.0000e+00, |dJ|=9.9934e-15, |dJcp|=0.0000e+00
Iteration 1620: J=6.9238e-05, Jf=6.9236e-05, Jcp =1.6555e-09, |dJ|=2.4110e-07, |dJcp|=8.1377e-11
Iteration 55: J=2.1928e-05, Jf=2.1928e-05, Jcp =0.0000e+00, |dJ|=1.3047e-15, |dJcp|=0.0000e+00
Iteration 1625: J=3.9330e-04, Jf=6.8652e-05, Jcp =3.2465e-04, |dJ|=8.7679e-07, |dJcp|=3.6036e-08
Iteration 60: J=2.1928e-05, Jf=2.1928e-05, Jcp =0.0000e+00, |dJ|=2.6437e-16, |dJcp|=0.0000e+00
Iteration 1630: J=6.8952e-05, Jf=6.8940e-05, Jcp =1.1719e-08, |dJ|=6.5733e-07, |dJcp|=2.1651e-10
Iteration 65: J=2.1928e-05, Jf=2.1928e-05, Jcp =0.0000e+00, |dJ|=6.3573e-17, |dJcp|=0.0000e+00
Iteration 1635: J=6.8904e-05, Jf=6.8891e-05, Jcp =1.3627e-08, |dJ|=6.9118e-07, |dJcp|=2.3347e-10
Iteration 1640: J=6.8709e-05, Jf=6.8707e-05, Jcp =2.3184e-09, |dJ|=2.7897e-07, |dJcp|=9.6299e-11
Iteration 70: J=2.1928e-05, Jf=2.1928e-05, Jcp =0.0000e+00, |dJ|=1.4942e-17, |dJcp|=0.0000e+00
CONVERGENCE: RELATIVE REDUCTION OF F <= FACTR*EPSMCH
Iteration 1645: J=6.8581e-05, Jf=6.8581e-05, Jcp =0.0000e+00, |dJ|=4.9649e-08, |dJcp|=0.0000e+00
Saving results to /burg-archive/home/tg2998/simsopt/examples/outputs/TG_warmstarter_stage2results_fixed_True/TF_a_0.775...
Iteration 1650: J=6.8573e-05, Jf=6.8565e-05, Jcp =7.2792e-09, |dJ|=7.2121e-08, |dJcp|=1.7064e-10
Iteration 1655: J=6.8567e-05, Jf=6.8567e-05, Jcp =0.0000e+00, |dJ|=6.6756e-08, |dJcp|=0.0000e+00
Iteration 1660: J=6.8564e-05, Jf=6.8563e-05, Jcp =5.7578e-10, |dJ|=4.6166e-09, |dJcp|=4.7991e-11
Iteration 1665: J=6.8564e-05, Jf=6.8564e-05, Jcp =1.5740e-10, |dJ|=1.0801e-10, |dJcp|=2.5092e-11
Iteration 1670: J=6.8564e-05, Jf=6.8564e-05, Jcp =1.5379e-10, |dJ|=1.8382e-10, |dJcp|=2.4803e-11
Iteration 1675: J=6.8564e-05, Jf=6.8564e-05, Jcp =1.3101e-10, |dJ|=2.3885e-09, |dJcp|=2.2892e-11
Iteration 1680: J=6.8563e-05, Jf=6.8563e-05, Jcp =4.5782e-12, |dJ|=2.6879e-08, |dJcp|=4.2794e-12
Iteration 1685: J=6.8423e-05, Jf=6.8423e-05, Jcp =0.0000e+00, |dJ|=3.5623e-07, |dJcp|=0.0000e+00
Iteration 1690: J=1.3173e-03, Jf=6.6603e-05, Jcp =1.2507e-03, |dJ|=1.2806e-06, |dJcp|=7.0731e-08
Iteration 1695: J=6.7335e-05, Jf=6.7335e-05, Jcp =0.0000e+00, |dJ|=1.0216e-06, |dJcp|=0.0000e+00
Iteration 1700: J=6.7195e-05, Jf=6.7195e-05, Jcp =0.0000e+00, |dJ|=1.0652e-06, |dJcp|=0.0000e+00
Iteration 1705: J=6.7280e-05, Jf=6.7230e-05, Jcp =5.0697e-08, |dJ|=1.0711e-06, |dJcp|=4.5032e-10
Iteration 1710: J=6.6131e-05, Jf=6.6131e-05, Jcp =0.0000e+00, |dJ|=3.1068e-08, |dJcp|=0.0000e+00
Iteration 1715: J=6.6111e-05, Jf=6.6110e-05, Jcp =1.2156e-09, |dJ|=8.6974e-08, |dJcp|=6.9731e-11
Iteration 1720: J=6.6165e-05, Jf=6.6102e-05, Jcp =6.2527e-08, |dJ|=1.0597e-07, |dJcp|=5.0011e-10
Iteration 1725: J=6.6109e-05, Jf=6.6108e-05, Jcp =1.3848e-09, |dJ|=9.1959e-08, |dJcp|=7.4425e-11
Iteration 1730: J=6.6145e-05, Jf=6.6096e-05, Jcp =4.8878e-08, |dJ|=7.4175e-08, |dJcp|=4.4217e-10
Iteration 1735: J=6.6088e-05, Jf=6.6084e-05, Jcp =4.5977e-09, |dJ|=1.0287e-07, |dJcp|=1.3561e-10
Warning: coils_to_vtk will not save forces and torques for coils that do not have a model for their cross section. Please use the RegularizedCoil class.
Iteration 1740: J=6.6042e-05, Jf=6.6028e-05, Jcp =1.3364e-08, |dJ|=2.4042e-07, |dJcp|=2.3120e-10
Iteration 1745: J=3.3841e-04, Jf=6.5925e-05, Jcp =2.7248e-04, |dJ|=3.7603e-07, |dJcp|=3.3014e-08
Iteration 1750: J=6.6037e-05, Jf=6.6024e-05, Jcp =1.3730e-08, |dJ|=2.4584e-07, |dJcp|=2.3435e-10
Iteration 1755: J=6.6118e-05, Jf=6.6007e-05, Jcp =1.1114e-07, |dJ|=2.6626e-07, |dJcp|=6.6676e-10
Iteration 1760: J=5.5042e-04, Jf=6.5884e-05, Jcp =4.8453e-04, |dJ|=3.7666e-07, |dJcp|=4.4024e-08
Iteration 1765: J=6.6024e-05, Jf=6.6009e-05, Jcp =1.4997e-08, |dJ|=2.6409e-07, |dJcp|=2.4493e-10
Iteration 1770: J=7.3563e-05, Jf=6.5992e-05, Jcp =7.5711e-06, |dJ|=2.7791e-07, |dJcp|=5.5031e-09
Iteration 1775: J=6.6023e-05, Jf=6.6008e-05, Jcp =1.5010e-08, |dJ|=2.6416e-07, |dJcp|=2.4503e-10
Iteration 1780: J=6.5971e-05, Jf=6.5971e-05, Jcp =3.4275e-11, |dJ|=9.0769e-09, |dJcp|=1.1709e-11
Iteration 1785: J=6.5971e-05, Jf=6.5970e-05, Jcp =3.1693e-10, |dJ|=7.7682e-10, |dJcp|=3.5605e-11
Iteration 1790: J=6.5971e-05, Jf=6.5970e-05, Jcp =2.6942e-10, |dJ|=1.2726e-10, |dJcp|=3.2828e-11
Iteration 1795: J=6.5971e-05, Jf=6.5970e-05, Jcp =2.6721e-10, |dJ|=2.8704e-09, |dJcp|=3.2693e-11
Iteration 1800: J=6.5969e-05, Jf=6.5969e-05, Jcp =3.9188e-10, |dJ|=3.3443e-08, |dJcp|=3.9592e-11
Iteration 1805: J=6.5810e-05, Jf=6.5791e-05, Jcp =1.9635e-08, |dJ|=3.7753e-07, |dJcp|=2.8025e-10
Iteration 1810: J=6.2336e-05, Jf=6.2020e-05, Jcp =3.1539e-07, |dJ|=1.5299e-06, |dJcp|=1.1232e-09
Iteration 1815: J=1.3145e-03, Jf=5.8775e-05, Jcp =1.2557e-03, |dJ|=1.4968e-06, |dJcp|=7.0872e-08
Iteration 1820: J=6.1133e-05, Jf=6.0815e-05, Jcp =3.1716e-07, |dJ|=1.5183e-06, |dJcp|=1.1263e-09
Iteration 1825: J=3.8148e-04, Jf=5.8994e-05, Jcp =3.2248e-04, |dJ|=1.3798e-06, |dJcp|=3.5916e-08
Iteration 1830: J=6.0170e-05, Jf=5.9877e-05, Jcp =2.9275e-07, |dJ|=1.4505e-06, |dJcp|=1.0821e-09
Iteration 1835: J=5.9976e-05, Jf=5.9688e-05, Jcp =2.8762e-07, |dJ|=1.4359e-06, |dJcp|=1.0726e-09
Iteration 1840: J=1.5099e-03, Jf=5.8139e-05, Jcp =1.4518e-03, |dJ|=1.2422e-06, |dJcp|=7.6204e-08
Iteration 1845: J=5.9970e-05, Jf=5.9683e-05, Jcp =2.8740e-07, |dJ|=1.4353e-06, |dJcp|=1.0722e-09
Iteration 1850: J=8.2230e-05, Jf=5.9471e-05, Jcp =2.2759e-05, |dJ|=1.4108e-06, |dJcp|=9.5412e-09
Iteration 1855: J=5.9474e-05, Jf=5.7920e-05, Jcp =1.5541e-06, |dJ|=9.7024e-08, |dJcp|=2.4933e-09
Iteration 1860: J=5.7951e-05, Jf=5.7951e-05, Jcp =1.9774e-10, |dJ|=3.9009e-09, |dJcp|=2.8124e-11
Iteration 1865: J=5.7943e-05, Jf=5.7943e-05, Jcp =2.3220e-11, |dJ|=8.0270e-08, |dJcp|=9.6375e-12
Iteration 1870: J=6.3014e-05, Jf=5.7936e-05, Jcp =5.0780e-06, |dJ|=1.0677e-07, |dJcp|=4.5069e-09
Iteration 1875: J=5.7942e-05, Jf=5.7942e-05, Jcp =2.3281e-11, |dJ|=8.3918e-08, |dJcp|=9.6501e-12
Iteration 1880: J=5.7941e-05, Jf=5.7941e-05, Jcp =2.3361e-11, |dJ|=8.7424e-08, |dJcp|=9.6667e-12
Iteration 1885: J=5.7933e-05, Jf=5.7933e-05, Jcp =2.6735e-11, |dJ|=4.4324e-09, |dJcp|=1.0341e-11
Iteration 1890: J=5.7932e-05, Jf=5.7931e-05, Jcp =2.9025e-10, |dJ|=1.1452e-09, |dJcp|=3.4074e-11
Iteration 1895: J=5.7931e-05, Jf=5.7931e-05, Jcp =6.9797e-10, |dJ|=1.7866e-08, |dJcp|=5.2838e-11
Iteration 1900: J=5.7882e-05, Jf=5.7861e-05, Jcp =2.1351e-08, |dJ|=2.0866e-07, |dJcp|=2.9224e-10

---> Running optimization for TF_a = 0.800
---> Saving outputs to: /burg-archive/home/tg2998/simsopt/examples/outputs/TG_warmstarter_stage2results_fixed_True/TF_a_0.800

Warning: coils_to_vtk will not save forces and torques for coils that do not have a model for their cross section. Please use the RegularizedCoil class.
     Number of Toroidal Dipoles: 8
     Number of Poroidal Dipoles: 10
Iteration 1905: J=5.5447e-05, Jf=5.5219e-05, Jcp =2.2773e-07, |dJ|=7.5284e-07, |dJcp|=9.5442e-10
Iteration 1910: J=5.4802e-05, Jf=5.4802e-05, Jcp =1.3696e-11, |dJ|=4.1546e-10, |dJcp|=7.4017e-12
Initialized 10x8 (npol x ntor) windowpane coils with Rpol=0.058, Rtor_min=0.050, Rtor_max=0.102
Iteration 1915: J=5.5866e-05, Jf=5.4795e-05, Jcp =1.0703e-06, |dJ|=2.7924e-08, |dJcp|=2.0691e-09

===== Starting optimization =====
Iteration 1920: J=5.4798e-05, Jf=5.4798e-05, Jcp =9.4906e-11, |dJ|=1.9459e-08, |dJcp|=1.9484e-11
Iteration 1925: J=5.9895e-05, Jf=5.4791e-05, Jcp =5.1039e-06, |dJ|=3.1320e-08, |dJcp|=4.5183e-09
Current3365:x0 1
Current3366:x0 1
Current3367:x0 1
Current3368:x0 1
Current3369:x0 1
Current3370:x0 1
Current3371:x0 1
Current3372:x0 1
Current3373:x0 1
Current3374:x0 1
Current3375:x0 1
Current3376:x0 1
Current3377:x0 1
Current3378:x0 1
Current3379:x0 1
Current3380:x0 1
Current3381:x0 1
Current3382:x0 1
Current3383:x0 1
Current3384:x0 1
Current3385:x0 1
Current3386:x0 1
Current3387:x0 1
Current3388:x0 1
Current3389:x0 1
Current3390:x0 1
Current3391:x0 1
Current3392:x0 1
Current3393:x0 1
Current3394:x0 1
Current3395:x0 1
Current3396:x0 1
Current3397:x0 1
Current3398:x0 1
Current3399:x0 1
Current3400:x0 1
Current3401:x0 1
Current3402:x0 1
Current3403:x0 1
Current3404:x0 1
Current3405:x0 1
Current3406:x0 1
Current3407:x0 1
Current3408:x0 1
Current3409:x0 1
Current3410:x0 1
Current3411:x0 1
Current3412:x0 1
Current3413:x0 1
Current3414:x0 1
Current3415:x0 1
Current3416:x0 1
Current3417:x0 1
Current3418:x0 1
Current3419:x0 1
Current3420:x0 1
Current3421:x0 1
Current3422:x0 1
Current3423:x0 1
Current3424:x0 1
Current3425:x0 1
Current3426:x0 1
Current3427:x0 1
Current3428:x0 1
Current3429:x0 1
Current3430:x0 1
Current3431:x0 1
Current3432:x0 1
Current3433:x0 1
Current3434:x0 1
Current3435:x0 1
Current3436:x0 1
Current3437:x0 1
Current3438:x0 1
Current3439:x0 1
Current3440:x0 1
Current3441:x0 1
Current3442:x0 1
Current3443:x0 1
Current3444:x0 1
Iteration 1930: J=5.4798e-05, Jf=5.4798e-05, Jcp =9.5249e-11, |dJ|=1.9513e-08, |dJcp|=1.9519e-11
Iteration 5: J=7.9093e-04, Jf=7.9093e-04, Jcp =0.0000e+00, |dJ|=8.3389e-09, |dJcp|=0.0000e+00
Iteration 1935: J=5.4814e-05, Jf=5.4797e-05, Jcp =1.7324e-08, |dJ|=2.1052e-08, |dJcp|=2.6324e-10
Iteration 10: J=3.1326e-05, Jf=3.1326e-05, Jcp =0.0000e+00, |dJ|=4.4687e-10, |dJcp|=0.0000e+00
Iteration 1940: J=5.4798e-05, Jf=5.4797e-05, Jcp =1.0061e-10, |dJ|=2.0345e-08, |dJcp|=2.0061e-11
Iteration 15: J=2.2547e-05, Jf=2.2547e-05, Jcp =0.0000e+00, |dJ|=1.1592e-10, |dJcp|=0.0000e+00
Iteration 1945: J=5.4798e-05, Jf=5.4798e-05, Jcp =9.4906e-11, |dJ|=1.9453e-08, |dJcp|=1.9484e-11
Iteration 20: J=2.1996e-05, Jf=2.1996e-05, Jcp =0.0000e+00, |dJ|=2.9042e-11, |dJcp|=0.0000e+00
Iteration 1950: J=5.4798e-05, Jf=5.4798e-05, Jcp =9.4906e-11, |dJ|=1.3035e-08, |dJcp|=1.9484e-11
Iteration 25: J=2.1935e-05, Jf=2.1935e-05, Jcp =0.0000e+00, |dJ|=1.0540e-11, |dJcp|=0.0000e+00
Iteration 1955: J=5.4798e-05, Jf=5.4798e-05, Jcp =9.4903e-11, |dJ|=2.5406e-11, |dJcp|=1.9484e-11
Iteration 30: J=2.1928e-05, Jf=2.1928e-05, Jcp =0.0000e+00, |dJ|=8.6206e-12, |dJcp|=0.0000e+00
Iteration 1960: J=5.4798e-05, Jf=5.4798e-05, Jcp =9.4871e-11, |dJ|=2.1259e-10, |dJcp|=1.9480e-11
Iteration 35: J=2.1928e-05, Jf=2.1928e-05, Jcp =0.0000e+00, |dJ|=2.7440e-12, |dJcp|=0.0000e+00
Iteration 1965: J=5.4798e-05, Jf=5.4798e-05, Jcp =9.0419e-11, |dJ|=2.6870e-09, |dJcp|=1.9018e-11
Iteration 40: J=2.1928e-05, Jf=2.1928e-05, Jcp =0.0000e+00, |dJ|=2.0521e-13, |dJcp|=0.0000e+00
Iteration 1970: J=5.4798e-05, Jf=5.4798e-05, Jcp =4.0355e-15, |dJ|=8.3679e-09, |dJcp|=1.2705e-13
Iteration 45: J=2.1928e-05, Jf=2.1928e-05, Jcp =0.0000e+00, |dJ|=5.1378e-14, |dJcp|=0.0000e+00
Iteration 1975: J=5.4795e-05, Jf=5.4795e-05, Jcp =0.0000e+00, |dJ|=7.0946e-08, |dJcp|=0.0000e+00
Iteration 50: J=2.1928e-05, Jf=2.1928e-05, Jcp =0.0000e+00, |dJ|=1.0213e-14, |dJcp|=0.0000e+00
Iteration 1980: J=5.4809e-05, Jf=5.4793e-05, Jcp =1.6302e-08, |dJ|=9.4341e-08, |dJcp|=2.5536e-10
Iteration 55: J=2.1928e-05, Jf=2.1928e-05, Jcp =0.0000e+00, |dJ|=2.4680e-15, |dJcp|=0.0000e+00
Iteration 1985: J=5.4792e-05, Jf=5.4792e-05, Jcp =2.3243e-10, |dJ|=1.7393e-09, |dJcp|=3.0491e-11
Iteration 60: J=2.1928e-05, Jf=2.1928e-05, Jcp =0.0000e+00, |dJ|=9.4674e-16, |dJcp|=0.0000e+00
Iteration 1990: J=5.4792e-05, Jf=5.4792e-05, Jcp =1.8622e-10, |dJ|=1.7619e-09, |dJcp|=2.7292e-11
Iteration 65: J=2.1928e-05, Jf=2.1928e-05, Jcp =0.0000e+00, |dJ|=1.0837e-16, |dJcp|=0.0000e+00
Iteration 1995: J=5.4786e-05, Jf=5.4786e-05, Jcp =4.9803e-10, |dJ|=7.3980e-08, |dJcp|=4.4633e-11
Iteration 70: J=2.1928e-05, Jf=2.1928e-05, Jcp =0.0000e+00, |dJ|=2.6305e-17, |dJcp|=0.0000e+00
Iteration 2000: J=5.5030e-05, Jf=5.4760e-05, Jcp =2.6973e-07, |dJ|=1.3308e-07, |dJcp|=1.0387e-09
CONVERGENCE: RELATIVE REDUCTION OF F <= FACTR*EPSMCH
Iteration 2005: J=5.4775e-05, Jf=5.4774e-05, Jcp =9.5253e-10, |dJ|=1.6294e-09, |dJcp|=6.1726e-11
Saving results to /burg-archive/home/tg2998/simsopt/examples/outputs/TG_warmstarter_stage2results_fixed_True/TF_a_0.800...
Iteration 2010: J=5.4773e-05, Jf=5.4772e-05, Jcp =1.1174e-09, |dJ|=4.4453e-08, |dJcp|=6.6854e-11
Iteration 2015: J=7.4392e-05, Jf=5.4764e-05, Jcp =1.9628e-05, |dJ|=1.1898e-07, |dJcp|=8.8607e-09
Iteration 2020: J=5.4772e-05, Jf=5.4771e-05, Jcp =1.1594e-09, |dJ|=5.4812e-08, |dJcp|=6.8101e-11
Iteration 2025: J=5.4837e-05, Jf=5.4770e-05, Jcp =6.6982e-08, |dJ|=6.3600e-08, |dJcp|=5.1762e-10
Iteration 2030: J=5.4772e-05, Jf=5.4771e-05, Jcp =1.1705e-09, |dJ|=5.7484e-08, |dJcp|=6.8425e-11
Iteration 2035: J=5.4773e-05, Jf=5.4771e-05, Jcp =1.1569e-09, |dJ|=5.4184e-08, |dJcp|=6.8025e-11
Iteration 2040: J=5.4773e-05, Jf=5.4771e-05, Jcp =1.1569e-09, |dJ|=5.4105e-08, |dJcp|=6.8025e-11
Iteration 2045: J=5.4771e-05, Jf=5.4770e-05, Jcp =1.1569e-09, |dJ|=1.1350e-08, |dJcp|=6.8025e-11
Iteration 2050: J=5.4771e-05, Jf=5.4769e-05, Jcp =1.1568e-09, |dJ|=2.5692e-10, |dJcp|=6.8024e-11
Iteration 2055: J=5.4771e-05, Jf=5.4769e-05, Jcp =1.1566e-09, |dJ|=3.8935e-10, |dJcp|=6.8016e-11
Iteration 2060: J=5.4771e-05, Jf=5.4769e-05, Jcp =1.0898e-09, |dJ|=8.1988e-09, |dJcp|=6.6024e-11
Iteration 2065: J=5.4769e-05, Jf=5.4769e-05, Jcp =0.0000e+00, |dJ|=1.3452e-08, |dJcp|=0.0000e+00
Iteration 2070: J=5.4769e-05, Jf=5.4769e-05, Jcp =0.0000e+00, |dJ|=9.3826e-09, |dJcp|=0.0000e+00
Iteration 2075: J=5.4767e-05, Jf=5.4767e-05, Jcp =0.0000e+00, |dJ|=5.7211e-08, |dJcp|=0.0000e+00
Iteration 2080: J=5.4941e-05, Jf=5.4762e-05, Jcp =1.7946e-07, |dJ|=1.1217e-07, |dJcp|=8.4725e-10
Iteration 2085: J=5.4765e-05, Jf=5.4765e-05, Jcp =1.2644e-10, |dJ|=2.2063e-11, |dJcp|=2.2489e-11
Iteration 2090: J=5.4765e-05, Jf=5.4765e-05, Jcp =1.3127e-10, |dJ|=4.0114e-10, |dJcp|=2.2915e-11
Iteration 2095: J=5.4765e-05, Jf=5.4765e-05, Jcp =1.9205e-10, |dJ|=4.9260e-09, |dJcp|=2.7717e-11
Warning: coils_to_vtk will not save forces and torques for coils that do not have a model for their cross section. Please use the RegularizedCoil class.
Iteration 2100: J=5.4762e-05, Jf=5.4760e-05, Jcp =1.6271e-09, |dJ|=5.4914e-08, |dJcp|=8.0675e-11
Iteration 2105: J=5.4757e-05, Jf=5.4753e-05, Jcp =3.4397e-09, |dJ|=8.9576e-08, |dJcp|=1.1730e-10
Iteration 2110: J=5.4770e-05, Jf=5.4750e-05, Jcp =2.0034e-08, |dJ|=1.0016e-07, |dJcp|=2.8308e-10
Iteration 2115: J=5.4756e-05, Jf=5.4752e-05, Jcp =3.7253e-09, |dJ|=9.3988e-08, |dJcp|=1.2207e-10
Iteration 2120: J=5.4746e-05, Jf=5.4745e-05, Jcp =1.4087e-10, |dJ|=2.6998e-11, |dJcp|=2.3738e-11
Iteration 2125: J=5.4746e-05, Jf=5.4745e-05, Jcp =1.4104e-10, |dJ|=2.0145e-09, |dJcp|=2.3752e-11
Iteration 2130: J=5.4743e-05, Jf=5.4743e-05, Jcp =1.4424e-10, |dJ|=3.1623e-08, |dJcp|=2.4020e-11
Iteration 2135: J=5.4737e-05, Jf=5.4737e-05, Jcp =1.4825e-10, |dJ|=5.9803e-08, |dJcp|=2.4352e-11
Iteration 2140: J=5.4771e-05, Jf=5.4734e-05, Jcp =3.6489e-08, |dJ|=6.4536e-08, |dJcp|=3.8204e-10
Iteration 2145: J=3.7745e-03, Jf=5.4678e-05, Jcp =3.7198e-03, |dJ|=2.0548e-07, |dJcp|=1.2198e-07
Iteration 2150: J=5.4735e-05, Jf=5.4735e-05, Jcp =1.4906e-10, |dJ|=6.3930e-08, |dJcp|=2.4418e-11
Iteration 2155: J=5.5414e-05, Jf=5.4733e-05, Jcp =6.8071e-07, |dJ|=6.5458e-08, |dJcp|=1.6501e-09
Iteration 2160: J=5.4735e-05, Jf=5.4735e-05, Jcp =1.4906e-10, |dJ|=6.3938e-08, |dJcp|=2.4418e-11
Iteration 2165: J=5.4735e-05, Jf=5.4735e-05, Jcp =1.4906e-10, |dJ|=6.3926e-08, |dJcp|=2.4418e-11
Iteration 2170: J=5.4735e-05, Jf=5.4735e-05, Jcp =1.4906e-10, |dJ|=6.3884e-08, |dJcp|=2.4418e-11
Iteration 2175: J=5.4728e-05, Jf=5.4728e-05, Jcp =1.4906e-10, |dJ|=3.0886e-08, |dJcp|=2.4418e-11
Iteration 2180: J=5.4727e-05, Jf=5.4726e-05, Jcp =1.4906e-10, |dJ|=1.1739e-10, |dJcp|=2.4418e-11
Iteration 2185: J=5.4727e-05, Jf=5.4726e-05, Jcp =1.4898e-10, |dJ|=2.5439e-10, |dJcp|=2.4412e-11
Iteration 2190: J=5.4727e-05, Jf=5.4726e-05, Jcp =1.3609e-10, |dJ|=3.8963e-09, |dJcp|=2.3332e-11
Iteration 2195: J=5.4726e-05, Jf=5.4726e-05, Jcp =0.0000e+00, |dJ|=4.3364e-09, |dJcp|=0.0000e+00
Iteration 2200: J=5.4724e-05, Jf=5.4724e-05, Jcp =0.0000e+00, |dJ|=5.5943e-08, |dJcp|=0.0000e+00
Iteration 2205: J=5.4720e-05, Jf=5.4719e-05, Jcp =1.2120e-09, |dJ|=7.0828e-11, |dJcp|=6.9628e-11
Iteration 2210: J=5.4717e-05, Jf=5.4715e-05, Jcp =1.1799e-09, |dJ|=5.0460e-09, |dJcp|=6.8700e-11
Iteration 2215: J=5.4705e-05, Jf=5.4704e-05, Jcp =1.1415e-09, |dJ|=2.2338e-08, |dJcp|=6.7572e-11
Iteration 2220: J=5.4731e-05, Jf=5.4696e-05, Jcp =3.5097e-08, |dJ|=3.4487e-08, |dJcp|=3.7469e-10
Iteration 2225: J=5.4702e-05, Jf=5.4700e-05, Jcp =1.7028e-09, |dJ|=2.0085e-08, |dJcp|=8.2531e-11
Iteration 2230: J=5.4700e-05, Jf=5.4700e-05, Jcp =2.5937e-10, |dJ|=3.3213e-11, |dJcp|=3.2210e-11
Iteration 2235: J=5.4700e-05, Jf=5.4700e-05, Jcp =2.4727e-10, |dJ|=4.5489e-09, |dJcp|=3.1449e-11
Iteration 2240: J=5.4703e-05, Jf=5.4699e-05, Jcp =4.0028e-09, |dJ|=4.7218e-08, |dJcp|=1.2654e-10
Iteration 2245: J=6.1218e-05, Jf=5.4698e-05, Jcp =6.5201e-06, |dJ|=5.1676e-08, |dJcp|=5.1069e-09
Iteration 2250: J=5.4699e-05, Jf=5.4699e-05, Jcp =1.6041e-10, |dJ|=4.1574e-08, |dJcp|=2.5331e-11
Iteration 2255: J=5.4699e-05, Jf=5.4699e-05, Jcp =1.5854e-10, |dJ|=4.2513e-08, |dJcp|=2.5182e-11

---> Running optimization for TF_a = 0.825
---> Saving outputs to: /burg-archive/home/tg2998/simsopt/examples/outputs/TG_warmstarter_stage2results_fixed_True/TF_a_0.825

Warning: coils_to_vtk will not save forces and torques for coils that do not have a model for their cross section. Please use the RegularizedCoil class.
     Number of Toroidal Dipoles: 8
     Number of Poroidal Dipoles: 10
Iteration 2260: J=5.4711e-05, Jf=5.4699e-05, Jcp =1.2270e-08, |dJ|=4.2713e-08, |dJcp|=2.2154e-10
Iteration 2265: J=5.4699e-05, Jf=5.4699e-05, Jcp =1.5853e-10, |dJ|=4.2516e-08, |dJcp|=2.5182e-11
Initialized 10x8 (npol x ntor) windowpane coils with Rpol=0.058, Rtor_min=0.050, Rtor_max=0.102
Iteration 2270: J=3.2590e-04, Jf=5.4694e-05, Jcp =2.7121e-04, |dJ|=6.2223e-08, |dJcp|=3.2937e-08

===== Starting optimization =====
Iteration 2275: J=5.4699e-05, Jf=5.4699e-05, Jcp =1.5853e-10, |dJ|=4.2517e-08, |dJcp|=2.5182e-11
Iteration 2280: J=5.4706e-05, Jf=5.4699e-05, Jcp =7.1226e-09, |dJ|=4.2572e-08, |dJcp|=1.6879e-10
Current3533:x0 1
Current3534:x0 1
Current3535:x0 1
Current3536:x0 1
Current3537:x0 1
Current3538:x0 1
Current3539:x0 1
Current3540:x0 1
Current3541:x0 1
Current3542:x0 1
Current3543:x0 1
Current3544:x0 1
Current3545:x0 1
Current3546:x0 1
Current3547:x0 1
Current3548:x0 1
Current3549:x0 1
Current3550:x0 1
Current3551:x0 1
Current3552:x0 1
Current3553:x0 1
Current3554:x0 1
Current3555:x0 1
Current3556:x0 1
Current3557:x0 1
Current3558:x0 1
Current3559:x0 1
Current3560:x0 1
Current3561:x0 1
Current3562:x0 1
Current3563:x0 1
Current3564:x0 1
Current3565:x0 1
Current3566:x0 1
Current3567:x0 1
Current3568:x0 1
Current3569:x0 1
Current3570:x0 1
Current3571:x0 1
Current3572:x0 1
Current3573:x0 1
Current3574:x0 1
Current3575:x0 1
Current3576:x0 1
Current3577:x0 1
Current3578:x0 1
Current3579:x0 1
Current3580:x0 1
Current3581:x0 1
Current3582:x0 1
Current3583:x0 1
Current3584:x0 1
Current3585:x0 1
Current3586:x0 1
Current3587:x0 1
Current3588:x0 1
Current3589:x0 1
Current3590:x0 1
Current3591:x0 1
Current3592:x0 1
Current3593:x0 1
Current3594:x0 1
Current3595:x0 1
Current3596:x0 1
Current3597:x0 1
Current3598:x0 1
Current3599:x0 1
Current3600:x0 1
Current3601:x0 1
Current3602:x0 1
Current3603:x0 1
Current3604:x0 1
Current3605:x0 1
Current3606:x0 1
Current3607:x0 1
Current3608:x0 1
Current3609:x0 1
Current3610:x0 1
Current3611:x0 1
Current3612:x0 1
Iteration 2285: J=5.4699e-05, Jf=5.4699e-05, Jcp =1.5853e-10, |dJ|=4.2518e-08, |dJcp|=2.5182e-11
Iteration 2290: J=5.4699e-05, Jf=5.4699e-05, Jcp =1.5853e-10, |dJ|=4.2516e-08, |dJcp|=2.5182e-11
Iteration 5: J=7.9091e-04, Jf=7.9091e-04, Jcp =0.0000e+00, |dJ|=8.3388e-09, |dJcp|=0.0000e+00
Iteration 2295: J=5.4699e-05, Jf=5.4699e-05, Jcp =1.5853e-10, |dJ|=4.2462e-08, |dJcp|=2.5182e-11
Iteration 10: J=3.1326e-05, Jf=3.1326e-05, Jcp =0.0000e+00, |dJ|=4.4687e-10, |dJcp|=0.0000e+00
Iteration 2300: J=5.4698e-05, Jf=5.4698e-05, Jcp =1.5853e-10, |dJ|=1.9991e-09, |dJcp|=2.5182e-11
Iteration 15: J=2.2547e-05, Jf=2.2547e-05, Jcp =0.0000e+00, |dJ|=1.1595e-10, |dJcp|=0.0000e+00
Iteration 2305: J=5.4698e-05, Jf=5.4698e-05, Jcp =1.5853e-10, |dJ|=2.6973e-11, |dJcp|=2.5181e-11
Iteration 20: J=2.1996e-05, Jf=2.1996e-05, Jcp =0.0000e+00, |dJ|=2.9030e-11, |dJcp|=0.0000e+00
Iteration 2310: J=5.4698e-05, Jf=5.4698e-05, Jcp =1.5823e-10, |dJ|=5.6925e-10, |dJcp|=2.5158e-11
Iteration 25: J=2.1935e-05, Jf=2.1935e-05, Jcp =0.0000e+00, |dJ|=1.0535e-11, |dJcp|=0.0000e+00
Iteration 2315: J=5.4698e-05, Jf=5.4698e-05, Jcp =1.2019e-10, |dJ|=6.9938e-09, |dJcp|=2.1926e-11
Iteration 30: J=2.1928e-05, Jf=2.1928e-05, Jcp =0.0000e+00, |dJ|=8.6114e-12, |dJcp|=0.0000e+00
Iteration 2320: J=5.4697e-05, Jf=5.4697e-05, Jcp =6.3750e-12, |dJ|=6.3400e-09, |dJcp|=5.0498e-12
Iteration 35: J=2.1928e-05, Jf=2.1928e-05, Jcp =0.0000e+00, |dJ|=2.7397e-12, |dJcp|=0.0000e+00
Iteration 2325: J=5.4697e-05, Jf=5.4697e-05, Jcp =2.1159e-10, |dJ|=2.9440e-11, |dJcp|=2.9092e-11
Iteration 40: J=2.1928e-05, Jf=2.1928e-05, Jcp =0.0000e+00, |dJ|=2.0008e-13, |dJcp|=0.0000e+00
Iteration 2330: J=5.4697e-05, Jf=5.4697e-05, Jcp =1.5506e-10, |dJ|=9.7291e-10, |dJcp|=2.4905e-11
Iteration 45: J=2.1928e-05, Jf=2.1928e-05, Jcp =0.0000e+00, |dJ|=5.0784e-14, |dJcp|=0.0000e+00
Iteration 2335: J=5.4696e-05, Jf=5.4696e-05, Jcp =6.8325e-12, |dJ|=4.2860e-08, |dJcp|=5.2278e-12
Iteration 50: J=2.1928e-05, Jf=2.1928e-05, Jcp =0.0000e+00, |dJ|=1.0244e-14, |dJcp|=0.0000e+00
Iteration 2340: J=5.4660e-05, Jf=5.4660e-05, Jcp =0.0000e+00, |dJ|=2.2682e-07, |dJcp|=0.0000e+00
Iteration 55: J=2.1928e-05, Jf=2.1928e-05, Jcp =0.0000e+00, |dJ|=2.4580e-15, |dJcp|=0.0000e+00
Iteration 2345: J=2.0437e-04, Jf=5.4499e-05, Jcp =1.4988e-04, |dJ|=5.3983e-07, |dJcp|=2.4485e-08
Iteration 60: J=2.1928e-05, Jf=2.1928e-05, Jcp =0.0000e+00, |dJ|=9.6409e-16, |dJcp|=0.0000e+00
Iteration 2350: J=5.4649e-05, Jf=5.4649e-05, Jcp =0.0000e+00, |dJ|=2.5321e-07, |dJcp|=0.0000e+00
Iteration 65: J=2.1928e-05, Jf=2.1928e-05, Jcp =0.0000e+00, |dJ|=1.0872e-16, |dJcp|=0.0000e+00
Iteration 2355: J=5.6040e-05, Jf=5.4623e-05, Jcp =1.4164e-06, |dJ|=2.8946e-07, |dJcp|=2.3802e-09
Iteration 70: J=2.1928e-05, Jf=2.1928e-05, Jcp =0.0000e+00, |dJ|=2.6630e-17, |dJcp|=0.0000e+00
Iteration 2360: J=5.4645e-05, Jf=5.4645e-05, Jcp =0.0000e+00, |dJ|=2.5858e-07, |dJcp|=0.0000e+00
CONVERGENCE: RELATIVE REDUCTION OF F <= FACTR*EPSMCH
Iteration 2365: J=5.4649e-05, Jf=5.4649e-05, Jcp =0.0000e+00, |dJ|=2.5254e-07, |dJcp|=0.0000e+00
Saving results to /burg-archive/home/tg2998/simsopt/examples/outputs/TG_warmstarter_stage2results_fixed_True/TF_a_0.825...
Iteration 2370: J=5.4649e-05, Jf=5.4649e-05, Jcp =0.0000e+00, |dJ|=2.5215e-07, |dJcp|=0.0000e+00
Iteration 2375: J=5.4618e-05, Jf=5.4618e-05, Jcp =0.0000e+00, |dJ|=5.3559e-08, |dJcp|=0.0000e+00
Iteration 2380: J=5.4610e-05, Jf=5.4610e-05, Jcp =0.0000e+00, |dJ|=2.1282e-09, |dJcp|=0.0000e+00
Iteration 2385: J=5.4610e-05, Jf=5.4610e-05, Jcp =0.0000e+00, |dJ|=9.0033e-11, |dJcp|=0.0000e+00
Iteration 2390: J=5.4610e-05, Jf=5.4610e-05, Jcp =0.0000e+00, |dJ|=1.7920e-09, |dJcp|=0.0000e+00
Iteration 2395: J=5.4610e-05, Jf=5.4610e-05, Jcp =0.0000e+00, |dJ|=2.0665e-08, |dJcp|=0.0000e+00
Iteration 2400: J=5.4606e-05, Jf=5.4606e-05, Jcp =0.0000e+00, |dJ|=9.7639e-08, |dJcp|=0.0000e+00
Iteration 2405: J=5.4603e-05, Jf=5.4603e-05, Jcp =3.8690e-10, |dJ|=7.5656e-08, |dJcp|=3.9339e-11
Iteration 2410: J=5.4601e-05, Jf=5.4601e-05, Jcp =5.1712e-10, |dJ|=3.0212e-10, |dJcp|=4.5481e-11
Iteration 2415: J=5.4601e-05, Jf=5.4601e-05, Jcp =5.8714e-10, |dJ|=6.1440e-09, |dJcp|=4.8462e-11
Iteration 2420: J=5.4597e-05, Jf=5.4596e-05, Jcp =5.0323e-10, |dJ|=3.3835e-08, |dJcp|=4.4866e-11
Iteration 2425: J=5.4593e-05, Jf=5.4593e-05, Jcp =4.3433e-10, |dJ|=5.4216e-11, |dJcp|=4.1681e-11
Iteration 2430: J=5.4593e-05, Jf=5.4593e-05, Jcp =3.4025e-10, |dJ|=2.2769e-10, |dJcp|=3.6892e-11
Iteration 2435: J=5.4593e-05, Jf=5.4593e-05, Jcp =4.7703e-11, |dJ|=3.3905e-09, |dJcp|=1.3813e-11
Iteration 2440: J=5.4480e-05, Jf=5.4480e-05, Jcp =0.0000e+00, |dJ|=1.8124e-07, |dJcp|=0.0000e+00
Iteration 2445: J=2.2436e-04, Jf=5.3964e-05, Jcp =1.7040e-04, |dJ|=4.2786e-07, |dJcp|=2.6107e-08
Iteration 2450: J=5.4354e-05, Jf=5.4354e-05, Jcp =0.0000e+00, |dJ|=2.4858e-07, |dJcp|=0.0000e+00
Iteration 2455: J=5.4302e-05, Jf=5.4281e-05, Jcp =2.1343e-08, |dJ|=2.7717e-07, |dJcp|=2.9218e-10
Iteration 2460: J=1.3503e-03, Jf=5.3397e-05, Jcp =1.2969e-03, |dJ|=5.5770e-07, |dJcp|=7.2025e-08
Iteration 2465: J=5.4287e-05, Jf=5.4287e-05, Jcp =0.0000e+00, |dJ|=2.7442e-07, |dJcp|=0.0000e+00
Iteration 2470: J=7.2539e-05, Jf=5.4147e-05, Jcp =1.8392e-05, |dJ|=3.1027e-07, |dJcp|=8.5772e-09
Iteration 2475: J=5.4285e-05, Jf=5.4284e-05, Jcp =2.7496e-10, |dJ|=2.7511e-07, |dJcp|=3.3164e-11
Iteration 2480: J=5.4141e-05, Jf=5.4141e-05, Jcp =0.0000e+00, |dJ|=6.6694e-09, |dJcp|=0.0000e+00
Iteration 2485: J=5.4170e-05, Jf=5.4131e-05, Jcp =3.8649e-08, |dJ|=2.4369e-08, |dJcp|=3.9319e-10
Iteration 2490: J=5.4138e-05, Jf=5.4138e-05, Jcp =4.4759e-10, |dJ|=9.3373e-11, |dJcp|=4.2313e-11
Warning: coils_to_vtk will not save forces and torques for coils that do not have a model for their cross section. Please use the RegularizedCoil class.
Iteration 2495: J=5.4133e-05, Jf=5.4129e-05, Jcp =4.3702e-09, |dJ|=3.3257e-08, |dJcp|=1.3221e-10
Iteration 2500: J=5.4115e-05, Jf=5.4101e-05, Jcp =1.3846e-08, |dJ|=7.1291e-08, |dJcp|=2.3534e-10
Iteration 2505: J=7.9476e-05, Jf=5.4052e-05, Jcp =2.5424e-05, |dJ|=1.0683e-07, |dJcp|=1.0084e-08
Iteration 2510: J=5.4113e-05, Jf=5.4099e-05, Jcp =1.4340e-08, |dJ|=7.2821e-08, |dJcp|=2.3950e-10
Iteration 2515: J=5.4119e-05, Jf=5.4091e-05, Jcp =2.8036e-08, |dJ|=7.8154e-08, |dJcp|=3.3488e-10
Iteration 2520: J=1.6641e-03, Jf=5.3846e-05, Jcp =1.6102e-03, |dJ|=2.3620e-07, |dJcp|=8.0255e-08
Iteration 2525: J=5.4108e-05, Jf=5.4092e-05, Jcp =1.5863e-08, |dJ|=7.7380e-08, |dJcp|=2.5190e-10
Iteration 2530: J=7.0495e-05, Jf=5.4057e-05, Jcp =1.6439e-05, |dJ|=9.5669e-08, |dJcp|=8.1089e-09
Iteration 2535: J=5.4106e-05, Jf=5.4090e-05, Jcp =1.5951e-08, |dJ|=7.3254e-08, |dJcp|=2.5260e-10
Iteration 2540: J=5.4085e-05, Jf=5.4085e-05, Jcp =5.9209e-10, |dJ|=1.3455e-09, |dJcp|=4.8666e-11
Iteration 2545: J=5.4081e-05, Jf=5.4080e-05, Jcp =1.0087e-09, |dJ|=4.2833e-08, |dJcp|=6.3521e-11
Iteration 2550: J=5.4254e-05, Jf=5.4076e-05, Jcp =1.7870e-07, |dJ|=5.6014e-08, |dJcp|=8.4545e-10
Iteration 2555: J=5.4079e-05, Jf=5.4077e-05, Jcp =1.2003e-09, |dJ|=5.0128e-08, |dJcp|=6.9290e-11
Iteration 2560: J=5.4078e-05, Jf=5.4077e-05, Jcp =1.2331e-09, |dJ|=5.1231e-08, |dJcp|=7.0230e-11
Iteration 2565: J=5.4072e-05, Jf=5.4072e-05, Jcp =5.9635e-10, |dJ|=1.0592e-10, |dJcp|=4.8841e-11
Iteration 2570: J=5.4072e-05, Jf=5.4072e-05, Jcp =5.9474e-10, |dJ|=2.4057e-10, |dJcp|=4.8774e-11
Iteration 2575: J=5.4072e-05, Jf=5.4072e-05, Jcp =5.4515e-10, |dJ|=4.3927e-09, |dJcp|=4.6697e-11
Iteration 2580: J=5.4057e-05, Jf=5.4057e-05, Jcp =0.0000e+00, |dJ|=8.2248e-08, |dJcp|=0.0000e+00
Iteration 2585: J=2.4498e-04, Jf=5.3355e-05, Jcp =1.9162e-04, |dJ|=5.5856e-07, |dJcp|=2.7686e-08
Iteration 2590: J=5.3889e-05, Jf=5.3889e-05, Jcp =0.0000e+00, |dJ|=2.7442e-07, |dJcp|=0.0000e+00
Iteration 2595: J=5.4187e-05, Jf=5.3779e-05, Jcp =4.0834e-07, |dJ|=3.1595e-07, |dJcp|=1.2780e-09
Iteration 2600: J=5.3809e-05, Jf=5.3809e-05, Jcp =0.0000e+00, |dJ|=3.0418e-07, |dJcp|=0.0000e+00
Iteration 2605: J=5.3647e-05, Jf=5.3647e-05, Jcp =0.0000e+00, |dJ|=1.4367e-09, |dJcp|=0.0000e+00
Iteration 2610: J=5.3640e-05, Jf=5.3639e-05, Jcp =1.1748e-09, |dJ|=2.2827e-08, |dJcp|=6.8551e-11
Iteration 2615: J=5.3631e-05, Jf=5.3630e-05, Jcp =1.2839e-09, |dJ|=4.7723e-08, |dJcp|=7.1664e-11
Iteration 2620: J=5.3832e-05, Jf=5.3623e-05, Jcp =2.0922e-07, |dJ|=6.6210e-08, |dJcp|=9.1481e-10
Iteration 2625: J=5.3630e-05, Jf=5.3629e-05, Jcp =1.2883e-09, |dJ|=5.0534e-08, |dJcp|=7.1785e-11
Iteration 2630: J=5.3630e-05, Jf=5.3628e-05, Jcp =2.2566e-09, |dJ|=5.2940e-08, |dJcp|=9.5008e-11
Iteration 2635: J=5.3624e-05, Jf=5.3623e-05, Jcp =1.1514e-09, |dJ|=2.5374e-10, |dJcp|=6.7864e-11
Iteration 2640: J=5.3784e-05, Jf=5.3601e-05, Jcp =1.8306e-07, |dJ|=3.5893e-08, |dJcp|=8.5572e-10
Iteration 2645: J=5.3617e-05, Jf=5.3608e-05, Jcp =8.3207e-09, |dJ|=2.7239e-08, |dJcp|=1.8244e-10
Iteration 2650: J=5.4365e-05, Jf=5.3596e-05, Jcp =7.6878e-07, |dJ|=3.7066e-08, |dJcp|=1.7536e-09

---> Running optimization for TF_a = 0.850
---> Saving outputs to: /burg-archive/home/tg2998/simsopt/examples/outputs/TG_warmstarter_stage2results_fixed_True/TF_a_0.850

Warning: coils_to_vtk will not save forces and torques for coils that do not have a model for their cross section. Please use the RegularizedCoil class.
     Number of Toroidal Dipoles: 8
     Number of Poroidal Dipoles: 10
Iteration 2655: J=5.3616e-05, Jf=5.3607e-05, Jcp =8.6865e-09, |dJ|=2.8183e-08, |dJcp|=1.8640e-10
Iteration 2660: J=5.3615e-05, Jf=5.3605e-05, Jcp =1.0164e-08, |dJ|=2.9591e-08, |dJcp|=2.0164e-10
Iteration 2665: J=5.3615e-05, Jf=5.3606e-05, Jcp =9.1206e-09, |dJ|=2.9279e-08, |dJcp|=1.9100e-10
Initialized 10x8 (npol x ntor) windowpane coils with Rpol=0.058, Rtor_min=0.050, Rtor_max=0.102
Iteration 2670: J=5.3609e-05, Jf=5.3607e-05, Jcp =2.4005e-09, |dJ|=2.5866e-08, |dJcp|=9.7990e-11

===== Starting optimization =====
Iteration 2675: J=5.3609e-05, Jf=5.3607e-05, Jcp =1.1444e-09, |dJ|=2.0706e-10, |dJcp|=6.7659e-11
Current3701:x0 1
Current3702:x0 1
Current3703:x0 1
Current3704:x0 1
Current3705:x0 1
Current3706:x0 1
Current3707:x0 1
Current3708:x0 1
Current3709:x0 1
Current3710:x0 1
Current3711:x0 1
Current3712:x0 1
Current3713:x0 1
Current3714:x0 1
Current3715:x0 1
Current3716:x0 1
Current3717:x0 1
Current3718:x0 1
Current3719:x0 1
Current3720:x0 1
Current3721:x0 1
Current3722:x0 1
Current3723:x0 1
Current3724:x0 1
Current3725:x0 1
Current3726:x0 1
Current3727:x0 1
Current3728:x0 1
Current3729:x0 1
Current3730:x0 1
Current3731:x0 1
Current3732:x0 1
Current3733:x0 1
Current3734:x0 1
Current3735:x0 1
Current3736:x0 1
Current3737:x0 1
Current3738:x0 1
Current3739:x0 1
Current3740:x0 1
Current3741:x0 1
Current3742:x0 1
Current3743:x0 1
Current3744:x0 1
Current3745:x0 1
Current3746:x0 1
Current3747:x0 1
Current3748:x0 1
Current3749:x0 1
Current3750:x0 1
Current3751:x0 1
Current3752:x0 1
Current3753:x0 1
Current3754:x0 1
Current3755:x0 1
Current3756:x0 1
Current3757:x0 1
Current3758:x0 1
Current3759:x0 1
Current3760:x0 1
Current3761:x0 1
Current3762:x0 1
Current3763:x0 1
Current3764:x0 1
Current3765:x0 1
Current3766:x0 1
Current3767:x0 1
Current3768:x0 1
Current3769:x0 1
Current3770:x0 1
Current3771:x0 1
Current3772:x0 1
Current3773:x0 1
Current3774:x0 1
Current3775:x0 1
Current3776:x0 1
Current3777:x0 1
Current3778:x0 1
Current3779:x0 1
Current3780:x0 1
Iteration 2680: J=5.3556e-05, Jf=5.3543e-05, Jcp =1.3001e-08, |dJ|=2.4052e-07, |dJcp|=2.2804e-10
Iteration 5: J=7.9090e-04, Jf=7.9090e-04, Jcp =0.0000e+00, |dJ|=8.3388e-09, |dJcp|=0.0000e+00
Iteration 2685: J=5.3370e-05, Jf=5.3328e-05, Jcp =4.1795e-08, |dJ|=5.0654e-07, |dJcp|=4.0888e-10
Iteration 10: J=3.1326e-05, Jf=3.1326e-05, Jcp =0.0000e+00, |dJ|=4.4687e-10, |dJcp|=0.0000e+00
Iteration 2690: J=5.8424e-04, Jf=5.2946e-05, Jcp =5.3129e-04, |dJ|=7.3132e-07, |dJcp|=4.6100e-08
Iteration 15: J=2.2547e-05, Jf=2.2547e-05, Jcp =0.0000e+00, |dJ|=1.1597e-10, |dJcp|=0.0000e+00
Iteration 2695: J=5.3349e-05, Jf=5.3306e-05, Jcp =4.3403e-08, |dJ|=5.1820e-07, |dJcp|=4.1667e-10
Iteration 20: J=2.1996e-05, Jf=2.1996e-05, Jcp =0.0000e+00, |dJ|=2.9021e-11, |dJcp|=0.0000e+00
Iteration 2700: J=5.3435e-05, Jf=5.3244e-05, Jcp =1.9138e-07, |dJ|=5.5185e-07, |dJcp|=8.7495e-10
Iteration 25: J=2.1935e-05, Jf=2.1935e-05, Jcp =0.0000e+00, |dJ|=1.0530e-11, |dJcp|=0.0000e+00
Iteration 2705: J=8.9334e-03, Jf=5.2053e-05, Jcp =8.8813e-03, |dJ|=1.0910e-06, |dJcp|=1.8848e-07
Iteration 30: J=2.1928e-05, Jf=2.1928e-05, Jcp =0.0000e+00, |dJ|=8.6056e-12, |dJcp|=0.0000e+00
Iteration 2710: J=5.3297e-05, Jf=5.3249e-05, Jcp =4.7756e-08, |dJ|=5.4867e-07, |dJcp|=4.3706e-10
Iteration 35: J=2.1928e-05, Jf=2.1928e-05, Jcp =0.0000e+00, |dJ|=2.7377e-12, |dJcp|=0.0000e+00
Iteration 2715: J=1.9222e-04, Jf=5.3067e-05, Jcp =1.3915e-04, |dJ|=6.1575e-07, |dJcp|=2.3592e-08
Iteration 40: J=2.1928e-05, Jf=2.1928e-05, Jcp =0.0000e+00, |dJ|=1.9699e-13, |dJcp|=0.0000e+00
Iteration 2720: J=5.3305e-05, Jf=5.3071e-05, Jcp =2.3494e-07, |dJ|=5.6354e-08, |dJcp|=9.6940e-10
Iteration 45: J=2.1928e-05, Jf=2.1928e-05, Jcp =0.0000e+00, |dJ|=5.0383e-14, |dJcp|=0.0000e+00
Iteration 2725: J=5.3081e-05, Jf=5.3077e-05, Jcp =4.3832e-09, |dJ|=4.9858e-09, |dJcp|=1.3241e-10
Iteration 50: J=2.1928e-05, Jf=2.1928e-05, Jcp =0.0000e+00, |dJ|=1.0234e-14, |dJcp|=0.0000e+00
Iteration 2730: J=5.3073e-05, Jf=5.3068e-05, Jcp =4.5038e-09, |dJ|=1.2053e-08, |dJcp|=1.3422e-10
Iteration 55: J=2.1928e-05, Jf=2.1928e-05, Jcp =0.0000e+00, |dJ|=2.4435e-15, |dJcp|=0.0000e+00
Iteration 2735: J=4.9666e-05, Jf=4.9666e-05, Jcp =1.1337e-11, |dJ|=1.1666e-06, |dJcp|=6.7341e-12
Iteration 60: J=2.1928e-05, Jf=2.1928e-05, Jcp =0.0000e+00, |dJ|=9.7190e-16, |dJcp|=0.0000e+00
Iteration 2740: J=3.6899e-04, Jf=4.8672e-05, Jcp =3.2032e-04, |dJ|=1.2761e-07, |dJcp|=3.5795e-08
Iteration 65: J=2.1928e-05, Jf=2.1928e-05, Jcp =0.0000e+00, |dJ|=1.0881e-16, |dJcp|=0.0000e+00
Iteration 2745: J=4.9352e-05, Jf=4.9352e-05, Jcp =8.1067e-12, |dJ|=9.9728e-07, |dJcp|=5.6944e-12
Iteration 70: J=2.1928e-05, Jf=2.1928e-05, Jcp =0.0000e+00, |dJ|=2.6604e-17, |dJcp|=0.0000e+00
Iteration 2750: J=1.5246e-04, Jf=4.8737e-05, Jcp =1.0372e-04, |dJ|=3.4323e-07, |dJcp|=2.0369e-08
CONVERGENCE: RELATIVE REDUCTION OF F <= FACTR*EPSMCH
Iteration 2755: J=4.9252e-05, Jf=4.9252e-05, Jcp =7.5894e-12, |dJ|=9.2594e-07, |dJcp|=5.5098e-12
Iteration 2760: J=4.9331e-05, Jf=4.9138e-05, Jcp =1.9294e-07, |dJ|=8.3368e-07, |dJcp|=8.7849e-10
Saving results to /burg-archive/home/tg2998/simsopt/examples/outputs/TG_warmstarter_stage2results_fixed_True/TF_a_0.850...
Iteration 2765: J=4.9167e-05, Jf=4.9167e-05, Jcp =7.3047e-12, |dJ|=8.5803e-07, |dJcp|=5.4054e-12
Iteration 2770: J=4.9832e-05, Jf=4.9832e-05, Jcp =0.0000e+00, |dJ|=1.3925e-06, |dJcp|=0.0000e+00
Iteration 2775: J=4.8796e-05, Jf=4.8788e-05, Jcp =8.4924e-09, |dJ|=1.3742e-08, |dJcp|=1.8431e-10
Iteration 2780: J=4.8786e-05, Jf=4.8786e-05, Jcp =4.0631e-10, |dJ|=5.2222e-08, |dJcp|=4.0314e-11
Iteration 2785: J=5.3162e-05, Jf=4.8765e-05, Jcp =4.3962e-06, |dJ|=1.6771e-07, |dJcp|=4.1934e-09
Iteration 2790: J=4.8784e-05, Jf=4.8784e-05, Jcp =4.2622e-10, |dJ|=6.9989e-08, |dJcp|=4.1290e-11
Iteration 2795: J=4.8825e-05, Jf=4.8781e-05, Jcp =4.4557e-08, |dJ|=8.2485e-08, |dJcp|=4.2217e-10
Iteration 2800: J=4.8783e-05, Jf=4.8783e-05, Jcp =4.4131e-10, |dJ|=7.2525e-08, |dJcp|=4.2015e-11
Iteration 2805: J=4.8782e-05, Jf=4.8781e-05, Jcp =6.4510e-10, |dJ|=5.3500e-08, |dJcp|=5.0798e-11
Iteration 2810: J=4.8780e-05, Jf=4.8780e-05, Jcp =2.1245e-10, |dJ|=1.2465e-09, |dJcp|=2.9152e-11
Iteration 2815: J=4.8776e-05, Jf=4.8776e-05, Jcp =4.1260e-10, |dJ|=9.6491e-09, |dJcp|=4.0625e-11
Iteration 2820: J=4.8760e-05, Jf=4.8756e-05, Jcp =4.0773e-09, |dJ|=6.1638e-08, |dJcp|=1.2771e-10
Iteration 2825: J=8.4801e-05, Jf=4.8718e-05, Jcp =3.6083e-05, |dJ|=1.0473e-07, |dJcp|=1.2014e-08
Iteration 2830: J=4.8759e-05, Jf=4.8755e-05, Jcp =4.0981e-09, |dJ|=6.1851e-08, |dJcp|=1.2803e-10
Iteration 2835: J=4.8799e-05, Jf=4.8749e-05, Jcp =4.9523e-08, |dJ|=6.8466e-08, |dJcp|=4.4507e-10
Iteration 2840: J=4.8751e-05, Jf=4.8748e-05, Jcp =2.5038e-09, |dJ|=5.0020e-08, |dJcp|=1.0008e-10
Iteration 2845: J=4.8846e-05, Jf=4.8742e-05, Jcp =1.0434e-07, |dJ|=9.7836e-09, |dJcp|=6.4604e-10
Warning: coils_to_vtk will not save forces and torques for coils that do not have a model for their cross section. Please use the RegularizedCoil class.
Iteration 2850: J=4.8748e-05, Jf=4.8746e-05, Jcp =1.7683e-09, |dJ|=4.2000e-08, |dJcp|=8.4103e-11
Iteration 2855: J=4.8744e-05, Jf=4.8744e-05, Jcp =1.5711e-10, |dJ|=1.3841e-09, |dJcp|=2.5069e-11
Iteration 2860: J=4.8746e-05, Jf=4.8743e-05, Jcp =3.3570e-09, |dJ|=4.1239e-09, |dJcp|=1.1588e-10
Iteration 2865: J=4.8744e-05, Jf=4.8744e-05, Jcp =1.5860e-10, |dJ|=1.0866e-09, |dJcp|=2.5188e-11
Iteration 2870: J=4.9033e-05, Jf=4.8739e-05, Jcp =2.9413e-07, |dJ|=4.1179e-08, |dJcp|=1.0847e-09
Iteration 2875: J=4.8742e-05, Jf=4.8742e-05, Jcp =1.1864e-10, |dJ|=1.2527e-08, |dJcp|=2.1785e-11
Iteration 2880: J=5.5899e-05, Jf=4.8728e-05, Jcp =7.1709e-06, |dJ|=8.7300e-08, |dJcp|=5.3557e-09
Iteration 2885: J=4.8742e-05, Jf=4.8742e-05, Jcp =1.2512e-10, |dJ|=1.3709e-08, |dJcp|=2.2371e-11
Iteration 2890: J=4.8849e-05, Jf=4.8740e-05, Jcp =1.0950e-07, |dJ|=2.2986e-08, |dJcp|=6.6182e-10
Iteration 2895: J=4.8742e-05, Jf=4.8742e-05, Jcp =9.5805e-11, |dJ|=1.5895e-09, |dJcp|=1.9576e-11
Iteration 2900: J=4.8741e-05, Jf=4.8741e-05, Jcp =3.1054e-10, |dJ|=7.7209e-09, |dJcp|=3.5244e-11
Iteration 2905: J=4.8735e-05, Jf=4.8733e-05, Jcp =1.9862e-09, |dJ|=4.2513e-08, |dJcp|=8.9133e-11
Iteration 2910: J=4.8634e-05, Jf=4.8574e-05, Jcp =5.9253e-08, |dJ|=2.2076e-07, |dJcp|=4.8684e-10
Iteration 2915: J=9.0775e-05, Jf=4.8490e-05, Jcp =4.2286e-05, |dJ|=2.5775e-07, |dJcp|=1.3006e-08
Iteration 2920: J=6.0336e-02, Jf=4.7967e-05, Jcp =6.0288e-02, |dJ|=6.3824e-07, |dJcp|=4.9107e-07
Iteration 2925: J=4.8585e-05, Jf=4.8508e-05, Jcp =7.6997e-08, |dJ|=2.4925e-07, |dJcp|=5.5497e-10
Iteration 2930: J=4.8604e-05, Jf=4.8506e-05, Jcp =9.8154e-08, |dJ|=2.4965e-07, |dJcp|=6.2659e-10
Iteration 2935: J=4.8584e-05, Jf=4.8507e-05, Jcp =7.7177e-08, |dJ|=2.4951e-07, |dJcp|=5.5561e-10
Iteration 2940: J=4.8475e-05, Jf=4.8475e-05, Jcp =1.4021e-10, |dJ|=2.2391e-09, |dJcp|=2.3682e-11
Iteration 2945: J=4.8556e-05, Jf=4.8474e-05, Jcp =8.1705e-08, |dJ|=8.6783e-09, |dJcp|=5.7168e-10
Iteration 2950: J=4.8475e-05, Jf=4.8475e-05, Jcp =1.2969e-10, |dJ|=1.6161e-09, |dJcp|=2.2777e-11
Iteration 2955: J=4.8475e-05, Jf=4.8475e-05, Jcp =3.4759e-10, |dJ|=1.9918e-10, |dJcp|=3.7287e-11
Iteration 2960: J=4.8475e-05, Jf=4.8475e-05, Jcp =1.1488e-10, |dJ|=4.9964e-10, |dJcp|=2.1436e-11
Iteration 2965: J=4.8489e-05, Jf=4.8471e-05, Jcp =1.8116e-08, |dJ|=1.6101e-08, |dJcp|=2.6919e-10
Iteration 2970: J=4.8473e-05, Jf=4.8473e-05, Jcp =3.3182e-10, |dJ|=1.3588e-08, |dJcp|=3.6432e-11
Iteration 2975: J=4.8472e-05, Jf=4.8472e-05, Jcp =1.0124e-11, |dJ|=1.1266e-08, |dJcp|=6.3637e-12
Iteration 2980: J=4.8472e-05, Jf=4.8471e-05, Jcp =3.1948e-10, |dJ|=1.2684e-08, |dJcp|=3.5748e-11
Iteration 2985: J=4.8466e-05, Jf=4.8464e-05, Jcp =2.2119e-09, |dJ|=7.1251e-08, |dJcp|=9.4061e-11
Iteration 2990: J=4.8477e-05, Jf=4.8459e-05, Jcp =1.7300e-08, |dJ|=8.8604e-08, |dJcp|=2.6306e-10
Iteration 2995: J=4.8464e-05, Jf=4.8461e-05, Jcp =2.8096e-09, |dJ|=8.2991e-08, |dJcp|=1.0601e-10

---> Running optimization for TF_a = 0.875
---> Saving outputs to: /burg-archive/home/tg2998/simsopt/examples/outputs/TG_warmstarter_stage2results_fixed_True/TF_a_0.875

Iteration 3000: J=5.0730e-05, Jf=4.8453e-05, Jcp =2.2779e-06, |dJ|=1.0393e-07, |dJcp|=3.0185e-09
Warning: coils_to_vtk will not save forces and torques for coils that do not have a model for their cross section. Please use the RegularizedCoil class.
     Number of Toroidal Dipoles: 8
     Number of Poroidal Dipoles: 10
Iteration 3005: J=4.8464e-05, Jf=4.8461e-05, Jcp =2.8227e-09, |dJ|=8.3233e-08, |dJcp|=1.0626e-10
Iteration 3010: J=4.8468e-05, Jf=4.8459e-05, Jcp =8.1816e-09, |dJ|=8.6256e-08, |dJcp|=1.8090e-10
Initialized 10x8 (npol x ntor) windowpane coils with Rpol=0.058, Rtor_min=0.050, Rtor_max=0.102
Iteration 3015: J=4.8464e-05, Jf=4.8461e-05, Jcp =2.8065e-09, |dJ|=8.2927e-08, |dJcp|=1.0595e-10

===== Starting optimization =====
Iteration 3020: J=4.8463e-05, Jf=4.8460e-05, Jcp =2.8065e-09, |dJ|=7.6726e-08, |dJcp|=1.0595e-10
Iteration 3025: J=4.8459e-05, Jf=4.8457e-05, Jcp =2.8064e-09, |dJ|=3.4671e-09, |dJcp|=1.0595e-10
Current3869:x0 1
Current3870:x0 1
Current3871:x0 1
Current3872:x0 1
Current3873:x0 1
Current3874:x0 1
Current3875:x0 1
Current3876:x0 1
Current3877:x0 1
Current3878:x0 1
Current3879:x0 1
Current3880:x0 1
Current3881:x0 1
Current3882:x0 1
Current3883:x0 1
Current3884:x0 1
Current3885:x0 1
Current3886:x0 1
Current3887:x0 1
Current3888:x0 1
Current3889:x0 1
Current3890:x0 1
Current3891:x0 1
Current3892:x0 1
Current3893:x0 1
Current3894:x0 1
Current3895:x0 1
Current3896:x0 1
Current3897:x0 1
Current3898:x0 1
Current3899:x0 1
Current3900:x0 1
Current3901:x0 1
Current3902:x0 1
Current3903:x0 1
Current3904:x0 1
Current3905:x0 1
Current3906:x0 1
Current3907:x0 1
Current3908:x0 1
Current3909:x0 1
Current3910:x0 1
Current3911:x0 1
Current3912:x0 1
Current3913:x0 1
Current3914:x0 1
Current3915:x0 1
Current3916:x0 1
Current3917:x0 1
Current3918:x0 1
Current3919:x0 1
Current3920:x0 1
Current3921:x0 1
Current3922:x0 1
Current3923:x0 1
Current3924:x0 1
Current3925:x0 1
Current3926:x0 1
Current3927:x0 1
Current3928:x0 1
Current3929:x0 1
Current3930:x0 1
Current3931:x0 1
Current3932:x0 1
Current3933:x0 1
Current3934:x0 1
Current3935:x0 1
Current3936:x0 1
Current3937:x0 1
Current3938:x0 1
Current3939:x0 1
Current3940:x0 1
Current3941:x0 1
Current3942:x0 1
Current3943:x0 1
Current3944:x0 1
Current3945:x0 1
Current3946:x0 1
Current3947:x0 1
Current3948:x0 1
Iteration 3030: J=4.8459e-05, Jf=4.8457e-05, Jcp =2.8061e-09, |dJ|=4.1742e-10, |dJcp|=1.0595e-10
Iteration 5: J=7.9089e-04, Jf=7.9089e-04, Jcp =0.0000e+00, |dJ|=8.3387e-09, |dJcp|=0.0000e+00
Iteration 3035: J=4.8459e-05, Jf=4.8457e-05, Jcp =2.7550e-09, |dJ|=6.8033e-09, |dJcp|=1.0498e-10
Iteration 10: J=3.1326e-05, Jf=3.1326e-05, Jcp =0.0000e+00, |dJ|=4.4686e-10, |dJcp|=0.0000e+00
Iteration 3040: J=4.8458e-05, Jf=4.8457e-05, Jcp =2.8684e-10, |dJ|=3.6677e-08, |dJcp|=3.3873e-11
Iteration 15: J=2.2547e-05, Jf=2.2547e-05, Jcp =0.0000e+00, |dJ|=1.1599e-10, |dJcp|=0.0000e+00
Iteration 3045: J=4.8457e-05, Jf=4.8457e-05, Jcp =3.9618e-12, |dJ|=3.9628e-10, |dJcp|=3.9809e-12
Iteration 20: J=2.1996e-05, Jf=2.1996e-05, Jcp =0.0000e+00, |dJ|=2.9014e-11, |dJcp|=0.0000e+00
Iteration 3050: J=4.8457e-05, Jf=4.8457e-05, Jcp =3.1231e-11, |dJ|=1.4163e-09, |dJcp|=1.1177e-11
Iteration 25: J=2.1935e-05, Jf=2.1935e-05, Jcp =0.0000e+00, |dJ|=1.0527e-11, |dJcp|=0.0000e+00
Iteration 3055: J=4.8457e-05, Jf=4.8457e-05, Jcp =3.9101e-12, |dJ|=7.5909e-10, |dJcp|=3.9548e-12
Iteration 30: J=2.1928e-05, Jf=2.1928e-05, Jcp =0.0000e+00, |dJ|=8.6018e-12, |dJcp|=0.0000e+00
Iteration 3060: J=4.8458e-05, Jf=4.8458e-05, Jcp =3.9674e-12, |dJ|=5.4149e-08, |dJcp|=3.9837e-12
Iteration 35: J=2.1928e-05, Jf=2.1928e-05, Jcp =0.0000e+00, |dJ|=2.7368e-12, |dJcp|=0.0000e+00
Iteration 3065: J=4.8457e-05, Jf=4.8457e-05, Jcp =3.9420e-12, |dJ|=1.6962e-11, |dJcp|=3.9709e-12
Iteration 40: J=2.1928e-05, Jf=2.1928e-05, Jcp =0.0000e+00, |dJ|=1.9499e-13, |dJcp|=0.0000e+00
Iteration 45: J=2.1928e-05, Jf=2.1928e-05, Jcp =0.0000e+00, |dJ|=5.0108e-14, |dJcp|=0.0000e+00
Iteration 3070: J=4.8457e-05, Jf=4.8457e-05, Jcp =4.1046e-12, |dJ|=1.3122e-09, |dJcp|=4.0520e-12
Iteration 50: J=2.1928e-05, Jf=2.1928e-05, Jcp =0.0000e+00, |dJ|=1.0217e-14, |dJcp|=0.0000e+00
Iteration 3075: J=4.8456e-05, Jf=4.8456e-05, Jcp =8.9022e-11, |dJ|=1.3646e-08, |dJcp|=1.8870e-11
Iteration 55: J=2.1928e-05, Jf=2.1928e-05, Jcp =0.0000e+00, |dJ|=2.4315e-15, |dJcp|=0.0000e+00
Iteration 3080: J=4.8456e-05, Jf=4.8456e-05, Jcp =3.9778e-10, |dJ|=4.3330e-11, |dJcp|=3.9889e-11
Iteration 60: J=2.1928e-05, Jf=2.1928e-05, Jcp =0.0000e+00, |dJ|=9.7611e-16, |dJcp|=0.0000e+00
Iteration 3085: J=4.8456e-05, Jf=4.8456e-05, Jcp =3.0579e-10, |dJ|=1.6653e-09, |dJcp|=3.4974e-11
Iteration 65: J=2.1928e-05, Jf=2.1928e-05, Jcp =0.0000e+00, |dJ|=1.0881e-16, |dJcp|=0.0000e+00
Iteration 3090: J=4.8463e-05, Jf=4.8454e-05, Jcp =9.6028e-09, |dJ|=2.7271e-08, |dJcp|=1.9599e-10
Iteration 70: J=2.1928e-05, Jf=2.1928e-05, Jcp =0.0000e+00, |dJ|=2.6427e-17, |dJcp|=0.0000e+00
Iteration 3095: J=4.8455e-05, Jf=4.8455e-05, Jcp =4.3509e-13, |dJ|=2.1561e-08, |dJcp|=1.3192e-12
CONVERGENCE: RELATIVE REDUCTION OF F <= FACTR*EPSMCH
Iteration 3100: J=4.8454e-05, Jf=4.8454e-05, Jcp =3.1198e-11, |dJ|=5.7937e-09, |dJcp|=1.1171e-11
Saving results to /burg-archive/home/tg2998/simsopt/examples/outputs/TG_warmstarter_stage2results_fixed_True/TF_a_0.875...
Iteration 3105: J=4.8454e-05, Jf=4.8454e-05, Jcp =2.0756e-10, |dJ|=4.3077e-09, |dJcp|=2.8814e-11
Iteration 3110: J=4.8454e-05, Jf=4.8454e-05, Jcp =4.5161e-11, |dJ|=9.7901e-10, |dJcp|=1.3440e-11
Iteration 3115: J=4.8454e-05, Jf=4.8454e-05, Jcp =1.1031e-10, |dJ|=1.5876e-08, |dJcp|=2.1006e-11
Iteration 3120: J=4.8453e-05, Jf=4.8452e-05, Jcp =1.1792e-09, |dJ|=2.5860e-09, |dJcp|=6.8680e-11
Iteration 3125: J=4.8453e-05, Jf=4.8451e-05, Jcp =1.4158e-09, |dJ|=8.6204e-10, |dJcp|=7.5254e-11
Iteration 3130: J=4.8453e-05, Jf=4.8452e-05, Jcp =5.4824e-10, |dJ|=1.0580e-09, |dJcp|=4.6829e-11
Iteration 3135: J=4.8453e-05, Jf=4.8452e-05, Jcp =8.9995e-10, |dJ|=5.9083e-10, |dJcp|=5.9998e-11
Iteration 3140: J=4.8453e-05, Jf=4.8451e-05, Jcp =2.0109e-09, |dJ|=6.4419e-10, |dJcp|=8.9685e-11
Iteration 3145: J=4.8453e-05, Jf=4.8452e-05, Jcp =9.2954e-10, |dJ|=6.0020e-10, |dJcp|=6.0977e-11
Iteration 3150: J=4.8805e-05, Jf=4.8450e-05, Jcp =3.5439e-07, |dJ|=4.3118e-09, |dJcp|=1.1906e-09
Iteration 3155: J=4.8451e-05, Jf=4.8451e-05, Jcp =2.4817e-11, |dJ|=1.5615e-09, |dJcp|=9.9634e-12
Iteration 3160: J=4.8451e-05, Jf=4.8451e-05, Jcp =1.5460e-10, |dJ|=1.9714e-09, |dJcp|=2.4867e-11
Iteration 3165: J=4.8451e-05, Jf=4.8451e-05, Jcp =6.8337e-11, |dJ|=2.2452e-09, |dJcp|=1.6533e-11
Iteration 3170: J=4.8449e-05, Jf=4.8448e-05, Jcp =1.4124e-09, |dJ|=1.4991e-09, |dJcp|=7.5164e-11
Iteration 3175: J=4.8449e-05, Jf=4.8447e-05, Jcp =1.6861e-09, |dJ|=3.2072e-09, |dJcp|=8.2123e-11
Iteration 3180: J=4.7815e-05, Jf=4.7275e-05, Jcp =5.4031e-07, |dJ|=1.8343e-07, |dJcp|=1.4701e-09
Iteration 3185: J=4.2745e-05, Jf=4.2744e-05, Jcp =4.7528e-10, |dJ|=5.7908e-09, |dJcp|=4.3602e-11
Warning: coils_to_vtk will not save forces and torques for coils that do not have a model for their cross section. Please use the RegularizedCoil class.
Iteration 3190: J=4.2743e-05, Jf=4.2743e-05, Jcp =8.7555e-11, |dJ|=4.8602e-09, |dJcp|=1.8714e-11
Iteration 3195: J=1.7636e-04, Jf=4.2662e-05, Jcp =1.3369e-04, |dJ|=6.9880e-08, |dJcp|=2.3125e-08
Iteration 3200: J=4.2713e-05, Jf=4.2712e-05, Jcp =1.0011e-09, |dJ|=4.0894e-08, |dJcp|=6.3281e-11
Iteration 3205: J=4.4249e-05, Jf=4.2704e-05, Jcp =1.5442e-06, |dJ|=4.4149e-08, |dJcp|=2.4853e-09
Iteration 3210: J=4.2713e-05, Jf=4.2712e-05, Jcp =1.0055e-09, |dJ|=4.1007e-08, |dJcp|=6.3418e-11
Iteration 3215: J=4.2713e-05, Jf=4.2712e-05, Jcp =1.0004e-09, |dJ|=4.0876e-08, |dJcp|=6.3258e-11
Iteration 3220: J=4.2713e-05, Jf=4.2712e-05, Jcp =1.0004e-09, |dJ|=4.0852e-08, |dJcp|=6.3258e-11
Iteration 3225: J=4.2710e-05, Jf=4.2709e-05, Jcp =1.0004e-09, |dJ|=1.5119e-08, |dJcp|=6.3258e-11
Iteration 3230: J=4.2710e-05, Jf=4.2709e-05, Jcp =1.0004e-09, |dJ|=1.1111e-10, |dJcp|=6.3258e-11
Iteration 3235: J=4.2710e-05, Jf=4.2709e-05, Jcp =1.0000e-09, |dJ|=6.7219e-10, |dJcp|=6.3247e-11
Iteration 3240: J=4.2710e-05, Jf=4.2709e-05, Jcp =9.5147e-10, |dJ|=8.6723e-09, |dJcp|=6.1692e-11
Iteration 3245: J=4.2709e-05, Jf=4.2709e-05, Jcp =4.2406e-13, |dJ|=1.8106e-08, |dJcp|=1.3024e-12
Iteration 3250: J=4.2709e-05, Jf=4.2709e-05, Jcp =0.0000e+00, |dJ|=6.0079e-09, |dJcp|=0.0000e+00
Iteration 3255: J=4.2766e-05, Jf=4.2704e-05, Jcp =6.2386e-08, |dJ|=1.1568e-07, |dJcp|=4.9954e-10
Iteration 3260: J=4.2707e-05, Jf=4.2707e-05, Jcp =0.0000e+00, |dJ|=7.6658e-08, |dJcp|=0.0000e+00
Iteration 3265: J=4.2707e-05, Jf=4.2705e-05, Jcp =1.8663e-09, |dJ|=6.4402e-08, |dJcp|=8.6401e-11
Iteration 3270: J=4.2704e-05, Jf=4.2704e-05, Jcp =8.4969e-11, |dJ|=1.8356e-11, |dJcp|=1.8436e-11
Iteration 3275: J=4.2704e-05, Jf=4.2704e-05, Jcp =8.4997e-11, |dJ|=6.1181e-10, |dJcp|=1.8439e-11
Iteration 3280: J=4.2704e-05, Jf=4.2704e-05, Jcp =8.5252e-11, |dJ|=7.6055e-09, |dJcp|=1.8466e-11
Iteration 3285: J=4.2691e-05, Jf=4.2691e-05, Jcp =8.0187e-11, |dJ|=8.2871e-08, |dJcp|=1.7909e-11
Iteration 3290: J=2.3610e-04, Jf=4.2458e-05, Jcp =1.9364e-04, |dJ|=1.6945e-07, |dJcp|=2.7831e-08
Iteration 3295: J=4.2578e-05, Jf=4.2578e-05, Jcp =2.9298e-11, |dJ|=1.8797e-07, |dJcp|=1.0826e-11
Iteration 3300: J=1.7599e-04, Jf=4.2442e-05, Jcp =1.3355e-04, |dJ|=1.2875e-07, |dJcp|=2.3113e-08
Iteration 3305: J=4.2566e-05, Jf=4.2566e-05, Jcp =2.5734e-11, |dJ|=1.8640e-07, |dJcp|=1.0146e-11
Iteration 3310: J=4.2762e-05, Jf=4.2540e-05, Jcp =2.2139e-07, |dJ|=1.7728e-07, |dJcp|=9.4104e-10
Iteration 3315: J=4.2548e-05, Jf=4.2548e-05, Jcp =2.1381e-11, |dJ|=1.8025e-07, |dJcp|=9.2480e-12
Iteration 3320: J=4.2546e-05, Jf=4.2546e-05, Jcp =2.0885e-11, |dJ|=1.7948e-07, |dJcp|=9.1400e-12
Iteration 3325: J=4.2501e-05, Jf=4.2496e-05, Jcp =4.3884e-09, |dJ|=7.2324e-08, |dJcp|=1.3249e-10
Iteration 3330: J=4.2489e-05, Jf=4.2489e-05, Jcp =0.0000e+00, |dJ|=9.8132e-09, |dJcp|=0.0000e+00
Iteration 3335: J=4.2930e-05, Jf=4.2485e-05, Jcp =4.4552e-07, |dJ|=4.0902e-08, |dJcp|=1.3349e-09
Iteration 3340: J=4.2488e-05, Jf=4.2488e-05, Jcp =0.0000e+00, |dJ|=1.3719e-08, |dJcp|=0.0000e+00
Iteration 3345: J=4.2493e-05, Jf=4.2488e-05, Jcp =5.7243e-09, |dJ|=1.7240e-08, |dJcp|=1.5132e-10

---> Running optimization for TF_a = 0.900
---> Saving outputs to: /burg-archive/home/tg2998/simsopt/examples/outputs/TG_warmstarter_stage2results_fixed_True/TF_a_0.900

Warning: coils_to_vtk will not save forces and torques for coils that do not have a model for their cross section. Please use the RegularizedCoil class.
     Number of Toroidal Dipoles: 8
     Number of Poroidal Dipoles: 10
Iteration 3350: J=4.2488e-05, Jf=4.2488e-05, Jcp =2.4042e-11, |dJ|=1.0011e-08, |dJcp|=9.8066e-12
Iteration 3355: J=4.2488e-05, Jf=4.2488e-05, Jcp =2.2552e-11, |dJ|=3.5183e-09, |dJcp|=9.4977e-12
Initialized 10x8 (npol x ntor) windowpane coils with Rpol=0.058, Rtor_min=0.050, Rtor_max=0.102
Iteration 3360: J=4.2485e-05, Jf=4.2485e-05, Jcp =2.1465e-11, |dJ|=3.5663e-08, |dJcp|=9.2660e-12

===== Starting optimization =====
Iteration 3365: J=4.2480e-05, Jf=4.2480e-05, Jcp =3.5907e-11, |dJ|=3.3082e-11, |dJcp|=1.1985e-11
Iteration 3370: J=4.2480e-05, Jf=4.2480e-05, Jcp =3.5617e-11, |dJ|=5.8000e-10, |dJcp|=1.1936e-11
Iteration 3375: J=4.2480e-05, Jf=4.2480e-05, Jcp =3.2653e-11, |dJ|=6.6009e-09, |dJcp|=1.1429e-11
Iteration 3380: J=1.0120e-04, Jf=4.2454e-05, Jcp =5.8746e-05, |dJ|=7.3821e-08, |dJcp|=1.5329e-08
Current4037:x0 1
Current4038:x0 1
Current4039:x0 1
Current4040:x0 1
Current4041:x0 1
Current4042:x0 1
Current4043:x0 1
Current4044:x0 1
Current4045:x0 1
Current4046:x0 1
Current4047:x0 1
Current4048:x0 1
Current4049:x0 1
Current4050:x0 1
Current4051:x0 1
Current4052:x0 1
Current4053:x0 1
Current4054:x0 1
Current4055:x0 1
Current4056:x0 1
Current4057:x0 1
Current4058:x0 1
Current4059:x0 1
Current4060:x0 1
Current4061:x0 1
Current4062:x0 1
Current4063:x0 1
Current4064:x0 1
Current4065:x0 1
Current4066:x0 1
Current4067:x0 1
Current4068:x0 1
Current4069:x0 1
Current4070:x0 1
Current4071:x0 1
Current4072:x0 1
Current4073:x0 1
Current4074:x0 1
Current4075:x0 1
Current4076:x0 1
Current4077:x0 1
Current4078:x0 1
Current4079:x0 1
Current4080:x0 1
Current4081:x0 1
Current4082:x0 1
Current4083:x0 1
Current4084:x0 1
Current4085:x0 1
Current4086:x0 1
Current4087:x0 1
Current4088:x0 1
Current4089:x0 1
Current4090:x0 1
Current4091:x0 1
Current4092:x0 1
Current4093:x0 1
Current4094:x0 1
Current4095:x0 1
Current4096:x0 1
Current4097:x0 1
Current4098:x0 1
Current4099:x0 1
Current4100:x0 1
Current4101:x0 1
Current4102:x0 1
Current4103:x0 1
Current4104:x0 1
Current4105:x0 1
Current4106:x0 1
Current4107:x0 1
Current4108:x0 1
Current4109:x0 1
Current4110:x0 1
Current4111:x0 1
Current4112:x0 1
Current4113:x0 1
Current4114:x0 1
Current4115:x0 1
Current4116:x0 1
Iteration 3385: J=4.2470e-05, Jf=4.2470e-05, Jcp =1.6248e-11, |dJ|=4.5094e-08, |dJcp|=8.0618e-12
Iteration 5: J=7.9088e-04, Jf=7.9088e-04, Jcp =0.0000e+00, |dJ|=8.3387e-09, |dJcp|=0.0000e+00
Iteration 3390: J=4.2557e-05, Jf=4.2467e-05, Jcp =8.9546e-08, |dJ|=4.9183e-08, |dJcp|=5.9848e-10
Iteration 10: J=3.1326e-05, Jf=3.1326e-05, Jcp =0.0000e+00, |dJ|=4.4686e-10, |dJcp|=0.0000e+00
Iteration 3395: J=3.7870e-04, Jf=4.2413e-05, Jcp =3.3629e-04, |dJ|=1.1965e-07, |dJcp|=3.6676e-08
Iteration 15: J=2.2547e-05, Jf=2.2547e-05, Jcp =0.0000e+00, |dJ|=1.1600e-10, |dJcp|=0.0000e+00
Iteration 3400: J=4.2464e-05, Jf=4.2464e-05, Jcp =1.7402e-11, |dJ|=1.0142e-07, |dJcp|=8.3431e-12
Iteration 20: J=2.1996e-05, Jf=2.1996e-05, Jcp =0.0000e+00, |dJ|=2.9009e-11, |dJcp|=0.0000e+00
Iteration 3405: J=4.1845e-05, Jf=4.1845e-05, Jcp =0.0000e+00, |dJ|=1.5665e-09, |dJcp|=0.0000e+00
Iteration 25: J=2.1935e-05, Jf=2.1935e-05, Jcp =0.0000e+00, |dJ|=1.0524e-11, |dJcp|=0.0000e+00
Iteration 3410: J=4.1742e-05, Jf=4.1742e-05, Jcp =0.0000e+00, |dJ|=1.4169e-07, |dJcp|=0.0000e+00
Iteration 30: J=2.1928e-05, Jf=2.1928e-05, Jcp =0.0000e+00, |dJ|=8.5992e-12, |dJcp|=0.0000e+00
Iteration 3415: J=6.2876e-04, Jf=4.0997e-05, Jcp =5.8776e-04, |dJ|=2.8751e-07, |dJcp|=4.8488e-08
Iteration 35: J=2.1928e-05, Jf=2.1928e-05, Jcp =0.0000e+00, |dJ|=2.7364e-12, |dJcp|=0.0000e+00
Iteration 3420: J=4.1240e-05, Jf=4.1240e-05, Jcp =0.0000e+00, |dJ|=2.8732e-07, |dJcp|=0.0000e+00
Iteration 3425: J=4.1197e-05, Jf=4.1197e-05, Jcp =0.0000e+00, |dJ|=2.8681e-07, |dJcp|=0.0000e+00
Iteration 40: J=2.1928e-05, Jf=2.1928e-05, Jcp =0.0000e+00, |dJ|=1.9366e-13, |dJcp|=0.0000e+00
Iteration 3430: J=9.1451e-04, Jf=4.0821e-05, Jcp =8.7369e-04, |dJ|=2.3891e-07, |dJcp|=5.9116e-08
Iteration 45: J=2.1928e-05, Jf=2.1928e-05, Jcp =0.0000e+00, |dJ|=4.9916e-14, |dJcp|=0.0000e+00
Iteration 3435: J=4.1196e-05, Jf=4.1196e-05, Jcp =0.0000e+00, |dJ|=2.8666e-07, |dJcp|=0.0000e+00
Iteration 50: J=2.1928e-05, Jf=2.1928e-05, Jcp =0.0000e+00, |dJ|=1.0202e-14, |dJcp|=0.0000e+00
Iteration 3440: J=5.3710e-05, Jf=4.1139e-05, Jcp =1.2570e-05, |dJ|=2.7999e-07, |dJcp|=7.0909e-09
Iteration 55: J=2.1928e-05, Jf=2.1928e-05, Jcp =0.0000e+00, |dJ|=2.4225e-15, |dJcp|=0.0000e+00
Iteration 3445: J=4.1195e-05, Jf=4.1195e-05, Jcp =0.0000e+00, |dJ|=2.8658e-07, |dJcp|=0.0000e+00
Iteration 60: J=2.1928e-05, Jf=2.1928e-05, Jcp =0.0000e+00, |dJ|=9.7866e-16, |dJcp|=0.0000e+00
Iteration 3450: J=4.1197e-05, Jf=4.1197e-05, Jcp =0.0000e+00, |dJ|=2.8677e-07, |dJcp|=0.0000e+00
Iteration 65: J=2.1928e-05, Jf=2.1928e-05, Jcp =0.0000e+00, |dJ|=1.0879e-16, |dJcp|=0.0000e+00
Iteration 3455: J=4.1170e-05, Jf=4.1170e-05, Jcp =0.0000e+00, |dJ|=2.5004e-07, |dJcp|=0.0000e+00
Iteration 70: J=2.1928e-05, Jf=2.1928e-05, Jcp =0.0000e+00, |dJ|=2.6229e-17, |dJcp|=0.0000e+00
Iteration 3460: J=4.1026e-05, Jf=4.1026e-05, Jcp =0.0000e+00, |dJ|=4.5615e-09, |dJcp|=0.0000e+00
CONVERGENCE: RELATIVE REDUCTION OF F <= FACTR*EPSMCH
Iteration 3465: J=4.1026e-05, Jf=4.1026e-05, Jcp =0.0000e+00, |dJ|=3.8144e-11, |dJcp|=0.0000e+00
Saving results to /burg-archive/home/tg2998/simsopt/examples/outputs/TG_warmstarter_stage2results_fixed_True/TF_a_0.900...Iteration 3470: J=4.1026e-05, Jf=4.1026e-05, Jcp =0.0000e+00, |dJ|=5.9166e-10, |dJcp|=0.0000e+00

Iteration 3475: J=4.1026e-05, Jf=4.1026e-05, Jcp =0.0000e+00, |dJ|=6.7389e-09, |dJcp|=0.0000e+00
Iteration 3480: J=4.1024e-05, Jf=4.1024e-05, Jcp =0.0000e+00, |dJ|=7.4981e-08, |dJcp|=0.0000e+00
Iteration 3485: J=4.1016e-05, Jf=4.1015e-05, Jcp =1.8993e-11, |dJ|=1.4941e-07, |dJcp|=8.7162e-12
Iteration 3490: J=4.1005e-05, Jf=4.1004e-05, Jcp =1.3517e-09, |dJ|=7.9317e-11, |dJcp|=7.3531e-11
Iteration 3495: J=4.1005e-05, Jf=4.1004e-05, Jcp =1.3517e-09, |dJ|=1.7556e-09, |dJcp|=7.3530e-11
Iteration 3500: J=4.1005e-05, Jf=4.1003e-05, Jcp =1.3507e-09, |dJ|=2.6735e-08, |dJcp|=7.3503e-11
Iteration 3505: J=4.0950e-05, Jf=4.0949e-05, Jcp =1.3222e-09, |dJ|=3.0034e-07, |dJcp|=7.2725e-11
Iteration 3510: J=1.5255e-03, Jf=4.0250e-05, Jcp =1.4853e-03, |dJ|=1.0127e-06, |dJcp|=7.7078e-08
Iteration 3515: J=4.0631e-05, Jf=4.0629e-05, Jcp =1.1982e-09, |dJ|=7.5834e-07, |dJcp|=6.9229e-11
Iteration 3520: J=4.1241e-05, Jf=4.0560e-05, Jcp =6.8119e-07, |dJ|=7.9926e-07, |dJcp|=1.6507e-09
Iteration 3525: J=4.0571e-05, Jf=4.0568e-05, Jcp =3.0892e-09, |dJ|=7.9450e-07, |dJcp|=1.1116e-10
Iteration 3530: J=4.0417e-05, Jf=4.0176e-05, Jcp =2.4076e-07, |dJ|=1.3664e-07, |dJcp|=9.8134e-10
Iteration 3535: J=4.0213e-05, Jf=4.0213e-05, Jcp =0.0000e+00, |dJ|=6.9727e-08, |dJcp|=0.0000e+00
Iteration 3540: J=7.9850e-05, Jf=4.0086e-05, Jcp =3.9764e-05, |dJ|=1.6869e-07, |dJcp|=1.2612e-08
Iteration 3545: J=4.0196e-05, Jf=4.0196e-05, Jcp =0.0000e+00, |dJ|=8.2451e-08, |dJcp|=0.0000e+00
Iteration 3550: J=4.0180e-05, Jf=4.0178e-05, Jcp =2.1489e-09, |dJ|=9.5824e-08, |dJcp|=9.2712e-11
Iteration 3555: J=4.0213e-05, Jf=4.0213e-05, Jcp =0.0000e+00, |dJ|=6.9458e-08, |dJcp|=0.0000e+00
Iteration 3560: J=4.0213e-05, Jf=4.0213e-05, Jcp =0.0000e+00, |dJ|=6.1806e-08, |dJcp|=0.0000e+00
Iteration 3565: J=4.0210e-05, Jf=4.0210e-05, Jcp =0.0000e+00, |dJ|=2.4521e-09, |dJcp|=0.0000e+00
Iteration 3570: J=4.0210e-05, Jf=4.0210e-05, Jcp =0.0000e+00, |dJ|=8.5558e-12, |dJcp|=0.0000e+00
Iteration 3575: J=4.0210e-05, Jf=4.0210e-05, Jcp =0.0000e+00, |dJ|=1.5371e-10, |dJcp|=0.0000e+00
Iteration 3580: J=4.0210e-05, Jf=4.0210e-05, Jcp =0.0000e+00, |dJ|=1.8679e-09, |dJcp|=0.0000e+00
Iteration 3585: J=4.0210e-05, Jf=4.0210e-05, Jcp =1.1680e-11, |dJ|=1.9372e-08, |dJcp|=6.8353e-12
Warning: coils_to_vtk will not save forces and torques for coils that do not have a model for their cross section. Please use the RegularizedCoil class.
Iteration 3590: J=4.0209e-05, Jf=4.0208e-05, Jcp =1.1986e-09, |dJ|=6.7544e-10, |dJcp|=6.9243e-11
Iteration 3595: J=4.0209e-05, Jf=4.0208e-05, Jcp =1.0668e-09, |dJ|=5.8233e-10, |dJcp|=6.5322e-11
Iteration 3600: J=4.0209e-05, Jf=4.0208e-05, Jcp =2.7857e-10, |dJ|=9.3071e-09, |dJcp|=3.3381e-11
Iteration 3605: J=4.0191e-05, Jf=4.0191e-05, Jcp =0.0000e+00, |dJ|=5.4375e-08, |dJcp|=0.0000e+00
Iteration 3610: J=4.0202e-05, Jf=4.0175e-05, Jcp =2.7752e-08, |dJ|=8.7174e-08, |dJcp|=3.3318e-10
Iteration 3615: J=4.0201e-05, Jf=4.0201e-05, Jcp =0.0000e+00, |dJ|=8.7524e-09, |dJcp|=0.0000e+00
Iteration 3620: J=4.0176e-05, Jf=4.0174e-05, Jcp =1.5710e-09, |dJ|=2.8133e-08, |dJcp|=7.9272e-11
Iteration 3625: J=4.0174e-05, Jf=4.0174e-05, Jcp =9.8434e-11, |dJ|=1.4516e-08, |dJcp|=1.9843e-11
Iteration 3630: J=4.0174e-05, Jf=4.0174e-05, Jcp =6.0986e-11, |dJ|=1.9603e-09, |dJcp|=1.5619e-11
Iteration 3635: J=4.0281e-05, Jf=4.0174e-05, Jcp =1.0758e-07, |dJ|=2.5591e-08, |dJcp|=6.5598e-10
Iteration 3640: J=4.0174e-05, Jf=4.0174e-05, Jcp =3.5682e-11, |dJ|=1.6292e-08, |dJcp|=1.1947e-11
Iteration 3645: J=4.0174e-05, Jf=4.0174e-05, Jcp =2.2947e-10, |dJ|=1.7698e-08, |dJcp|=3.0297e-11
Iteration 3650: J=4.0174e-05, Jf=4.0174e-05, Jcp =3.4218e-11, |dJ|=1.7259e-08, |dJcp|=1.1699e-11
Iteration 3655: J=4.0174e-05, Jf=4.0174e-05, Jcp =6.4494e-11, |dJ|=8.8282e-10, |dJcp|=1.6062e-11
Iteration 3660: J=4.0174e-05, Jf=4.0174e-05, Jcp =6.6095e-11, |dJ|=5.1895e-10, |dJcp|=1.6260e-11
Iteration 3665: J=4.0174e-05, Jf=4.0174e-05, Jcp =6.4986e-11, |dJ|=6.9714e-09, |dJcp|=1.6123e-11
Iteration 3670: J=4.0165e-05, Jf=4.0165e-05, Jcp =5.4732e-11, |dJ|=7.9874e-08, |dJcp|=1.4796e-11
Iteration 3675: J=5.1808e-05, Jf=4.0034e-05, Jcp =1.1774e-05, |dJ|=2.9991e-07, |dJcp|=6.8626e-09
Iteration 3680: J=4.0076e-05, Jf=4.0076e-05, Jcp =3.3945e-11, |dJ|=2.4626e-07, |dJcp|=1.1652e-11
Iteration 3685: J=8.2277e-05, Jf=3.9996e-05, Jcp =4.2281e-05, |dJ|=2.9937e-07, |dJcp|=1.3005e-08
Iteration 3690: J=4.0059e-05, Jf=4.0059e-05, Jcp =3.2656e-11, |dJ|=2.5705e-07, |dJcp|=1.1429e-11
Iteration 3695: J=4.0050e-05, Jf=4.0050e-05, Jcp =3.1959e-11, |dJ|=2.6299e-07, |dJcp|=1.1306e-11
Iteration 3700: J=2.3696e-03, Jf=3.9666e-05, Jcp =2.3299e-03, |dJ|=4.6748e-07, |dJcp|=9.6539e-08
Iteration 3705: J=4.0050e-05, Jf=4.0050e-05, Jcp =3.1947e-11, |dJ|=2.6308e-07, |dJcp|=1.1304e-11
Iteration 3710: J=7.4803e-05, Jf=3.9994e-05, Jcp =3.4809e-05, |dJ|=2.8731e-07, |dJcp|=1.1800e-08
Iteration 3715: J=4.0050e-05, Jf=4.0049e-05, Jcp =3.1935e-11, |dJ|=2.6318e-07, |dJcp|=1.1302e-11
Iteration 3720: J=4.0050e-05, Jf=4.0050e-05, Jcp =3.1959e-11, |dJ|=2.6292e-07, |dJcp|=1.1306e-11
Iteration 3725: J=4.0029e-05, Jf=4.0029e-05, Jcp =3.1959e-11, |dJ|=1.9897e-07, |dJcp|=1.1306e-11
Iteration 3730: J=3.9953e-05, Jf=3.9953e-05, Jcp =3.1958e-11, |dJ|=1.8389e-10, |dJcp|=1.1306e-11
Iteration 3735: J=3.9953e-05, Jf=3.9953e-05, Jcp =3.1953e-11, |dJ|=5.3986e-11, |dJcp|=1.1305e-11
Iteration 3740: J=3.9953e-05, Jf=3.9953e-05, Jcp =3.0997e-11, |dJ|=8.2790e-10, |dJcp|=1.1135e-11
Iteration 3745: J=3.9953e-05, Jf=3.9953e-05, Jcp =0.0000e+00, |dJ|=3.3221e-09, |dJcp|=0.0000e+00
Iteration 3750: J=3.9953e-05, Jf=3.9953e-05, Jcp =0.0000e+00, |dJ|=9.7555e-09, |dJcp|=0.0000e+00
Iteration 3755: J=3.9953e-05, Jf=3.9953e-05, Jcp =0.0000e+00, |dJ|=2.1189e-08, |dJcp|=0.0000e+00
Iteration 3760: J=4.0013e-05, Jf=3.9952e-05, Jcp =6.1751e-08, |dJ|=3.4676e-08, |dJcp|=4.9700e-10
Iteration 3765: J=3.9952e-05, Jf=3.9952e-05, Jcp =0.0000e+00, |dJ|=2.1812e-08, |dJcp|=0.0000e+00
Iteration 3770: J=3.9953e-05, Jf=3.9952e-05, Jcp =3.8920e-10, |dJ|=2.3598e-08, |dJcp|=3.9456e-11
Iteration 3775: J=3.9952e-05, Jf=3.9952e-05, Jcp =7.3125e-12, |dJ|=2.2643e-08, |dJcp|=5.4083e-12
Iteration 3780: J=3.9952e-05, Jf=3.9952e-05, Jcp =6.0852e-12, |dJ|=1.9382e-11, |dJcp|=4.9336e-12
Iteration 3785: J=3.9952e-05, Jf=3.9952e-05, Jcp =6.0842e-12, |dJ|=5.5126e-10, |dJcp|=4.9332e-12
Iteration 3790: J=3.9952e-05, Jf=3.9952e-05, Jcp =6.0736e-12, |dJ|=6.5766e-09, |dJcp|=4.9289e-12
Iteration 3795: J=3.9950e-05, Jf=3.9950e-05, Jcp =3.8960e-11, |dJ|=3.2819e-08, |dJcp|=1.2484e-11
Iteration 3800: J=3.9956e-05, Jf=3.9948e-05, Jcp =8.5103e-09, |dJ|=1.4810e-09, |dJcp|=1.8450e-10
Iteration 3805: J=3.9949e-05, Jf=3.9949e-05, Jcp =1.5472e-10, |dJ|=5.9193e-10, |dJcp|=2.4878e-11
Iteration 3810: J=3.9949e-05, Jf=3.9949e-05, Jcp =1.3668e-10, |dJ|=2.6711e-10, |dJcp|=2.3382e-11
Iteration 3815: J=3.9949e-05, Jf=3.9949e-05, Jcp =1.3429e-10, |dJ|=3.6905e-09, |dJcp|=2.3177e-11
Iteration 3820: J=3.9949e-05, Jf=3.9948e-05, Jcp =6.8755e-10, |dJ|=4.1615e-08, |dJcp|=5.2443e-11
Iteration 3825: J=3.9948e-05, Jf=3.9948e-05, Jcp =2.6306e-10, |dJ|=5.6347e-11, |dJcp|=3.2439e-11
Iteration 3830: J=3.9948e-05, Jf=3.9948e-05, Jcp =2.5831e-10, |dJ|=5.8737e-10, |dJcp|=3.2144e-11
Iteration 3835: J=3.9948e-05, Jf=3.9948e-05, Jcp =2.2287e-10, |dJ|=7.4281e-09, |dJcp|=2.9857e-11
Iteration 3840: J=3.9943e-05, Jf=3.9941e-05, Jcp =1.6426e-09, |dJ|=8.3085e-08, |dJcp|=8.1059e-11
Iteration 3845: J=3.9313e-05, Jf=3.9136e-05, Jcp =1.7650e-07, |dJ|=9.0589e-07, |dJcp|=8.4025e-10
Iteration 3850: J=3.7400e-05, Jf=3.7400e-05, Jcp =5.8687e-12, |dJ|=1.2627e-09, |dJcp|=4.8451e-12
Iteration 3855: J=3.7400e-05, Jf=3.7400e-05, Jcp =2.3272e-11, |dJ|=3.0374e-09, |dJcp|=9.6483e-12
Iteration 3860: J=3.7398e-05, Jf=3.7397e-05, Jcp =6.3254e-10, |dJ|=3.8041e-08, |dJcp|=5.0301e-11
Iteration 3865: J=3.7393e-05, Jf=3.7391e-05, Jcp =1.9488e-09, |dJ|=7.0584e-08, |dJcp|=8.8289e-11
Iteration 3870: J=3.7391e-05, Jf=3.7389e-05, Jcp =2.2090e-09, |dJ|=7.5477e-08, |dJcp|=9.3999e-11
Iteration 3875: J=3.7390e-05, Jf=3.7386e-05, Jcp =4.0392e-09, |dJ|=8.2137e-08, |dJcp|=1.2711e-10
Iteration 3880: J=3.7389e-05, Jf=3.7386e-05, Jcp =2.5282e-09, |dJ|=8.1101e-08, |dJcp|=1.0056e-10
Iteration 3885: J=3.7388e-05, Jf=3.7386e-05, Jcp =2.5704e-09, |dJ|=8.1643e-08, |dJcp|=1.0140e-10
Iteration 3890: J=3.7383e-05, Jf=3.7382e-05, Jcp =7.7799e-10, |dJ|=4.4271e-08, |dJcp|=5.5785e-11
Iteration 3895: J=3.7381e-05, Jf=3.7381e-05, Jcp =2.3254e-12, |dJ|=5.2350e-09, |dJcp|=3.0498e-12
Iteration 3900: J=3.7440e-05, Jf=3.7380e-05, Jcp =5.9384e-08, |dJ|=1.3337e-08, |dJcp|=4.8738e-10
Iteration 3905: J=3.0750e-04, Jf=3.7372e-05, Jcp =2.7012e-04, |dJ|=9.0997e-08, |dJcp|=3.2871e-08
Iteration 3910: J=3.7381e-05, Jf=3.7381e-05, Jcp =9.0318e-14, |dJ|=1.1343e-08, |dJcp|=6.0106e-13
Iteration 3915: J=3.7399e-05, Jf=3.7381e-05, Jcp =1.8665e-08, |dJ|=1.1966e-08, |dJcp|=2.7324e-10
Iteration 3920: J=3.7381e-05, Jf=3.7381e-05, Jcp =8.9367e-14, |dJ|=1.1351e-08, |dJcp|=5.9789e-13
Iteration 3925: J=3.7381e-05, Jf=3.7381e-05, Jcp =2.9762e-10, |dJ|=1.7146e-08, |dJcp|=3.4503e-11
Iteration 3930: J=3.7381e-05, Jf=3.7381e-05, Jcp =8.8004e-12, |dJ|=1.0637e-09, |dJcp|=5.9331e-12
Iteration 3935: J=3.7381e-05, Jf=3.7381e-05, Jcp =1.0243e-11, |dJ|=9.3482e-12, |dJcp|=6.4008e-12
Iteration 3940: J=3.7381e-05, Jf=3.7381e-05, Jcp =8.8845e-12, |dJ|=2.0472e-10, |dJcp|=5.9614e-12
Iteration 3945: J=3.7379e-05, Jf=3.7379e-05, Jcp =7.4621e-11, |dJ|=4.2474e-08, |dJcp|=1.7277e-11
Iteration 3950: J=3.7564e-05, Jf=3.7271e-05, Jcp =2.9273e-07, |dJ|=2.6289e-07, |dJcp|=1.0821e-09
Iteration 3955: J=3.7281e-05, Jf=3.7280e-05, Jcp =1.5955e-09, |dJ|=2.5747e-07, |dJcp|=7.9886e-11
Iteration 3960: J=4.1305e-05, Jf=3.7255e-05, Jcp =4.0495e-06, |dJ|=1.6203e-07, |dJcp|=4.0247e-09
Iteration 3965: J=3.7272e-05, Jf=3.7271e-05, Jcp =1.2699e-09, |dJ|=2.2794e-07, |dJcp|=7.1271e-11
Iteration 3970: J=3.9463e-05, Jf=3.7257e-05, Jcp =2.2064e-06, |dJ|=1.6630e-07, |dJcp|=2.9708e-09
Iteration 3975: J=3.7268e-05, Jf=3.7267e-05, Jcp =1.1290e-09, |dJ|=2.1400e-07, |dJcp|=6.7200e-11
Iteration 3980: J=3.7267e-05, Jf=3.7266e-05, Jcp =1.0633e-09, |dJ|=2.0721e-07, |dJcp|=6.5218e-11
Iteration 3985: J=4.6380e-05, Jf=3.7250e-05, Jcp =9.1298e-06, |dJ|=1.1933e-07, |dJcp|=6.0431e-09
Iteration 3990: J=3.7266e-05, Jf=3.7265e-05, Jcp =1.0586e-09, |dJ|=2.0671e-07, |dJcp|=6.5072e-11
Iteration 3995: J=3.7404e-05, Jf=3.7263e-05, Jcp =1.4079e-07, |dJ|=1.9570e-07, |dJcp|=7.5043e-10
Iteration 4000: J=3.7247e-05, Jf=3.7247e-05, Jcp =5.4839e-12, |dJ|=4.7262e-10, |dJcp|=4.6836e-12
Iteration 4005: J=3.7247e-05, Jf=3.7247e-05, Jcp =2.0340e-10, |dJ|=2.3904e-10, |dJcp|=2.8523e-11
Iteration 4010: J=3.7247e-05, Jf=3.7247e-05, Jcp =1.2374e-11, |dJ|=7.0282e-09, |dJcp|=7.0354e-12
Iteration 4015: J=3.7230e-05, Jf=3.7229e-05, Jcp =2.7604e-10, |dJ|=8.8065e-08, |dJcp|=3.3229e-11
Iteration 4020: J=3.7178e-05, Jf=3.7177e-05, Jcp =8.4807e-10, |dJ|=1.6483e-07, |dJcp|=5.8243e-11
Iteration 4025: J=5.6413e-05, Jf=3.7122e-05, Jcp =1.9291e-05, |dJ|=1.9781e-07, |dJcp|=8.7843e-09
Iteration 4030: J=3.7147e-05, Jf=3.7146e-05, Jcp =1.0284e-09, |dJ|=1.8289e-07, |dJcp|=6.4138e-11
Iteration 4035: J=3.7140e-05, Jf=3.7139e-05, Jcp =9.7396e-10, |dJ|=1.7721e-07, |dJcp|=6.2417e-11
Iteration 4040: J=3.7113e-05, Jf=3.7113e-05, Jcp =4.5021e-12, |dJ|=5.1104e-10, |dJcp|=4.2436e-12
Iteration 4045: J=3.7112e-05, Jf=3.7112e-05, Jcp =5.1876e-11, |dJ|=8.8386e-09, |dJcp|=1.4405e-11
Iteration 4050: J=3.7112e-05, Jf=3.7112e-05, Jcp =2.9711e-11, |dJ|=7.0158e-09, |dJcp|=1.0902e-11
Iteration 4055: J=3.7112e-05, Jf=3.7112e-05, Jcp =1.3310e-11, |dJ|=1.0584e-10, |dJcp|=7.2967e-12
Iteration 4060: J=3.7111e-05, Jf=3.7111e-05, Jcp =1.1121e-10, |dJ|=3.6137e-08, |dJcp|=2.1091e-11
Iteration 4065: J=3.6987e-05, Jf=3.6978e-05, Jcp =8.4314e-09, |dJ|=4.0305e-07, |dJcp|=1.8365e-10
Iteration 4070: J=6.5449e-03, Jf=3.6608e-05, Jcp =6.5083e-03, |dJ|=6.6232e-07, |dJcp|=1.6135e-07
Iteration 4075: J=3.6803e-05, Jf=3.6785e-05, Jcp =1.7376e-08, |dJ|=5.8349e-07, |dJcp|=2.6363e-10
Iteration 4080: J=3.6798e-05, Jf=3.6781e-05, Jcp =1.7454e-08, |dJ|=5.8483e-07, |dJcp|=2.6423e-10
Iteration 4085: J=5.4648e-05, Jf=3.6764e-05, Jcp =1.7884e-05, |dJ|=5.8500e-07, |dJcp|=8.4578e-09
Iteration 4090: J=3.6798e-05, Jf=3.6781e-05, Jcp =1.7454e-08, |dJ|=5.8483e-07, |dJcp|=2.6423e-10
Iteration 4095: J=3.6885e-05, Jf=3.6779e-05, Jcp =1.0676e-07, |dJ|=5.8484e-07, |dJcp|=6.5349e-10
Iteration 4100: J=3.6798e-05, Jf=3.6781e-05, Jcp =1.7454e-08, |dJ|=5.8482e-07, |dJcp|=2.6423e-10
Iteration 4105: J=3.6796e-05, Jf=3.6779e-05, Jcp =1.7454e-08, |dJ|=5.7995e-07, |dJcp|=2.6423e-10
Iteration 4110: J=3.6668e-05, Jf=3.6651e-05, Jcp =1.7454e-08, |dJ|=5.9581e-08, |dJcp|=2.6422e-10
Iteration 4115: J=3.6667e-05, Jf=3.6649e-05, Jcp =1.7453e-08, |dJ|=5.7991e-10, |dJcp|=2.6422e-10
Iteration 4120: J=3.6667e-05, Jf=3.6649e-05, Jcp =1.7362e-08, |dJ|=1.1237e-08, |dJcp|=2.6353e-10
Iteration 4125: J=3.6662e-05, Jf=3.6653e-05, Jcp =8.9978e-09, |dJ|=1.0293e-07, |dJcp|=1.8971e-10
Iteration 4130: J=3.6650e-05, Jf=3.6650e-05, Jcp =0.0000e+00, |dJ|=3.9687e-10, |dJcp|=0.0000e+00
Iteration 4135: J=3.6650e-05, Jf=3.6650e-05, Jcp =3.0665e-12, |dJ|=2.7984e-09, |dJcp|=3.5023e-12
Iteration 4140: J=3.6650e-05, Jf=3.6650e-05, Jcp =5.0114e-12, |dJ|=2.0815e-11, |dJcp|=4.4772e-12
Iteration 4145: J=3.6650e-05, Jf=3.6650e-05, Jcp =5.8065e-12, |dJ|=1.0957e-09, |dJcp|=4.8193e-12
Iteration 4150: J=3.6649e-05, Jf=3.6649e-05, Jcp =4.3647e-11, |dJ|=2.0163e-08, |dJcp|=1.3213e-11
Iteration 4155: J=3.6646e-05, Jf=3.6644e-05, Jcp =1.9912e-09, |dJ|=7.2859e-08, |dJcp|=8.9246e-11
Iteration 4160: J=3.7405e-05, Jf=3.6633e-05, Jcp =7.7189e-07, |dJ|=9.9314e-08, |dJcp|=1.7571e-09
Iteration 4165: J=3.6644e-05, Jf=3.6642e-05, Jcp =2.4682e-09, |dJ|=7.7804e-08, |dJcp|=9.9363e-11
Iteration 4170: J=3.6643e-05, Jf=3.6640e-05, Jcp =3.0155e-09, |dJ|=8.1178e-08, |dJcp|=1.0983e-10
Iteration 4175: J=3.6641e-05, Jf=3.6640e-05, Jcp =1.4636e-09, |dJ|=4.8766e-08, |dJcp|=7.6515e-11
Iteration 4180: J=3.6638e-05, Jf=3.6638e-05, Jcp =3.2791e-11, |dJ|=1.0501e-08, |dJcp|=1.1453e-11
Iteration 4185: J=3.6638e-05, Jf=3.6638e-05, Jcp =2.7211e-11, |dJ|=3.1702e-11, |dJcp|=1.0433e-11
Iteration 4190: J=3.6638e-05, Jf=3.6638e-05, Jcp =2.5875e-11, |dJ|=7.9392e-11, |dJcp|=1.0173e-11
Iteration 4195: J=3.6638e-05, Jf=3.6638e-05, Jcp =1.6959e-11, |dJ|=1.0285e-09, |dJcp|=8.2362e-12
Iteration 4200: J=3.6687e-05, Jf=3.6635e-05, Jcp =5.2584e-08, |dJ|=7.3679e-08, |dJcp|=4.5862e-10
Iteration 4205: J=3.6637e-05, Jf=3.6637e-05, Jcp =7.0127e-12, |dJ|=2.9209e-08, |dJcp|=5.2963e-12
Iteration 4210: J=3.6637e-05, Jf=3.6637e-05, Jcp =7.7676e-11, |dJ|=5.2304e-10, |dJcp|=1.7627e-11
Iteration 4215: J=3.6637e-05, Jf=3.6637e-05, Jcp =7.4134e-11, |dJ|=7.6553e-09, |dJcp|=1.7220e-11
Iteration 4220: J=3.6637e-05, Jf=3.6637e-05, Jcp =1.2633e-10, |dJ|=3.2868e-09, |dJcp|=2.2480e-11
Iteration 4225: J=3.6636e-05, Jf=3.6636e-05, Jcp =1.6861e-10, |dJ|=1.6161e-09, |dJcp|=2.5970e-11
Iteration 4230: J=3.6638e-05, Jf=3.6636e-05, Jcp =2.0402e-09, |dJ|=1.2589e-09, |dJcp|=9.0337e-11
Iteration 4235: J=3.6636e-05, Jf=3.6636e-05, Jcp =1.8657e-10, |dJ|=1.4994e-09, |dJcp|=2.7318e-11
Iteration 4240: J=3.6636e-05, Jf=3.6636e-05, Jcp =1.4769e-10, |dJ|=4.2147e-09, |dJcp|=2.4305e-11
Iteration 4245: J=3.6636e-05, Jf=3.6636e-05, Jcp =2.0784e-10, |dJ|=3.3944e-10, |dJcp|=2.8834e-11
Iteration 4250: J=3.6635e-05, Jf=3.6635e-05, Jcp =2.3669e-11, |dJ|=1.1586e-08, |dJcp|=9.7301e-12
Iteration 4255: J=3.6622e-05, Jf=3.6595e-05, Jcp =2.7109e-08, |dJ|=9.9389e-08, |dJcp|=3.2929e-10
Iteration 4260: J=3.6211e-05, Jf=3.6211e-05, Jcp =0.0000e+00, |dJ|=1.5162e-07, |dJcp|=0.0000e+00
Iteration 4265: J=3.6201e-05, Jf=3.6201e-05, Jcp =0.0000e+00, |dJ|=2.8153e-08, |dJcp|=0.0000e+00
Iteration 4270: J=3.6197e-05, Jf=3.6197e-05, Jcp =0.0000e+00, |dJ|=6.0377e-08, |dJcp|=0.0000e+00
Iteration 4275: J=3.6197e-05, Jf=3.6195e-05, Jcp =2.0412e-09, |dJ|=7.1988e-08, |dJcp|=9.0359e-11
Iteration 4280: J=3.6196e-05, Jf=3.6196e-05, Jcp =2.6680e-12, |dJ|=6.9954e-08, |dJcp|=3.2668e-12
Iteration 4285: J=3.6192e-05, Jf=3.6191e-05, Jcp =3.2297e-11, |dJ|=1.9482e-09, |dJcp|=1.1366e-11
Iteration 4290: J=3.6181e-05, Jf=3.6180e-05, Jcp =8.9831e-11, |dJ|=4.8089e-08, |dJcp|=1.8956e-11
Iteration 4295: J=1.6472e-04, Jf=3.6034e-05, Jcp =1.2869e-04, |dJ|=1.8828e-07, |dJcp|=2.2688e-08
Iteration 4300: J=3.6106e-05, Jf=3.6106e-05, Jcp =3.2270e-10, |dJ|=1.4059e-07, |dJcp|=3.5927e-11
Iteration 4305: J=3.6094e-05, Jf=3.6093e-05, Jcp =3.4654e-10, |dJ|=1.4775e-07, |dJcp|=3.7231e-11
Iteration 4310: J=3.6075e-05, Jf=3.6075e-05, Jcp =1.2411e-10, |dJ|=8.7657e-08, |dJcp|=2.2281e-11
Iteration 4315: J=3.6053e-05, Jf=3.6053e-05, Jcp =5.1378e-11, |dJ|=1.0702e-08, |dJcp|=1.4336e-11
Iteration 4320: J=3.6035e-05, Jf=3.6032e-05, Jcp =2.5495e-09, |dJ|=1.7032e-07, |dJcp|=1.0099e-10
Iteration 4325: J=3.5987e-05, Jf=3.5979e-05, Jcp =7.6886e-09, |dJ|=3.0671e-07, |dJcp|=1.7537e-10
Iteration 4330: J=3.5983e-05, Jf=3.5975e-05, Jcp =8.0114e-09, |dJ|=3.1341e-07, |dJcp|=1.7901e-10
Iteration 4335: J=3.5983e-05, Jf=3.5975e-05, Jcp =8.0647e-09, |dJ|=3.1394e-07, |dJcp|=1.7961e-10
Iteration 4340: J=3.5875e-05, Jf=3.5875e-05, Jcp =4.8155e-11, |dJ|=6.2078e-09, |dJcp|=1.3879e-11
Iteration 4345: J=3.9286e-05, Jf=3.5773e-05, Jcp =3.5132e-06, |dJ|=7.8061e-08, |dJcp|=3.7487e-09
Iteration 4350: J=3.5837e-05, Jf=3.5815e-05, Jcp =2.2184e-08, |dJ|=5.3449e-08, |dJcp|=2.9788e-10
Iteration 4355: J=4.6069e-05, Jf=3.5767e-05, Jcp =1.0302e-05, |dJ|=7.1684e-08, |dJcp|=6.4192e-09
Iteration 4360: J=1.5867e-02, Jf=3.5387e-05, Jcp =1.5832e-02, |dJ|=3.1349e-07, |dJcp|=2.5165e-07
Iteration 4365: J=3.5810e-05, Jf=3.5778e-05, Jcp =3.1489e-08, |dJ|=6.7002e-08, |dJcp|=3.5490e-10
Iteration 4370: J=3.7443e-05, Jf=3.5774e-05, Jcp =1.6689e-06, |dJ|=6.8342e-08, |dJcp|=2.5837e-09
Iteration 4375: J=3.5810e-05, Jf=3.5778e-05, Jcp =3.1495e-08, |dJ|=6.7010e-08, |dJcp|=3.5494e-10
Iteration 4380: J=3.5810e-05, Jf=3.5778e-05, Jcp =3.1486e-08, |dJ|=6.6997e-08, |dJcp|=3.5489e-10
Iteration 4385: J=3.5810e-05, Jf=3.5778e-05, Jcp =3.1486e-08, |dJ|=6.6855e-08, |dJcp|=3.5489e-10
Iteration 4390: J=3.5808e-05, Jf=3.5777e-05, Jcp =3.1486e-08, |dJ|=5.8076e-09, |dJcp|=3.5488e-10
Iteration 4395: J=3.5808e-05, Jf=3.5777e-05, Jcp =3.1485e-08, |dJ|=3.8798e-10, |dJcp|=3.5488e-10
Iteration 4400: J=3.5808e-05, Jf=3.5777e-05, Jcp =3.1320e-08, |dJ|=1.2755e-08, |dJcp|=3.5395e-10
Iteration 4405: J=3.5800e-05, Jf=3.5784e-05, Jcp =1.5845e-08, |dJ|=1.1919e-07, |dJcp|=2.5175e-10
Iteration 4410: J=3.5778e-05, Jf=3.5778e-05, Jcp =0.0000e+00, |dJ|=2.6397e-08, |dJcp|=0.0000e+00
Iteration 4415: J=3.5779e-05, Jf=3.5778e-05, Jcp =1.7477e-09, |dJ|=1.1646e-08, |dJcp|=8.3611e-11
Iteration 4420: J=3.5778e-05, Jf=3.5778e-05, Jcp =4.3468e-12, |dJ|=2.1148e-09, |dJcp|=4.1698e-12
Iteration 4425: J=3.5778e-05, Jf=3.5778e-05, Jcp =4.0954e-12, |dJ|=2.3296e-11, |dJcp|=4.0474e-12
Iteration 4430: J=3.5778e-05, Jf=3.5778e-05, Jcp =4.0885e-12, |dJ|=4.4475e-10, |dJcp|=4.0440e-12
Iteration 4435: J=3.5778e-05, Jf=3.5778e-05, Jcp =4.0127e-12, |dJ|=5.2124e-09, |dJcp|=4.0063e-12
Iteration 4440: J=3.5778e-05, Jf=3.5777e-05, Jcp =1.1262e-09, |dJ|=1.9620e-08, |dJcp|=6.7119e-11
Iteration 4445: J=3.5777e-05, Jf=3.5777e-05, Jcp =7.0799e-12, |dJ|=1.6403e-08, |dJcp|=5.3216e-12
Iteration 4450: J=3.5777e-05, Jf=3.5777e-05, Jcp =2.2779e-11, |dJ|=6.5519e-12, |dJcp|=9.5455e-12
Iteration 4455: J=3.5777e-05, Jf=3.5777e-05, Jcp =2.9838e-11, |dJ|=1.4094e-09, |dJcp|=1.0925e-11
Iteration 4460: J=3.5776e-05, Jf=3.5776e-05, Jcp =1.9365e-10, |dJ|=1.7610e-08, |dJcp|=2.7831e-11
Iteration 4465: J=3.5776e-05, Jf=3.5776e-05, Jcp =2.4212e-10, |dJ|=1.7909e-08, |dJcp|=3.1120e-11
Iteration 4470: J=3.5775e-05, Jf=3.5775e-05, Jcp =1.1904e-10, |dJ|=5.9349e-11, |dJcp|=2.1821e-11
Iteration 4475: J=3.5774e-05, Jf=3.5774e-05, Jcp =4.3943e-12, |dJ|=1.2307e-09, |dJcp|=4.1925e-12
Iteration 4480: J=3.5694e-05, Jf=3.5694e-05, Jcp =6.7920e-12, |dJ|=3.8690e-08, |dJcp|=5.2123e-12
Iteration 4485: J=3.5680e-05, Jf=3.5680e-05, Jcp =7.2850e-12, |dJ|=4.5544e-08, |dJcp|=5.3981e-12
Iteration 4490: J=6.8847e-05, Jf=3.5520e-05, Jcp =3.3327e-05, |dJ|=6.0164e-08, |dJcp|=1.1546e-08
Iteration 4495: J=3.5678e-05, Jf=3.5678e-05, Jcp =5.0197e-11, |dJ|=4.5719e-08, |dJcp|=1.4170e-11
Iteration 4500: J=3.5676e-05, Jf=3.5676e-05, Jcp =2.5423e-10, |dJ|=1.9631e-09, |dJcp|=3.1889e-11
Iteration 4505: J=3.5675e-05, Jf=3.5675e-05, Jcp =7.9841e-11, |dJ|=1.8276e-08, |dJcp|=1.7871e-11
Iteration 4510: J=3.5674e-05, Jf=3.5674e-05, Jcp =4.0005e-12, |dJ|=3.9687e-08, |dJcp|=4.0003e-12
Iteration 4515: J=3.5889e-05, Jf=3.5671e-05, Jcp =2.1751e-07, |dJ|=5.3914e-08, |dJcp|=9.3275e-10
Iteration 4520: J=3.5673e-05, Jf=3.5673e-05, Jcp =2.1027e-12, |dJ|=4.5915e-08, |dJcp|=2.9001e-12
Iteration 4525: J=3.5672e-05, Jf=3.5672e-05, Jcp =2.0545e-12, |dJ|=4.7134e-08, |dJcp|=2.8667e-12
Iteration 4530: J=4.1371e-05, Jf=3.5666e-05, Jcp =5.7043e-06, |dJ|=7.1175e-08, |dJcp|=4.7767e-09
Iteration 4535: J=3.5672e-05, Jf=3.5672e-05, Jcp =2.0517e-12, |dJ|=4.7204e-08, |dJcp|=2.8648e-12
Iteration 4540: J=3.5755e-05, Jf=3.5671e-05, Jcp =8.3473e-08, |dJ|=5.0202e-08, |dJcp|=5.7783e-10
Iteration 4545: J=3.5672e-05, Jf=3.5672e-05, Jcp =2.0550e-12, |dJ|=4.7120e-08, |dJcp|=2.8671e-12
Iteration 4550: J=3.5672e-05, Jf=3.5672e-05, Jcp =2.0550e-12, |dJ|=4.6840e-08, |dJcp|=2.8671e-12
Iteration 4555: J=3.5670e-05, Jf=3.5670e-05, Jcp =2.0550e-12, |dJ|=1.6034e-08, |dJcp|=2.8671e-12
Iteration 4560: J=3.5670e-05, Jf=3.5670e-05, Jcp =2.0550e-12, |dJ|=6.0444e-12, |dJcp|=2.8671e-12
Iteration 4565: J=3.5670e-05, Jf=3.5670e-05, Jcp =2.0558e-12, |dJ|=7.7697e-11, |dJcp|=2.8676e-12
Iteration 4570: J=3.5670e-05, Jf=3.5670e-05, Jcp =2.1564e-12, |dJ|=9.7038e-10, |dJcp|=2.9369e-12
Iteration 4575: J=3.5670e-05, Jf=3.5670e-05, Jcp =2.5455e-11, |dJ|=8.4780e-09, |dJcp|=1.0091e-11
Iteration 4580: J=3.5670e-05, Jf=3.5670e-05, Jcp =8.8622e-11, |dJ|=1.5069e-11, |dJcp|=1.8828e-11
Iteration 4585: J=3.5670e-05, Jf=3.5670e-05, Jcp =8.6071e-11, |dJ|=8.9482e-11, |dJcp|=1.8555e-11
Iteration 4590: J=3.5670e-05, Jf=3.5670e-05, Jcp =2.1600e-11, |dJ|=8.5093e-10, |dJcp|=9.2951e-12
Iteration 4595: J=3.5670e-05, Jf=3.5670e-05, Jcp =1.9774e-11, |dJ|=9.9126e-11, |dJcp|=8.8936e-12
Iteration 4600: J=3.5670e-05, Jf=3.5670e-05, Jcp =1.9335e-11, |dJ|=2.9641e-11, |dJcp|=8.7942e-12
Iteration 4605: J=3.5670e-05, Jf=3.5670e-05, Jcp =1.8825e-11, |dJ|=4.4800e-10, |dJcp|=8.6776e-12
Iteration 4610: J=3.5670e-05, Jf=3.5670e-05, Jcp =1.3724e-11, |dJ|=5.0907e-09, |dJcp|=7.4092e-12
Iteration 4615: J=3.5669e-05, Jf=3.5669e-05, Jcp =3.9456e-12, |dJ|=5.7317e-08, |dJcp|=3.9727e-12
Iteration 4620: J=3.5649e-05, Jf=3.5649e-05, Jcp =5.5210e-11, |dJ|=2.1830e-07, |dJcp|=1.4861e-11
Iteration 4625: J=3.7903e-05, Jf=3.5628e-05, Jcp =2.2752e-06, |dJ|=2.9131e-07, |dJcp|=3.0167e-09
Iteration 4630: J=3.5647e-05, Jf=3.5647e-05, Jcp =6.1679e-11, |dJ|=2.2449e-07, |dJcp|=1.5707e-11
Iteration 4635: J=3.5647e-05, Jf=3.5644e-05, Jcp =2.9285e-09, |dJ|=2.3512e-07, |dJcp|=1.0823e-10
Iteration 4640: J=3.5645e-05, Jf=3.5644e-05, Jcp =1.9413e-10, |dJ|=2.3294e-07, |dJcp|=2.7866e-11
Iteration 4645: J=3.5624e-05, Jf=3.5624e-05, Jcp =1.6120e-10, |dJ|=6.3208e-09, |dJcp|=2.5393e-11
Iteration 4650: J=3.5655e-05, Jf=3.5622e-05, Jcp =3.3266e-08, |dJ|=7.3205e-09, |dJcp|=3.6478e-10
Iteration 4655: J=3.5624e-05, Jf=3.5623e-05, Jcp =6.2157e-10, |dJ|=1.2132e-08, |dJcp|=4.9863e-11
Iteration 4660: J=3.5649e-05, Jf=3.5622e-05, Jcp =2.6362e-08, |dJ|=5.0600e-09, |dJcp|=3.2473e-10
Iteration 4665: J=3.5624e-05, Jf=3.5623e-05, Jcp =6.6096e-10, |dJ|=1.1642e-08, |dJcp|=5.1418e-11
Iteration 4670: J=3.5624e-05, Jf=3.5623e-05, Jcp =8.9637e-10, |dJ|=1.0752e-08, |dJcp|=5.9879e-11
Iteration 4675: J=3.5624e-05, Jf=3.5623e-05, Jcp =6.8441e-10, |dJ|=1.1251e-08, |dJcp|=5.2323e-11
Iteration 4680: J=3.5623e-05, Jf=3.5623e-05, Jcp =5.2840e-10, |dJ|=6.5076e-09, |dJcp|=4.5974e-11
Iteration 4685: J=3.5623e-05, Jf=3.5623e-05, Jcp =2.3094e-10, |dJ|=2.2025e-10, |dJcp|=3.0393e-11
Iteration 4690: J=3.5623e-05, Jf=3.5623e-05, Jcp =2.4040e-10, |dJ|=1.0733e-09, |dJcp|=3.1010e-11
Iteration 4695: J=3.5623e-05, Jf=3.5623e-05, Jcp =3.7381e-10, |dJ|=1.3726e-08, |dJcp|=3.8668e-11
Iteration 4700: J=3.5623e-05, Jf=3.5623e-05, Jcp =8.1452e-10, |dJ|=1.7960e-08, |dJcp|=5.7079e-11
Iteration 4705: J=3.5623e-05, Jf=3.5623e-05, Jcp =4.0436e-10, |dJ|=1.5906e-08, |dJcp|=4.0217e-11
Iteration 4710: J=3.5622e-05, Jf=3.5622e-05, Jcp =1.3121e-10, |dJ|=9.3081e-10, |dJcp|=2.2910e-11
Iteration 4715: J=3.5606e-05, Jf=3.5606e-05, Jcp =1.1218e-10, |dJ|=1.6031e-07, |dJcp|=2.1183e-11
Iteration 4720: J=3.5115e-05, Jf=3.5115e-05, Jcp =8.1277e-12, |dJ|=2.8819e-07, |dJcp|=5.7018e-12
Iteration 4725: J=3.5074e-05, Jf=3.5074e-05, Jcp =1.4939e-12, |dJ|=2.8773e-09, |dJcp|=2.4445e-12
Iteration 4730: J=3.5070e-05, Jf=3.5070e-05, Jcp =4.2104e-12, |dJ|=1.7632e-08, |dJcp|=4.1039e-12
Iteration 4735: J=3.7376e-05, Jf=3.5060e-05, Jcp =2.3160e-06, |dJ|=2.7887e-08, |dJcp|=3.0437e-09
Iteration 4740: J=3.5068e-05, Jf=3.5068e-05, Jcp =4.6022e-12, |dJ|=1.9295e-08, |dJcp|=4.2905e-12
Iteration 4745: J=3.5067e-05, Jf=3.5066e-05, Jcp =6.4792e-11, |dJ|=2.0610e-08, |dJcp|=1.6099e-11
Iteration 4750: J=3.5082e-05, Jf=3.5059e-05, Jcp =2.2463e-08, |dJ|=1.5877e-08, |dJcp|=2.9976e-10
Iteration 4755: J=3.5061e-05, Jf=3.5061e-05, Jcp =1.8117e-12, |dJ|=1.0406e-08, |dJcp|=2.6920e-12
Iteration 4760: J=3.7118e-05, Jf=3.5052e-05, Jcp =2.0658e-06, |dJ|=2.0425e-08, |dJcp|=2.8746e-09
Iteration 4765: J=3.5060e-05, Jf=3.5060e-05, Jcp =1.5543e-12, |dJ|=1.0143e-08, |dJcp|=2.4934e-12
Iteration 4770: J=3.5084e-05, Jf=3.5059e-05, Jcp =2.5573e-08, |dJ|=1.0248e-08, |dJcp|=3.1983e-10
Iteration 4775: J=3.5060e-05, Jf=3.5060e-05, Jcp =2.2600e-12, |dJ|=1.0124e-08, |dJcp|=3.0066e-12
Iteration 4780: J=3.5060e-05, Jf=3.5060e-05, Jcp =1.6020e-11, |dJ|=1.0725e-09, |dJcp|=8.0050e-12
Iteration 4785: J=3.5059e-05, Jf=3.5059e-05, Jcp =3.8814e-12, |dJ|=1.0375e-08, |dJcp|=3.9402e-12
Iteration 4790: J=3.5040e-05, Jf=3.5040e-05, Jcp =0.0000e+00, |dJ|=4.2605e-08, |dJcp|=0.0000e+00
Iteration 4795: J=3.8196e-05, Jf=3.5029e-05, Jcp =3.1674e-06, |dJ|=5.0551e-08, |dJcp|=3.5594e-09
Iteration 4800: J=3.5035e-05, Jf=3.5035e-05, Jcp =0.0000e+00, |dJ|=4.6490e-08, |dJcp|=0.0000e+00
Iteration 4805: J=3.5033e-05, Jf=3.5033e-05, Jcp =0.0000e+00, |dJ|=4.7292e-08, |dJcp|=0.0000e+00
Iteration 4810: J=7.1192e-05, Jf=3.5017e-05, Jcp =3.6175e-05, |dJ|=5.5681e-08, |dJcp|=1.2029e-08
Iteration 4815: J=3.5033e-05, Jf=3.5033e-05, Jcp =0.0000e+00, |dJ|=4.7300e-08, |dJcp|=0.0000e+00
Iteration 4820: J=3.5560e-05, Jf=3.5031e-05, Jcp =5.2886e-07, |dJ|=4.8208e-08, |dJcp|=1.4544e-09
Iteration 4825: J=3.5033e-05, Jf=3.5033e-05, Jcp =0.0000e+00, |dJ|=4.7282e-08, |dJcp|=0.0000e+00
Iteration 4830: J=3.5033e-05, Jf=3.5033e-05, Jcp =0.0000e+00, |dJ|=4.0203e-08, |dJcp|=0.0000e+00
Iteration 4835: J=3.5033e-05, Jf=3.5033e-05, Jcp =0.0000e+00, |dJ|=4.7430e-11, |dJcp|=0.0000e+00
Iteration 4840: J=3.5033e-05, Jf=3.5033e-05, Jcp =0.0000e+00, |dJ|=1.7095e-11, |dJcp|=0.0000e+00
Iteration 4845: J=3.5033e-05, Jf=3.5033e-05, Jcp =0.0000e+00, |dJ|=3.0493e-10, |dJcp|=0.0000e+00
Iteration 4850: J=3.5033e-05, Jf=3.5033e-05, Jcp =0.0000e+00, |dJ|=3.5171e-09, |dJcp|=0.0000e+00
Iteration 4855: J=3.5033e-05, Jf=3.5033e-05, Jcp =1.6402e-11, |dJ|=1.6161e-08, |dJcp|=8.0998e-12
Iteration 4860: J=3.5033e-05, Jf=3.5032e-05, Jcp =3.9713e-11, |dJ|=4.1862e-11, |dJcp|=1.2604e-11
Iteration 4865: J=3.5033e-05, Jf=3.5032e-05, Jcp =3.9711e-11, |dJ|=6.9414e-10, |dJcp|=1.2603e-11
Iteration 4870: J=3.5032e-05, Jf=3.5032e-05, Jcp =4.0114e-11, |dJ|=7.6956e-09, |dJcp|=1.2667e-11
Iteration 4875: J=3.5033e-05, Jf=3.5032e-05, Jcp =1.2659e-09, |dJ|=1.4608e-08, |dJcp|=7.1158e-11
Iteration 4880: J=3.5032e-05, Jf=3.5032e-05, Jcp =3.4675e-11, |dJ|=1.7003e-10, |dJcp|=1.1777e-11
Iteration 4885: J=3.5032e-05, Jf=3.5032e-05, Jcp =3.3622e-11, |dJ|=6.0334e-11, |dJcp|=1.1597e-11
Iteration 4890: J=3.5032e-05, Jf=3.5032e-05, Jcp =3.4659e-11, |dJ|=8.2316e-10, |dJcp|=1.1774e-11
Iteration 4895: J=3.5032e-05, Jf=3.5032e-05, Jcp =4.1444e-11, |dJ|=3.6923e-09, |dJcp|=1.2875e-11
Iteration 4900: J=3.4935e-05, Jf=3.4877e-05, Jcp =5.8341e-08, |dJ|=2.8957e-08, |dJcp|=4.8308e-10
Iteration 4905: J=3.4459e-05, Jf=3.4459e-05, Jcp =3.3391e-11, |dJ|=2.4000e-09, |dJcp|=1.1557e-11
Iteration 4910: J=3.4458e-05, Jf=3.4458e-05, Jcp =4.0651e-11, |dJ|=1.1717e-08, |dJcp|=1.2752e-11
Iteration 4915: J=3.4458e-05, Jf=3.4458e-05, Jcp =9.1973e-11, |dJ|=2.0139e-08, |dJcp|=1.9180e-11
Iteration 4920: J=3.4474e-05, Jf=3.4457e-05, Jcp =1.6522e-08, |dJ|=2.2769e-08, |dJcp|=2.5708e-10
Iteration 4925: J=3.4457e-05, Jf=3.4457e-05, Jcp =3.1132e-10, |dJ|=3.0832e-09, |dJcp|=3.5289e-11
Iteration 4930: J=3.4457e-05, Jf=3.4457e-05, Jcp =1.1340e-11, |dJ|=1.2559e-09, |dJcp|=6.7351e-12
Iteration 4935: J=3.4457e-05, Jf=3.4457e-05, Jcp =9.0372e-12, |dJ|=4.3470e-12, |dJcp|=6.0124e-12
Iteration 4940: J=3.4457e-05, Jf=3.4457e-05, Jcp =9.0719e-12, |dJ|=1.6692e-10, |dJcp|=6.0239e-12
Iteration 4945: J=3.4457e-05, Jf=3.4457e-05, Jcp =9.4827e-12, |dJ|=2.1147e-09, |dJcp|=6.1588e-12
Iteration 4950: J=3.4456e-05, Jf=3.4456e-05, Jcp =1.5512e-11, |dJ|=2.3690e-08, |dJcp|=7.8771e-12
Iteration 4955: J=3.4367e-05, Jf=3.4366e-05, Jcp =2.5057e-10, |dJ|=2.5565e-07, |dJcp|=3.1659e-11
Iteration 4960: J=3.4087e-05, Jf=3.4087e-05, Jcp =7.2350e-10, |dJ|=4.6579e-07, |dJcp|=5.3796e-11
Iteration 4965: J=1.2880e-04, Jf=3.3747e-05, Jcp =9.5056e-05, |dJ|=5.6041e-07, |dJcp|=1.9499e-08
Iteration 4970: J=3.3903e-05, Jf=3.3902e-05, Jcp =8.6368e-10, |dJ|=5.1418e-07, |dJcp|=5.8777e-11
Iteration 4975: J=1.7656e-03, Jf=3.3361e-05, Jcp =1.7323e-03, |dJ|=5.9762e-07, |dJcp|=8.3241e-08
Iteration 4980: J=3.3902e-05, Jf=3.3901e-05, Jcp =8.6407e-10, |dJ|=5.1431e-07, |dJcp|=5.8790e-11
Iteration 4985: J=3.6249e-05, Jf=3.3810e-05, Jcp =2.4390e-06, |dJ|=5.2604e-07, |dJcp|=3.1234e-09
Iteration 4990: J=3.3903e-05, Jf=3.3902e-05, Jcp =8.6365e-10, |dJ|=5.1417e-07, |dJcp|=5.8776e-11
Iteration 4995: J=3.3902e-05, Jf=3.3901e-05, Jcp =8.6365e-10, |dJ|=5.1165e-07, |dJcp|=5.8776e-11
Iteration 5000: J=3.3608e-05, Jf=3.3607e-05, Jcp =8.6364e-10, |dJ|=1.6276e-07, |dJcp|=5.8776e-11
Iteration 5005: J=3.3594e-05, Jf=3.3593e-05, Jcp =8.6363e-10, |dJ|=1.5624e-10, |dJcp|=5.8775e-11
Iteration 5010: J=3.3594e-05, Jf=3.3593e-05, Jcp =8.6331e-10, |dJ|=5.2165e-10, |dJcp|=5.8764e-11
Iteration 5015: J=3.3594e-05, Jf=3.3593e-05, Jcp =8.1801e-10, |dJ|=6.8254e-09, |dJcp|=5.7202e-11
Iteration 5020: J=3.3593e-05, Jf=3.3593e-05, Jcp =5.1163e-12, |dJ|=1.1306e-08, |dJcp|=4.5239e-12
Iteration 5025: J=3.3593e-05, Jf=3.3593e-05, Jcp =6.0381e-12, |dJ|=1.1006e-11, |dJcp|=4.9145e-12
Iteration 5030: J=3.3593e-05, Jf=3.3593e-05, Jcp =5.9693e-12, |dJ|=1.1424e-10, |dJcp|=4.8864e-12
Iteration 5035: J=3.3593e-05, Jf=3.3593e-05, Jcp =5.2560e-12, |dJ|=1.5044e-09, |dJcp|=4.5852e-12
Iteration 5040: J=3.3593e-05, Jf=3.3593e-05, Jcp =3.5902e-12, |dJ|=1.6917e-08, |dJcp|=3.7896e-12
Iteration 5045: J=3.3573e-05, Jf=3.3572e-05, Jcp =8.4066e-10, |dJ|=1.8709e-07, |dJcp|=5.7988e-11
Iteration 5050: J=3.3431e-05, Jf=3.3373e-05, Jcp =5.8433e-08, |dJ|=3.3365e-07, |dJcp|=4.8346e-10
Iteration 5055: J=3.3782e-05, Jf=3.3300e-05, Jcp =4.8193e-07, |dJ|=2.5986e-07, |dJcp|=1.3884e-09
Iteration 5060: J=3.3412e-05, Jf=3.3342e-05, Jcp =6.9956e-08, |dJ|=3.0283e-07, |dJcp|=5.2899e-10
Iteration 5065: J=3.3754e-05, Jf=3.3293e-05, Jcp =4.6107e-07, |dJ|=2.2928e-07, |dJcp|=1.3580e-09
Iteration 5070: J=3.3363e-05, Jf=3.3292e-05, Jcp =7.1214e-08, |dJ|=3.8257e-09, |dJcp|=5.3372e-10
Iteration 5075: J=3.3359e-05, Jf=3.3288e-05, Jcp =7.0780e-08, |dJ|=1.7961e-08, |dJcp|=5.3209e-10
Iteration 5080: J=3.3279e-05, Jf=3.3273e-05, Jcp =6.0832e-09, |dJ|=2.2228e-08, |dJcp|=1.5599e-10
Iteration 5085: J=3.3533e-05, Jf=3.3267e-05, Jcp =2.6624e-07, |dJ|=5.3293e-09, |dJcp|=1.0320e-09
Iteration 5090: J=3.3270e-05, Jf=3.3269e-05, Jcp =7.4798e-10, |dJ|=1.5511e-08, |dJcp|=5.4699e-11
Iteration 5095: J=3.3291e-05, Jf=3.3268e-05, Jcp =2.3163e-08, |dJ|=8.8605e-09, |dJcp|=3.0439e-10
Iteration 5100: J=3.3269e-05, Jf=3.3269e-05, Jcp =6.8836e-10, |dJ|=1.2484e-08, |dJcp|=5.2473e-11
Iteration 5105: J=1.9818e-04, Jf=3.3235e-05, Jcp =1.6494e-04, |dJ|=1.5194e-07, |dJcp|=2.5686e-08
Iteration 5110: J=3.3269e-05, Jf=3.3268e-05, Jcp =6.8341e-10, |dJ|=1.2076e-08, |dJcp|=5.2284e-11
Iteration 5115: J=3.3269e-05, Jf=3.3269e-05, Jcp =4.9006e-10, |dJ|=3.6980e-10, |dJcp|=4.4275e-11
Iteration 5120: J=3.3269e-05, Jf=3.3269e-05, Jcp =4.1798e-10, |dJ|=9.6428e-09, |dJcp|=4.0889e-11
Iteration 5125: J=3.3263e-05, Jf=3.3262e-05, Jcp =7.5565e-10, |dJ|=1.0325e-07, |dJcp|=5.4978e-11
Iteration 5130: J=3.3051e-05, Jf=3.3048e-05, Jcp =2.2730e-09, |dJ|=1.9156e-07, |dJcp|=9.5352e-11
Iteration 5135: J=3.3034e-05, Jf=3.3034e-05, Jcp =3.6184e-12, |dJ|=4.3543e-11, |dJcp|=3.8044e-12
Iteration 5140: J=3.3034e-05, Jf=3.3034e-05, Jcp =6.6606e-12, |dJ|=3.0220e-09, |dJcp|=5.1616e-12
Iteration 5145: J=3.3034e-05, Jf=3.3034e-05, Jcp =2.4059e-11, |dJ|=1.3228e-08, |dJcp|=9.8100e-12
Iteration 5150: J=3.3034e-05, Jf=3.3034e-05, Jcp =2.4340e-11, |dJ|=1.3353e-08, |dJcp|=9.8671e-12
Iteration 5155: J=3.3034e-05, Jf=3.3034e-05, Jcp =8.8470e-11, |dJ|=1.3403e-08, |dJcp|=1.8812e-11
Iteration 5160: J=3.3034e-05, Jf=3.3034e-05, Jcp =2.4373e-11, |dJ|=1.3368e-08, |dJcp|=9.8737e-12
Iteration 5165: J=3.3034e-05, Jf=3.3034e-05, Jcp =1.4498e-10, |dJ|=1.3400e-08, |dJcp|=2.4081e-11
Iteration 5170: J=3.3034e-05, Jf=3.3034e-05, Jcp =2.4375e-11, |dJ|=1.3369e-08, |dJcp|=9.8743e-12
Iteration 5175: J=3.3034e-05, Jf=3.3034e-05, Jcp =2.5087e-11, |dJ|=1.3373e-08, |dJcp|=1.0017e-11
Iteration 5180: J=3.3034e-05, Jf=3.3034e-05, Jcp =2.4384e-11, |dJ|=1.3371e-08, |dJcp|=9.8761e-12
STOP: TOTAL NO. OF ITERATIONS REACHED LIMIT
Saving results to /burg-archive/home/tg2998/simsopt/examples/outputs/TG_warmstarter_stage2results_unfixed_True/TF_a_0.325...
Warning: coils_to_vtk will not save forces and torques for coils that do not have a model for their cross section. Please use the RegularizedCoil class.

---> Running optimization for TF_a = 0.350
---> Saving outputs to: /burg-archive/home/tg2998/simsopt/examples/outputs/TG_warmstarter_stage2results_unfixed_True/TF_a_0.350

Warning: coils_to_vtk will not save forces and torques for coils that do not have a model for their cross section. Please use the RegularizedCoil class.
     Number of Toroidal Dipoles: 8
     Number of Poroidal Dipoles: 10
Initialized 10x8 (npol x ntor) windowpane coils with Rpol=0.058, Rtor_min=0.050, Rtor_max=0.102

===== Starting optimization =====
Current337:x0 1
Current338:x0 1
Current339:x0 1
Current340:x0 1
Current341:x0 1
Current342:x0 1
Current343:x0 1
Current344:x0 1
Current345:x0 1
Current346:x0 1
Current347:x0 1
Current348:x0 1
Current349:x0 1
Current350:x0 1
Current351:x0 1
Current352:x0 1
Current353:x0 1
Current354:x0 1
Current355:x0 1
Current356:x0 1
Current357:x0 1
Current358:x0 1
Current359:x0 1
Current360:x0 1
Current361:x0 1
Current362:x0 1
Current363:x0 1
Current364:x0 1
Current365:x0 1
Current366:x0 1
Current367:x0 1
Current368:x0 1
Current369:x0 1
Current370:x0 1
Current371:x0 1
Current372:x0 1
Current373:x0 1
Current374:x0 1
Current375:x0 1
Current376:x0 1
Current377:x0 1
Current378:x0 1
Current379:x0 1
Current380:x0 1
Current381:x0 1
Current382:x0 1
Current383:x0 1
Current384:x0 1
Current385:x0 1
Current386:x0 1
Current387:x0 1
Current388:x0 1
Current389:x0 1
Current390:x0 1
Current391:x0 1
Current392:x0 1
Current393:x0 1
Current394:x0 1
Current395:x0 1
Current396:x0 1
Current397:x0 1
Current398:x0 1
Current399:x0 1
Current400:x0 1
Current401:x0 1
Current402:x0 1
Current403:x0 1
Current404:x0 1
Current405:x0 1
Current406:x0 1
Current407:x0 1
Current408:x0 1
Current409:x0 1
Current410:x0 1
Current411:x0 1
Current412:x0 1
Current413:x0 1
Current414:x0 1
Current415:x0 1
Current416:x0 1
Current417:x0 1
Current418:x0 1
Current419:x0 1
Current420:x0 1
Iteration 5: J=1.4245e-03, Jf=1.4245e-03, Jcp =0.0000e+00, |dJ|=6.6349e-11, |dJcp|=0.0000e+00
Iteration 10: J=1.4245e-03, Jf=1.4245e-03, Jcp =0.0000e+00, |dJ|=7.3136e-14, |dJcp|=0.0000e+00
Iteration 15: J=1.4245e-03, Jf=1.4245e-03, Jcp =0.0000e+00, |dJ|=4.9014e-12, |dJcp|=0.0000e+00
Iteration 20: J=1.4245e-03, Jf=1.4245e-03, Jcp =0.0000e+00, |dJ|=6.6885e-11, |dJcp|=0.0000e+00
Iteration 25: J=1.3072e+02, Jf=1.4229e-03, Jcp =1.3071e+02, |dJ|=2.2866e-05, |dJcp|=2.2866e-05
Iteration 30: J=1.4237e-03, Jf=1.4237e-03, Jcp =0.0000e+00, |dJ|=4.8709e-10, |dJcp|=0.0000e+00
Iteration 35: J=1.4236e-03, Jf=1.4236e-03, Jcp =0.0000e+00, |dJ|=4.9096e-10, |dJcp|=0.0000e+00
Iteration 40: J=1.4236e-03, Jf=1.4236e-03, Jcp =0.0000e+00, |dJ|=4.9235e-10, |dJcp|=0.0000e+00
Iteration 45: J=1.8306e+03, Jf=1.4214e-03, Jcp =1.8306e+03, |dJ|=8.5571e-05, |dJcp|=8.5571e-05
Iteration 50: J=7.6779e+01, Jf=1.4228e-03, Jcp =7.6778e+01, |dJ|=1.7525e-05, |dJcp|=1.7525e-05
Iteration 55: J=1.4236e-03, Jf=1.4236e-03, Jcp =0.0000e+00, |dJ|=4.9235e-10, |dJcp|=0.0000e+00
Iteration 60: J=1.4236e-03, Jf=1.4236e-03, Jcp =0.0000e+00, |dJ|=4.9235e-10, |dJcp|=0.0000e+00
Iteration 65: J=1.4236e-03, Jf=1.4236e-03, Jcp =0.0000e+00, |dJ|=4.9235e-10, |dJcp|=0.0000e+00
Iteration 70: J=1.4236e-03, Jf=1.4236e-03, Jcp =0.0000e+00, |dJ|=4.9235e-10, |dJcp|=0.0000e+00
Iteration 75: J=1.4236e-03, Jf=1.4236e-03, Jcp =0.0000e+00, |dJ|=4.9235e-10, |dJcp|=0.0000e+00
Iteration 80: J=1.4236e-03, Jf=1.4236e-03, Jcp =0.0000e+00, |dJ|=4.9155e-10, |dJcp|=0.0000e+00
Iteration 85: J=1.4229e-03, Jf=1.4229e-03, Jcp =0.0000e+00, |dJ|=2.5039e-11, |dJcp|=0.0000e+00
Iteration 90: J=1.4226e-03, Jf=1.4226e-03, Jcp =0.0000e+00, |dJ|=1.4655e-09, |dJcp|=0.0000e+00
Iteration 95: J=1.4220e-03, Jf=1.4220e-03, Jcp =0.0000e+00, |dJ|=2.5582e-09, |dJcp|=0.0000e+00
Iteration 100: J=1.4886e-03, Jf=1.4886e-03, Jcp =0.0000e+00, |dJ|=6.0804e-08, |dJcp|=0.0000e+00
Iteration 105: J=1.4215e-03, Jf=1.4215e-03, Jcp =0.0000e+00, |dJ|=6.5882e-09, |dJcp|=0.0000e+00
Iteration 110: J=1.4212e-03, Jf=1.4212e-03, Jcp =0.0000e+00, |dJ|=8.8740e-09, |dJcp|=0.0000e+00
Iteration 115: J=1.4196e-03, Jf=1.4196e-03, Jcp =0.0000e+00, |dJ|=2.6988e-08, |dJcp|=0.0000e+00
Iteration 120: J=1.4197e-03, Jf=1.4197e-03, Jcp =0.0000e+00, |dJ|=5.5751e-08, |dJcp|=0.0000e+00
Iteration 125: J=1.4146e-03, Jf=1.4146e-03, Jcp =0.0000e+00, |dJ|=8.5828e-08, |dJcp|=0.0000e+00
Iteration 130: J=1.4781e-03, Jf=1.4781e-03, Jcp =0.0000e+00, |dJ|=4.8412e-08, |dJcp|=0.0000e+00
Iteration 135: J=1.4049e-03, Jf=1.4049e-03, Jcp =0.0000e+00, |dJ|=5.4773e-07, |dJcp|=0.0000e+00
Iteration 140: J=1.4016e-03, Jf=1.4016e-03, Jcp =0.0000e+00, |dJ|=6.2325e-07, |dJcp|=0.0000e+00
Iteration 145: J=1.4915e-03, Jf=1.4915e-03, Jcp =0.0000e+00, |dJ|=6.6433e-08, |dJcp|=0.0000e+00
Iteration 150: J=1.6583e-03, Jf=1.6583e-03, Jcp =0.0000e+00, |dJ|=3.0710e-07, |dJcp|=0.0000e+00
Iteration 155: J=1.3717e-03, Jf=1.3717e-03, Jcp =0.0000e+00, |dJ|=3.7508e-06, |dJcp|=0.0000e+00
Iteration 160: J=1.3447e-03, Jf=1.3447e-03, Jcp =0.0000e+00, |dJ|=5.2748e-06, |dJcp|=0.0000e+00
Iteration 165: J=1.7761e-03, Jf=1.7761e-03, Jcp =0.0000e+00, |dJ|=7.7050e-07, |dJcp|=0.0000e+00
Iteration 170: J=2.4243e-03, Jf=2.4243e-03, Jcp =0.0000e+00, |dJ|=3.8274e-06, |dJcp|=0.0000e+00
Iteration 175: J=7.1099e-03, Jf=7.1099e-03, Jcp =0.0000e+00, |dJ|=5.6534e-05, |dJcp|=0.0000e+00
Iteration 180: J=9.4612e-04, Jf=9.4612e-04, Jcp =0.0000e+00, |dJ|=1.8412e-05, |dJcp|=0.0000e+00
Iteration 185: J=5.8282e-02, Jf=5.8282e-02, Jcp =0.0000e+00, |dJ|=5.9709e-04, |dJcp|=0.0000e+00
Iteration 190: J=1.2690e-03, Jf=1.2690e-03, Jcp =0.0000e+00, |dJ|=2.5737e-05, |dJcp|=0.0000e+00
Iteration 195: J=2.7580e-04, Jf=2.7580e-04, Jcp =0.0000e+00, |dJ|=3.8008e-07, |dJcp|=0.0000e+00
Iteration 200: J=2.7534e-04, Jf=2.7534e-04, Jcp =0.0000e+00, |dJ|=8.7958e-11, |dJcp|=0.0000e+00
Iteration 205: J=2.7534e-04, Jf=2.7534e-04, Jcp =0.0000e+00, |dJ|=3.3816e-10, |dJcp|=0.0000e+00
Iteration 210: J=2.7534e-04, Jf=2.7534e-04, Jcp =0.0000e+00, |dJ|=4.4382e-09, |dJcp|=0.0000e+00
Iteration 215: J=2.7534e-04, Jf=2.7534e-04, Jcp =0.0000e+00, |dJ|=4.9990e-08, |dJcp|=0.0000e+00
Iteration 220: J=2.7491e-04, Jf=2.7491e-04, Jcp =0.0000e+00, |dJ|=5.6059e-07, |dJcp|=0.0000e+00
Iteration 225: J=3.2900e-04, Jf=2.6868e-04, Jcp =6.0325e-05, |dJ|=2.1664e-06, |dJcp|=1.5534e-08
Iteration 230: J=2.7036e-04, Jf=2.7036e-04, Jcp =0.0000e+00, |dJ|=1.8244e-06, |dJcp|=0.0000e+00
Iteration 235: J=7.0411e-04, Jf=2.6663e-04, Jcp =4.3748e-04, |dJ|=2.2069e-06, |dJcp|=4.1832e-08
Iteration 240: J=2.6940e-04, Jf=2.6940e-04, Jcp =0.0000e+00, |dJ|=1.9174e-06, |dJcp|=0.0000e+00
Iteration 245: J=2.6899e-04, Jf=2.6899e-04, Jcp =0.0000e+00, |dJ|=1.9587e-06, |dJcp|=0.0000e+00
Iteration 250: J=2.8568e-02, Jf=2.5047e-04, Jcp =2.8317e-02, |dJ|=3.4844e-06, |dJcp|=3.3655e-07
Iteration 255: J=2.6894e-04, Jf=2.6894e-04, Jcp =1.7415e-09, |dJ|=1.9615e-06, |dJcp|=8.3463e-11
Iteration 260: J=2.6417e-04, Jf=2.6417e-04, Jcp =0.0000e+00, |dJ|=7.5436e-08, |dJcp|=0.0000e+00
Iteration 265: J=2.6447e-04, Jf=2.6399e-04, Jcp =4.7805e-07, |dJ|=1.7781e-07, |dJcp|=1.3828e-09
Iteration 270: J=2.6407e-04, Jf=2.6406e-04, Jcp =7.6392e-09, |dJ|=1.2929e-07, |dJcp|=1.7480e-10
Iteration 275: J=2.6402e-04, Jf=2.6401e-04, Jcp =7.2491e-09, |dJ|=1.0285e-09, |dJcp|=1.7028e-10
Iteration 280: J=2.6402e-04, Jf=2.6401e-04, Jcp =7.3575e-09, |dJ|=1.9142e-08, |dJcp|=1.7155e-10
Iteration 285: J=2.6391e-04, Jf=2.6390e-04, Jcp =8.6121e-09, |dJ|=2.2298e-07, |dJcp|=1.8560e-10
Iteration 290: J=2.5075e-04, Jf=2.5072e-04, Jcp =2.9504e-08, |dJ|=2.7361e-06, |dJcp|=3.4353e-10
Iteration 295: J=2.1610e-04, Jf=2.1605e-04, Jcp =5.2191e-08, |dJ|=4.8110e-06, |dJcp|=4.5691e-10
Iteration 300: J=1.7814e-01, Jf=1.6782e-04, Jcp =1.7797e-01, |dJ|=4.6723e-06, |dJcp|=8.4373e-07
Iteration 305: J=2.1132e-04, Jf=2.1127e-04, Jcp =5.1654e-08, |dJ|=4.7932e-06, |dJcp|=4.5455e-10
Iteration 310: J=2.0399e-04, Jf=2.0312e-04, Jcp =8.7369e-07, |dJ|=4.7615e-06, |dJcp|=1.8694e-09
Iteration 315: J=1.8845e-04, Jf=1.8844e-04, Jcp =2.1725e-09, |dJ|=1.1982e-06, |dJcp|=9.3220e-11
Iteration 320: J=1.8070e-04, Jf=1.8070e-04, Jcp =0.0000e+00, |dJ|=9.3555e-07, |dJcp|=0.0000e+00
Iteration 325: J=2.0074e-04, Jf=1.7819e-04, Jcp =2.2558e-05, |dJ|=1.1884e-06, |dJcp|=9.4990e-09
Iteration 330: J=1.7898e-04, Jf=1.7898e-04, Jcp =0.0000e+00, |dJ|=1.1039e-06, |dJcp|=0.0000e+00
Iteration 335: J=3.3171e-03, Jf=1.7456e-04, Jcp =3.1425e-03, |dJ|=1.3584e-06, |dJcp|=1.1212e-07
Iteration 340: J=1.7895e-04, Jf=1.7895e-04, Jcp =0.0000e+00, |dJ|=1.1058e-06, |dJcp|=0.0000e+00
Iteration 345: J=1.8204e-04, Jf=1.7822e-04, Jcp =3.8209e-06, |dJ|=1.1452e-06, |dJcp|=3.9094e-09
Iteration 350: J=1.7899e-04, Jf=1.7899e-04, Jcp =0.0000e+00, |dJ|=1.1035e-06, |dJcp|=0.0000e+00
Iteration 355: J=1.7889e-04, Jf=1.7889e-04, Jcp =0.0000e+00, |dJ|=1.0642e-06, |dJcp|=0.0000e+00
Iteration 360: J=1.7713e-04, Jf=1.7713e-04, Jcp =0.0000e+00, |dJ|=7.9527e-07, |dJcp|=0.0000e+00
Iteration 365: J=1.7652e-04, Jf=1.7652e-04, Jcp =0.0000e+00, |dJ|=2.7031e-11, |dJcp|=0.0000e+00
Iteration 370: J=1.7652e-04, Jf=1.7652e-04, Jcp =0.0000e+00, |dJ|=6.6579e-10, |dJcp|=0.0000e+00
Iteration 375: J=1.7652e-04, Jf=1.7652e-04, Jcp =0.0000e+00, |dJ|=7.9975e-09, |dJcp|=0.0000e+00
Iteration 380: J=1.7652e-04, Jf=1.7651e-04, Jcp =9.6839e-09, |dJ|=8.9497e-08, |dJcp|=1.9681e-10
Iteration 385: J=1.7650e-04, Jf=1.7650e-04, Jcp =2.7585e-09, |dJ|=1.0338e-10, |dJcp|=1.0504e-10
Iteration 390: J=1.7650e-04, Jf=1.7650e-04, Jcp =2.3467e-09, |dJ|=2.0028e-08, |dJcp|=9.6886e-11
Iteration 395: J=1.7629e-04, Jf=1.7629e-04, Jcp =0.0000e+00, |dJ|=3.3134e-07, |dJcp|=0.0000e+00
Iteration 400: J=7.9021e-04, Jf=1.7497e-04, Jcp =6.1523e-04, |dJ|=9.3377e-07, |dJcp|=4.9608e-08
Iteration 405: J=1.7614e-04, Jf=1.7614e-04, Jcp =0.0000e+00, |dJ|=4.0688e-07, |dJcp|=0.0000e+00
Iteration 410: J=1.7994e-04, Jf=1.7594e-04, Jcp =4.0029e-06, |dJ|=4.7192e-07, |dJcp|=4.0014e-09
Iteration 415: J=1.7607e-04, Jf=1.7607e-04, Jcp =0.0000e+00, |dJ|=4.2851e-07, |dJcp|=0.0000e+00
Iteration 420: J=1.8210e-04, Jf=1.7575e-04, Jcp =6.3434e-06, |dJ|=3.8356e-07, |dJcp|=5.0372e-09
Iteration 425: J=1.7573e-04, Jf=1.7573e-04, Jcp =1.9977e-09, |dJ|=4.9123e-09, |dJcp|=8.9391e-11
Iteration 430: J=1.7580e-04, Jf=1.7573e-04, Jcp =7.6661e-08, |dJ|=2.0668e-08, |dJcp|=5.5376e-10
Iteration 435: J=1.7573e-04, Jf=1.7573e-04, Jcp =1.9937e-09, |dJ|=1.2165e-08, |dJcp|=8.9303e-11
Iteration 440: J=1.7573e-04, Jf=1.7573e-04, Jcp =2.1262e-09, |dJ|=1.3489e-08, |dJcp|=9.2221e-11
Iteration 445: J=1.7573e-04, Jf=1.7573e-04, Jcp =2.0079e-09, |dJ|=2.7358e-08, |dJcp|=8.9619e-11
Iteration 450: J=1.7568e-04, Jf=1.7568e-04, Jcp =2.0509e-09, |dJ|=1.0922e-07, |dJcp|=9.0575e-11
Iteration 455: J=1.6961e-04, Jf=1.6961e-04, Jcp =2.2476e-09, |dJ|=1.5759e-06, |dJcp|=9.4818e-11
Iteration 460: J=6.5762e-03, Jf=1.4618e-04, Jcp =6.4300e-03, |dJ|=3.0668e-06, |dJcp|=1.6038e-07
Iteration 465: J=1.6214e-04, Jf=1.6213e-04, Jcp =2.1150e-09, |dJ|=2.0651e-06, |dJcp|=9.1977e-11
Iteration 470: J=1.5944e-04, Jf=1.5902e-04, Jcp =4.1476e-07, |dJ|=2.2038e-06, |dJcp|=1.2880e-09
Iteration 475: J=3.2811e-02, Jf=1.2879e-04, Jcp =3.2682e-02, |dJ|=3.2120e-06, |dJcp|=3.6157e-07
Iteration 480: J=1.5916e-04, Jf=1.5916e-04, Jcp =2.0461e-09, |dJ|=2.1937e-06, |dJcp|=9.0467e-11
Iteration 485: J=1.5441e-04, Jf=1.5433e-04, Jcp =8.6665e-08, |dJ|=1.5289e-06, |dJcp|=5.8878e-10
Iteration 490: J=2.4257e-04, Jf=1.4839e-04, Jcp =9.4181e-05, |dJ|=8.2524e-07, |dJcp|=1.9409e-08
Iteration 495: J=1.5002e-04, Jf=1.5002e-04, Jcp =5.3302e-11, |dJ|=1.7476e-07, |dJcp|=1.4602e-11
Iteration 500: J=1.5063e-04, Jf=1.4971e-04, Jcp =9.2393e-07, |dJ|=2.6092e-07, |dJcp|=1.9224e-09
Iteration 505: J=1.4982e-04, Jf=1.4980e-04, Jcp =1.8115e-08, |dJ|=7.3346e-10, |dJcp|=2.6918e-10
Iteration 510: J=1.4982e-04, Jf=1.4980e-04, Jcp =1.8140e-08, |dJ|=3.4753e-09, |dJcp|=2.6937e-10
Iteration 515: J=1.4980e-04, Jf=1.4978e-04, Jcp =2.0024e-08, |dJ|=7.3419e-08, |dJcp|=2.8302e-10
Iteration 520: J=1.4796e-04, Jf=1.4778e-04, Jcp =1.7935e-07, |dJ|=7.8677e-07, |dJcp|=8.4699e-10
Iteration 525: J=1.0296e-04, Jf=1.0271e-04, Jcp =2.5149e-07, |dJ|=9.3529e-07, |dJcp|=1.0030e-09
Iteration 530: J=9.9687e-05, Jf=9.9687e-05, Jcp =8.3026e-12, |dJ|=2.2940e-09, |dJcp|=5.7628e-12
Iteration 535: J=9.9687e-05, Jf=9.9687e-05, Jcp =3.3131e-11, |dJ|=1.8599e-09, |dJcp|=1.1512e-11
Iteration 540: J=9.9687e-05, Jf=9.9687e-05, Jcp =3.7020e-11, |dJ|=5.3628e-10, |dJcp|=1.2169e-11
Iteration 545: J=9.9687e-05, Jf=9.9687e-05, Jcp =8.7056e-12, |dJ|=3.1479e-09, |dJcp|=5.9011e-12
Iteration 550: J=9.9676e-05, Jf=9.9676e-05, Jcp =9.7931e-12, |dJ|=5.3185e-08, |dJcp|=6.2588e-12
Iteration 555: J=9.8384e-05, Jf=9.8384e-05, Jcp =3.1188e-11, |dJ|=5.9907e-07, |dJcp|=1.1169e-11
Iteration 560: J=8.1669e-05, Jf=8.1668e-05, Jcp =8.2610e-11, |dJ|=1.4865e-06, |dJcp|=1.8178e-11
Iteration 565: J=1.0417e-02, Jf=7.5038e-05, Jcp =1.0342e-02, |dJ|=9.4305e-07, |dJcp|=2.0339e-07
Iteration 570: J=7.9064e-05, Jf=7.9064e-05, Jcp =6.7736e-11, |dJ|=1.3048e-06, |dJcp|=1.6460e-11
Iteration 575: J=7.6475e-04, Jf=7.6352e-05, Jcp =6.8840e-04, |dJ|=1.0448e-06, |dJcp|=5.2475e-08
Iteration 580: J=7.7504e-05, Jf=7.7504e-05, Jcp =5.6924e-11, |dJ|=1.1627e-06, |dJcp|=1.5090e-11
Iteration 585: J=8.2306e-03, Jf=7.4753e-05, Jcp =8.1559e-03, |dJ|=8.5100e-07, |dJcp|=1.8062e-07
Iteration 590: J=7.7469e-05, Jf=7.7469e-05, Jcp =5.6661e-11, |dJ|=1.1592e-06, |dJcp|=1.5055e-11
Iteration 595: J=8.1786e-05, Jf=7.6965e-05, Jcp =4.8210e-06, |dJ|=1.1062e-06, |dJcp|=4.3913e-09
Iteration 600: J=7.7505e-05, Jf=7.7505e-05, Jcp =5.6929e-11, |dJ|=1.1628e-06, |dJcp|=1.5090e-11
Iteration 605: J=7.7498e-05, Jf=7.7498e-05, Jcp =5.6929e-11, |dJ|=1.1580e-06, |dJcp|=1.5090e-11
Iteration 610: J=7.6547e-05, Jf=7.6547e-05, Jcp =5.6929e-11, |dJ|=1.4386e-07, |dJcp|=1.5090e-11
Iteration 615: J=7.6445e-05, Jf=7.6444e-05, Jcp =5.6926e-11, |dJ|=2.3763e-10, |dJcp|=1.5090e-11
Iteration 620: J=7.6445e-05, Jf=7.6444e-05, Jcp =5.6901e-11, |dJ|=1.0914e-10, |dJcp|=1.5087e-11
Iteration 625: J=7.6445e-05, Jf=7.6444e-05, Jcp =5.2841e-11, |dJ|=1.5959e-09, |dJcp|=1.4538e-11
Iteration 630: J=7.6444e-05, Jf=7.6444e-05, Jcp =0.0000e+00, |dJ|=5.7527e-09, |dJcp|=0.0000e+00
Iteration 635: J=7.6368e-05, Jf=7.6368e-05, Jcp =0.0000e+00, |dJ|=1.8430e-07, |dJcp|=0.0000e+00
Iteration 640: J=7.9299e-05, Jf=7.5402e-05, Jcp =3.8968e-06, |dJ|=6.9471e-07, |dJcp|=3.9481e-09
Iteration 645: J=7.5644e-05, Jf=7.5644e-05, Jcp =0.0000e+00, |dJ|=5.9809e-07, |dJcp|=0.0000e+00
Iteration 650: J=9.7917e-05, Jf=7.5128e-05, Jcp =2.2789e-05, |dJ|=6.9928e-07, |dJcp|=9.5476e-09
Iteration 655: J=7.5505e-05, Jf=7.5505e-05, Jcp =0.0000e+00, |dJ|=6.2433e-07, |dJcp|=0.0000e+00
Iteration 660: J=7.5464e-05, Jf=7.5444e-05, Jcp =1.9784e-08, |dJ|=6.3604e-07, |dJcp|=2.8131e-10
Iteration 665: J=7.5452e-05, Jf=7.5452e-05, Jcp =3.2187e-10, |dJ|=6.3403e-07, |dJcp|=3.5881e-11
Iteration 670: J=7.4736e-05, Jf=7.4736e-05, Jcp =0.0000e+00, |dJ|=2.3575e-08, |dJcp|=0.0000e+00
Iteration 675: J=7.4720e-05, Jf=7.4718e-05, Jcp =2.5954e-09, |dJ|=7.4228e-10, |dJcp|=1.0189e-10
Iteration 680: J=7.4720e-05, Jf=7.4717e-05, Jcp =2.7646e-09, |dJ|=1.1133e-09, |dJcp|=1.0516e-10
Iteration 685: J=7.4720e-05, Jf=7.4716e-05, Jcp =3.3603e-09, |dJ|=1.5555e-08, |dJcp|=1.1594e-10
Iteration 690: J=7.4660e-05, Jf=7.4646e-05, Jcp =1.3778e-08, |dJ|=1.7717e-07, |dJcp|=2.3476e-10
Iteration 695: J=6.9290e-05, Jf=6.8982e-05, Jcp =3.0756e-07, |dJ|=1.3872e-06, |dJcp|=1.1092e-09
Iteration 700: J=4.8473e-02, Jf=6.4142e-05, Jcp =4.8408e-02, |dJ|=8.6206e-07, |dJcp|=4.4004e-07
Iteration 705: J=7.0184e-05, Jf=6.7679e-05, Jcp =2.5043e-06, |dJ|=1.3057e-06, |dJcp|=3.1650e-09
Iteration 710: J=6.8052e-05, Jf=6.7768e-05, Jcp =2.8405e-07, |dJ|=1.3158e-06, |dJcp|=1.0659e-09
Iteration 715: J=1.4539e-04, Jf=6.7307e-05, Jcp =7.8082e-05, |dJ|=1.2528e-06, |dJcp|=1.7673e-08
Iteration 720: J=6.8027e-05, Jf=6.7744e-05, Jcp =2.8362e-07, |dJ|=1.3129e-06, |dJcp|=1.0651e-09
Iteration 725: J=6.5206e-05, Jf=6.5206e-05, Jcp =2.1727e-10, |dJ|=2.4229e-09, |dJcp|=2.9480e-11
Iteration 730: J=6.5206e-05, Jf=6.5206e-05, Jcp =1.8108e-10, |dJ|=2.8038e-09, |dJcp|=2.6913e-11
Iteration 735: J=6.5206e-05, Jf=6.5206e-05, Jcp =1.9873e-10, |dJ|=5.2936e-09, |dJcp|=2.8194e-11
Iteration 740: J=6.5206e-05, Jf=6.5206e-05, Jcp =2.2076e-10, |dJ|=6.0883e-09, |dJcp|=2.9716e-11
Iteration 745: J=6.5206e-05, Jf=6.5206e-05, Jcp =2.0319e-10, |dJ|=5.9054e-09, |dJcp|=2.8509e-11
Iteration 750: J=6.5219e-05, Jf=6.5206e-05, Jcp =1.3280e-08, |dJ|=7.4768e-09, |dJcp|=2.3048e-10
Iteration 755: J=6.5206e-05, Jf=6.5206e-05, Jcp =2.0334e-10, |dJ|=5.9262e-09, |dJcp|=2.8519e-11
Iteration 760: J=6.5207e-05, Jf=6.5206e-05, Jcp =3.3153e-10, |dJ|=6.1241e-09, |dJcp|=3.6416e-11
Iteration 765: J=6.5206e-05, Jf=6.5206e-05, Jcp =2.0313e-10, |dJ|=5.8976e-09, |dJcp|=2.8505e-11
Iteration 770: J=6.5206e-05, Jf=6.5206e-05, Jcp =2.0313e-10, |dJ|=5.6095e-09, |dJcp|=2.8505e-11
Iteration 775: J=6.5206e-05, Jf=6.5206e-05, Jcp =2.0312e-10, |dJ|=1.5402e-09, |dJcp|=2.8504e-11
Iteration 780: J=6.5206e-05, Jf=6.5206e-05, Jcp =2.0305e-10, |dJ|=1.9748e-10, |dJcp|=2.8499e-11
Iteration 785: J=6.5206e-05, Jf=6.5206e-05, Jcp =1.9366e-10, |dJ|=2.6621e-09, |dJcp|=2.7832e-11
Iteration 790: J=6.5206e-05, Jf=6.5206e-05, Jcp =0.0000e+00, |dJ|=7.0289e-09, |dJcp|=0.0000e+00
Iteration 795: J=6.5206e-05, Jf=6.5206e-05, Jcp =6.2567e-11, |dJ|=2.0882e-08, |dJcp|=1.5820e-11
Iteration 800: J=6.5205e-05, Jf=6.5204e-05, Jcp =1.1114e-09, |dJ|=2.0097e-09, |dJcp|=6.6674e-11
Iteration 805: J=6.5205e-05, Jf=6.5204e-05, Jcp =8.8135e-10, |dJ|=1.1792e-09, |dJcp|=5.9375e-11
Iteration 810: J=6.5202e-05, Jf=6.5202e-05, Jcp =0.0000e+00, |dJ|=1.8294e-08, |dJcp|=0.0000e+00
Iteration 815: J=6.3834e-05, Jf=6.3834e-05, Jcp =0.0000e+00, |dJ|=6.7808e-07, |dJcp|=0.0000e+00
Iteration 820: J=3.9649e-04, Jf=6.3012e-05, Jcp =3.3348e-04, |dJ|=7.4240e-07, |dJcp|=3.6523e-08
Iteration 825: J=6.3419e-05, Jf=6.3419e-05, Jcp =0.0000e+00, |dJ|=7.0742e-07, |dJcp|=0.0000e+00
Iteration 830: J=9.3426e-04, Jf=6.2730e-05, Jcp =8.7153e-04, |dJ|=6.8206e-07, |dJcp|=5.9043e-08
Iteration 835: J=6.3233e-05, Jf=6.3233e-05, Jcp =0.0000e+00, |dJ|=7.0033e-07, |dJcp|=0.0000e+00
Iteration 840: J=6.3142e-05, Jf=6.3142e-05, Jcp =0.0000e+00, |dJ|=6.9672e-07, |dJcp|=0.0000e+00
Iteration 845: J=6.2163e-03, Jf=6.2004e-05, Jcp =6.1543e-03, |dJ|=5.9456e-07, |dJcp|=1.5690e-07
Iteration 850: J=6.3141e-05, Jf=6.3141e-05, Jcp =1.6868e-11, |dJ|=6.9665e-07, |dJcp|=8.2141e-12
Iteration 855: J=6.2348e-05, Jf=6.2348e-05, Jcp =0.0000e+00, |dJ|=2.7559e-10, |dJcp|=0.0000e+00
Iteration 860: J=6.2339e-05, Jf=6.2339e-05, Jcp =0.0000e+00, |dJ|=6.7291e-09, |dJcp|=0.0000e+00
Iteration 865: J=6.2339e-05, Jf=6.2339e-05, Jcp =4.5333e-11, |dJ|=1.4610e-09, |dJcp|=1.3466e-11
Iteration 870: J=6.2339e-05, Jf=6.2339e-05, Jcp =3.9059e-11, |dJ|=3.2173e-09, |dJcp|=1.2500e-11
Iteration 875: J=6.2336e-05, Jf=6.2336e-05, Jcp =3.4166e-12, |dJ|=4.5834e-08, |dJcp|=3.6968e-12
Iteration 880: J=6.2314e-05, Jf=6.2314e-05, Jcp =4.6888e-11, |dJ|=1.8332e-09, |dJcp|=1.3695e-11
Iteration 885: J=6.2314e-05, Jf=6.2314e-05, Jcp =4.8722e-11, |dJ|=2.4273e-10, |dJcp|=1.3960e-11
Iteration 890: J=6.2314e-05, Jf=6.2314e-05, Jcp =4.4859e-11, |dJ|=3.8639e-09, |dJcp|=1.3395e-11
Iteration 895: J=6.2311e-05, Jf=6.2311e-05, Jcp =1.2790e-11, |dJ|=4.3836e-08, |dJcp|=7.1527e-12
Iteration 900: J=1.2401e-03, Jf=6.1917e-05, Jcp =1.1782e-03, |dJ|=4.6428e-07, |dJcp|=6.8650e-08
Iteration 905: J=6.2113e-05, Jf=6.2113e-05, Jcp =0.0000e+00, |dJ|=3.1939e-07, |dJcp|=0.0000e+00
Iteration 910: J=6.2078e-05, Jf=6.2078e-05, Jcp =0.0000e+00, |dJ|=3.4066e-07, |dJcp|=0.0000e+00
Iteration 915: J=8.3888e-04, Jf=6.1683e-05, Jcp =7.7720e-04, |dJ|=4.9539e-07, |dJcp|=5.5757e-08
Iteration 920: J=6.2077e-05, Jf=6.2077e-05, Jcp =0.0000e+00, |dJ|=3.4088e-07, |dJcp|=0.0000e+00
Iteration 925: J=7.2568e-05, Jf=6.2021e-05, Jcp =1.0547e-05, |dJ|=3.6002e-07, |dJcp|=6.4952e-09
Iteration 930: J=6.2076e-05, Jf=6.2076e-05, Jcp =0.0000e+00, |dJ|=3.4118e-07, |dJcp|=0.0000e+00
Iteration 935: J=6.2078e-05, Jf=6.2078e-05, Jcp =0.0000e+00, |dJ|=3.4058e-07, |dJcp|=0.0000e+00
Iteration 940: J=6.2042e-05, Jf=6.2042e-05, Jcp =0.0000e+00, |dJ|=2.6710e-07, |dJcp|=0.0000e+00
Iteration 945: J=6.1934e-05, Jf=6.1934e-05, Jcp =0.0000e+00, |dJ|=1.2097e-08, |dJcp|=0.0000e+00
Iteration 950: J=6.1933e-05, Jf=6.1933e-05, Jcp =0.0000e+00, |dJ|=1.3482e-11, |dJcp|=0.0000e+00
Iteration 955: J=6.1933e-05, Jf=6.1933e-05, Jcp =0.0000e+00, |dJ|=4.5281e-10, |dJcp|=0.0000e+00
Iteration 960: J=6.1933e-05, Jf=6.1933e-05, Jcp =0.0000e+00, |dJ|=5.6260e-09, |dJcp|=0.0000e+00
Iteration 965: J=6.1935e-05, Jf=6.1931e-05, Jcp =3.6121e-09, |dJ|=4.4731e-08, |dJcp|=1.2020e-10
Iteration 970: J=6.1931e-05, Jf=6.1931e-05, Jcp =2.0745e-10, |dJ|=2.7952e-11, |dJcp|=2.8807e-11
Iteration 975: J=6.1931e-05, Jf=6.1931e-05, Jcp =2.0737e-10, |dJ|=9.9902e-10, |dJcp|=2.8801e-11
Iteration 980: J=6.1930e-05, Jf=6.1930e-05, Jcp =2.0649e-10, |dJ|=1.1819e-08, |dJcp|=2.8740e-11
Iteration 985: J=6.1918e-05, Jf=6.1918e-05, Jcp =2.0291e-10, |dJ|=5.3898e-08, |dJcp|=2.8489e-11
Iteration 990: J=6.1902e-05, Jf=6.1900e-05, Jcp =1.9927e-09, |dJ|=2.0503e-10, |dJcp|=8.9279e-11
Iteration 995: J=6.1902e-05, Jf=6.1900e-05, Jcp =2.0099e-09, |dJ|=2.7260e-10, |dJcp|=8.9665e-11
Iteration 1000: J=6.1902e-05, Jf=6.1899e-05, Jcp =2.0884e-09, |dJ|=4.3266e-09, |dJcp|=9.1399e-11
Iteration 1005: J=6.1887e-05, Jf=6.1884e-05, Jcp =3.2082e-09, |dJ|=5.8033e-08, |dJcp|=1.1328e-10
Iteration 1010: J=6.0193e-05, Jf=6.0162e-05, Jcp =3.0684e-08, |dJ|=6.5845e-07, |dJcp|=3.5034e-10
Iteration 1015: J=5.6468e-05, Jf=5.6406e-05, Jcp =6.2281e-08, |dJ|=1.0496e-06, |dJcp|=4.9912e-10
Iteration 1020: J=1.6020e-02, Jf=5.2204e-05, Jcp =1.5968e-02, |dJ|=1.0645e-06, |dJcp|=2.5273e-07
Iteration 1025: J=5.5252e-05, Jf=5.4845e-05, Jcp =4.0689e-07, |dJ|=1.0425e-06, |dJcp|=1.2758e-09
Iteration 1030: J=8.4188e-05, Jf=5.4586e-05, Jcp =2.9602e-05, |dJ|=1.0331e-06, |dJcp|=1.0882e-08
Iteration 1035: J=5.4961e-05, Jf=5.4900e-05, Jcp =6.1597e-08, |dJ|=1.0415e-06, |dJcp|=4.9637e-10
Iteration 1040: J=5.4933e-05, Jf=5.4850e-05, Jcp =8.2906e-08, |dJ|=1.0402e-06, |dJcp|=5.7587e-10
Iteration 1045: J=5.4919e-05, Jf=5.4858e-05, Jcp =6.1471e-08, |dJ|=1.0404e-06, |dJcp|=4.9587e-10
Iteration 1050: J=5.4918e-05, Jf=5.4856e-05, Jcp =6.1855e-08, |dJ|=1.0403e-06, |dJcp|=4.9741e-10
Iteration 1055: J=5.1457e-05, Jf=5.1456e-05, Jcp =1.4242e-09, |dJ|=3.4791e-09, |dJcp|=7.5478e-11
Iteration 1060: J=5.1456e-05, Jf=5.1456e-05, Jcp =5.8710e-10, |dJ|=1.0745e-08, |dJcp|=4.8460e-11
Iteration 1065: J=5.1371e-05, Jf=5.1358e-05, Jcp =1.3748e-08, |dJ|=2.3839e-07, |dJcp|=2.3450e-10
Iteration 1070: J=7.4533e-05, Jf=5.1268e-05, Jcp =2.3265e-05, |dJ|=3.1717e-07, |dJcp|=9.6468e-09
Iteration 1075: J=5.1323e-05, Jf=5.1304e-05, Jcp =1.8546e-08, |dJ|=2.8369e-07, |dJcp|=2.7237e-10
Iteration 1080: J=7.9888e-05, Jf=5.1258e-05, Jcp =2.8630e-05, |dJ|=3.0745e-07, |dJcp|=1.0701e-08
Iteration 1085: J=5.1305e-05, Jf=5.1285e-05, Jcp =1.9638e-08, |dJ|=2.9319e-07, |dJcp|=2.8027e-10
Iteration 1090: J=5.1277e-05, Jf=5.1265e-05, Jcp =1.2082e-08, |dJ|=2.2267e-07, |dJcp|=2.1984e-10
Iteration 1095: J=1.9546e-03, Jf=5.1003e-05, Jcp =1.9036e-03, |dJ|=2.5554e-07, |dJcp|=8.7261e-08
Iteration 1100: J=5.1185e-05, Jf=5.1185e-05, Jcp =5.6283e-11, |dJ|=4.0801e-08, |dJcp|=1.5004e-11
Iteration 1105: J=6.3368e-05, Jf=5.1165e-05, Jcp =1.2203e-05, |dJ|=5.9341e-08, |dJcp|=6.9865e-09
Iteration 1110: J=5.1185e-05, Jf=5.1185e-05, Jcp =5.5413e-11, |dJ|=4.0965e-08, |dJcp|=1.4888e-11
Iteration 1115: J=5.1185e-05, Jf=5.1185e-05, Jcp =5.6481e-11, |dJ|=4.0764e-08, |dJcp|=1.5031e-11
Iteration 1120: J=5.1185e-05, Jf=5.1185e-05, Jcp =5.6481e-11, |dJ|=4.0720e-08, |dJcp|=1.5031e-11
Iteration 1125: J=5.1184e-05, Jf=5.1184e-05, Jcp =5.6481e-11, |dJ|=1.0401e-08, |dJcp|=1.5031e-11
Iteration 1130: J=5.1184e-05, Jf=5.1184e-05, Jcp =5.6478e-11, |dJ|=6.7727e-10, |dJcp|=1.5030e-11
Iteration 1135: J=5.1184e-05, Jf=5.1184e-05, Jcp =5.6451e-11, |dJ|=7.9731e-11, |dJcp|=1.5027e-11
Iteration 1140: J=5.1184e-05, Jf=5.1184e-05, Jcp =5.0126e-11, |dJ|=1.3343e-09, |dJcp|=1.4160e-11
Iteration 1145: J=5.1184e-05, Jf=5.1184e-05, Jcp =0.0000e+00, |dJ|=1.8270e-09, |dJcp|=0.0000e+00
Iteration 1150: J=5.1183e-05, Jf=5.1182e-05, Jcp =3.9175e-10, |dJ|=4.3693e-10, |dJcp|=3.9585e-11
Iteration 1155: J=5.1183e-05, Jf=5.1182e-05, Jcp =4.0029e-10, |dJ|=6.3031e-10, |dJcp|=4.0015e-11
Iteration 1160: J=5.1183e-05, Jf=5.1182e-05, Jcp =4.1828e-10, |dJ|=8.5925e-09, |dJcp|=4.0904e-11
Iteration 1165: J=5.1423e-05, Jf=5.1176e-05, Jcp =2.4635e-07, |dJ|=9.6759e-08, |dJcp|=9.9267e-10
Iteration 1170: J=5.1180e-05, Jf=5.1180e-05, Jcp =5.4771e-10, |dJ|=6.1724e-08, |dJcp|=4.6807e-11
Iteration 1175: J=5.1181e-05, Jf=5.1179e-05, Jcp =1.4405e-09, |dJ|=6.7100e-08, |dJcp|=7.5908e-11
Iteration 1180: J=5.1180e-05, Jf=5.1179e-05, Jcp =6.8066e-10, |dJ|=6.3571e-08, |dJcp|=5.2179e-11
Iteration 1185: J=5.1177e-05, Jf=5.1177e-05, Jcp =3.6681e-11, |dJ|=4.3950e-10, |dJcp|=1.2113e-11
Iteration 1190: J=5.1177e-05, Jf=5.1177e-05, Jcp =7.1570e-11, |dJ|=2.2710e-09, |dJcp|=1.6920e-11
Iteration 1195: J=5.1177e-05, Jf=5.1177e-05, Jcp =1.1702e-10, |dJ|=2.9265e-09, |dJcp|=2.1635e-11
Iteration 1200: J=5.1177e-05, Jf=5.1177e-05, Jcp =7.8485e-11, |dJ|=2.7267e-09, |dJcp|=1.7718e-11
Iteration 1205: J=5.1177e-05, Jf=5.1177e-05, Jcp =3.5832e-11, |dJ|=2.9595e-11, |dJcp|=1.1972e-11
Iteration 1210: J=5.1177e-05, Jf=5.1177e-05, Jcp =3.2018e-11, |dJ|=2.7095e-10, |dJcp|=1.1317e-11
Iteration 1215: J=5.1176e-05, Jf=5.1176e-05, Jcp =5.7753e-14, |dJ|=6.9715e-09, |dJcp|=4.8064e-13
Iteration 1220: J=5.0930e-05, Jf=5.0930e-05, Jcp =0.0000e+00, |dJ|=5.1774e-07, |dJcp|=0.0000e+00
Iteration 1225: J=5.0552e-05, Jf=5.0552e-05, Jcp =0.0000e+00, |dJ|=8.3605e-07, |dJcp|=0.0000e+00
Iteration 1230: J=1.4261e-04, Jf=5.0354e-05, Jcp =9.2259e-05, |dJ|=9.1301e-07, |dJcp|=1.9210e-08
Iteration 1235: J=5.0476e-05, Jf=5.0476e-05, Jcp =0.0000e+00, |dJ|=8.6471e-07, |dJcp|=0.0000e+00
Iteration 1240: J=5.0458e-05, Jf=5.0458e-05, Jcp =0.0000e+00, |dJ|=8.7169e-07, |dJcp|=0.0000e+00
Iteration 1245: J=7.0065e-03, Jf=4.9513e-05, Jcp =6.9570e-03, |dJ|=1.0848e-06, |dJcp|=1.6682e-07
Iteration 1250: J=5.0457e-05, Jf=5.0457e-05, Jcp =0.0000e+00, |dJ|=8.7176e-07, |dJcp|=0.0000e+00
Iteration 1255: J=1.4811e-04, Jf=5.0328e-05, Jcp =9.7787e-05, |dJ|=8.9685e-07, |dJcp|=1.9777e-08
Iteration 1260: J=5.0458e-05, Jf=5.0458e-05, Jcp =0.0000e+00, |dJ|=8.7167e-07, |dJcp|=0.0000e+00
Iteration 1265: J=5.0454e-05, Jf=5.0454e-05, Jcp =0.0000e+00, |dJ|=8.6784e-07, |dJcp|=0.0000e+00
Iteration 1270: J=4.9948e-05, Jf=4.9948e-05, Jcp =0.0000e+00, |dJ|=1.0946e-07, |dJcp|=0.0000e+00
Iteration 1275: J=4.9896e-05, Jf=4.9896e-05, Jcp =0.0000e+00, |dJ|=2.6012e-09, |dJcp|=0.0000e+00
Iteration 1280: J=4.9896e-05, Jf=4.9896e-05, Jcp =0.0000e+00, |dJ|=3.1867e-11, |dJcp|=0.0000e+00
Iteration 1285: J=4.9896e-05, Jf=4.9896e-05, Jcp =0.0000e+00, |dJ|=5.9276e-10, |dJcp|=0.0000e+00
Iteration 1290: J=4.9896e-05, Jf=4.9896e-05, Jcp =0.0000e+00, |dJ|=6.8563e-09, |dJcp|=0.0000e+00
Iteration 1295: J=4.9893e-05, Jf=4.9893e-05, Jcp =0.0000e+00, |dJ|=7.6231e-08, |dJcp|=0.0000e+00
Iteration 1300: J=4.9890e-05, Jf=4.9886e-05, Jcp =3.2092e-09, |dJ|=8.0274e-08, |dJcp|=1.1330e-10
Iteration 1305: J=4.9885e-05, Jf=4.9884e-05, Jcp =8.7900e-10, |dJ|=1.4655e-10, |dJcp|=5.9296e-11
Iteration 1310: J=4.9885e-05, Jf=4.9884e-05, Jcp =9.6606e-10, |dJ|=3.4194e-09, |dJcp|=6.2163e-11
Iteration 1315: J=4.9882e-05, Jf=4.9880e-05, Jcp =2.1985e-09, |dJ|=3.9644e-08, |dJcp|=9.3777e-11
Iteration 1320: J=4.9878e-05, Jf=4.9875e-05, Jcp =3.0698e-09, |dJ|=5.9183e-08, |dJcp|=1.1081e-10
Iteration 1325: J=4.9868e-05, Jf=4.9868e-05, Jcp =8.2617e-10, |dJ|=2.2102e-09, |dJcp|=5.7486e-11
Iteration 1330: J=4.9869e-05, Jf=4.9868e-05, Jcp =1.2713e-09, |dJ|=9.8906e-09, |dJcp|=7.1311e-11
Iteration 1335: J=4.9868e-05, Jf=4.9868e-05, Jcp =4.9058e-10, |dJ|=5.1317e-09, |dJcp|=4.4298e-11
Iteration 1340: J=4.9867e-05, Jf=4.9867e-05, Jcp =5.3152e-11, |dJ|=2.5402e-08, |dJcp|=1.4581e-11
Iteration 1345: J=4.9707e-05, Jf=4.9707e-05, Jcp =0.0000e+00, |dJ|=4.4350e-07, |dJcp|=0.0000e+00
Iteration 1350: J=4.9455e-05, Jf=4.9455e-05, Jcp =0.0000e+00, |dJ|=7.2112e-07, |dJcp|=0.0000e+00
Iteration 1355: J=7.0578e-05, Jf=4.9292e-05, Jcp =2.1286e-05, |dJ|=8.1185e-07, |dJcp|=9.2273e-09
Iteration 1360: J=4.9361e-05, Jf=4.9361e-05, Jcp =0.0000e+00, |dJ|=7.7245e-07, |dJcp|=0.0000e+00
Iteration 1365: J=4.9011e-05, Jf=4.9011e-05, Jcp =0.0000e+00, |dJ|=2.9136e-08, |dJcp|=0.0000e+00
Iteration 1370: J=4.8950e-05, Jf=4.8950e-05, Jcp =0.0000e+00, |dJ|=1.0716e-07, |dJcp|=0.0000e+00
Iteration 1375: J=2.3819e-04, Jf=4.8712e-05, Jcp =1.8948e-04, |dJ|=2.6661e-07, |dJcp|=2.7530e-08
Iteration 1380: J=4.8934e-05, Jf=4.8934e-05, Jcp =0.0000e+00, |dJ|=1.1678e-07, |dJcp|=0.0000e+00
Iteration 1385: J=4.8941e-05, Jf=4.8897e-05, Jcp =4.4137e-08, |dJ|=1.4019e-07, |dJcp|=4.2018e-10
Iteration 1390: J=1.6593e-02, Jf=4.7438e-05, Jcp =1.6545e-02, |dJ|=9.3098e-07, |dJcp|=2.5726e-07
Iteration 1395: J=4.8887e-05, Jf=4.8887e-05, Jcp =0.0000e+00, |dJ|=1.9301e-09, |dJcp|=0.0000e+00
Iteration 1400: J=4.8887e-05, Jf=4.8887e-05, Jcp =1.8798e-11, |dJ|=5.1500e-09, |dJcp|=8.6714e-12
Iteration 1405: J=4.9604e-05, Jf=4.8884e-05, Jcp =7.2007e-07, |dJ|=3.4644e-08, |dJcp|=1.6971e-09
Iteration 1410: J=4.8886e-05, Jf=4.8886e-05, Jcp =0.0000e+00, |dJ|=1.5142e-08, |dJcp|=0.0000e+00
Iteration 1415: J=4.8896e-05, Jf=4.8886e-05, Jcp =9.6525e-09, |dJ|=1.7610e-08, |dJcp|=1.9649e-10
Iteration 1420: J=4.8886e-05, Jf=4.8886e-05, Jcp =0.0000e+00, |dJ|=1.5360e-08, |dJcp|=0.0000e+00
Iteration 1425: J=4.8886e-05, Jf=4.8886e-05, Jcp =2.8365e-12, |dJ|=4.1239e-09, |dJcp|=3.3684e-12
Iteration 1430: J=4.8886e-05, Jf=4.8886e-05, Jcp =1.4564e-11, |dJ|=1.8923e-10, |dJcp|=7.6324e-12
Iteration 1435: J=4.8879e-05, Jf=4.8879e-05, Jcp =1.7085e-12, |dJ|=1.1353e-08, |dJcp|=2.6142e-12
Iteration 1440: J=5.3029e-05, Jf=4.8873e-05, Jcp =4.1558e-06, |dJ|=2.1001e-08, |dJcp|=4.0772e-09
Iteration 1445: J=4.8877e-05, Jf=4.8877e-05, Jcp =1.1135e-12, |dJ|=1.3955e-08, |dJcp|=2.1104e-12
Iteration 1450: J=2.4367e-02, Jf=4.8669e-05, Jcp =2.4318e-02, |dJ|=3.6216e-07, |dJcp|=3.1189e-07
Iteration 1455: J=4.8877e-05, Jf=4.8877e-05, Jcp =1.0213e-12, |dJ|=1.4417e-08, |dJcp|=2.0212e-12
Iteration 1460: J=5.0774e-05, Jf=4.8874e-05, Jcp =1.8998e-06, |dJ|=1.6436e-08, |dJcp|=2.7567e-09
Iteration 1465: J=4.8877e-05, Jf=4.8877e-05, Jcp =1.0144e-12, |dJ|=1.4460e-08, |dJcp|=2.0143e-12
Iteration 1470: J=4.8877e-05, Jf=4.8877e-05, Jcp =1.0220e-12, |dJ|=1.4412e-08, |dJcp|=2.0219e-12
Iteration 1475: J=4.8877e-05, Jf=4.8877e-05, Jcp =1.0220e-12, |dJ|=1.4142e-08, |dJcp|=2.0219e-12
Iteration 1480: J=4.8877e-05, Jf=4.8877e-05, Jcp =1.0220e-12, |dJ|=2.1962e-10, |dJcp|=2.0219e-12
Iteration 1485: J=4.8877e-05, Jf=4.8877e-05, Jcp =1.0220e-12, |dJ|=1.4175e-11, |dJcp|=2.0218e-12
Iteration 1490: J=4.8877e-05, Jf=4.8877e-05, Jcp =1.0204e-12, |dJ|=3.7270e-10, |dJcp|=2.0203e-12
Iteration 1495: J=4.8877e-05, Jf=4.8877e-05, Jcp =8.3026e-13, |dJ|=4.3578e-09, |dJcp|=1.8224e-12
Iteration 1500: J=4.8875e-05, Jf=4.8875e-05, Jcp =8.8546e-14, |dJ|=4.8658e-08, |dJcp|=5.9513e-13
Iteration 1505: J=4.8873e-05, Jf=4.8873e-05, Jcp =7.8243e-11, |dJ|=1.5075e-11, |dJcp|=1.7691e-11
Iteration 1510: J=4.8873e-05, Jf=4.8873e-05, Jcp =7.8217e-11, |dJ|=3.6392e-10, |dJcp|=1.7688e-11
Iteration 1515: J=4.8873e-05, Jf=4.8873e-05, Jcp =7.7896e-11, |dJ|=4.9080e-09, |dJcp|=1.7652e-11
Iteration 1520: J=4.8871e-05, Jf=4.8871e-05, Jcp =1.0199e-10, |dJ|=2.7287e-08, |dJcp|=2.0198e-11
Iteration 1525: J=4.8883e-05, Jf=4.8867e-05, Jcp =1.5547e-08, |dJ|=2.7326e-08, |dJcp|=2.4938e-10
Iteration 1530: J=4.8868e-05, Jf=4.8868e-05, Jcp =2.7586e-10, |dJ|=1.0372e-10, |dJcp|=3.3218e-11
Iteration 1535: J=4.8868e-05, Jf=4.8868e-05, Jcp =3.2313e-10, |dJ|=1.6826e-09, |dJcp|=3.5952e-11
Iteration 1540: J=4.8868e-05, Jf=4.8866e-05, Jcp =1.6329e-09, |dJ|=3.2278e-09, |dJcp|=8.0818e-11
Iteration 1545: J=4.8868e-05, Jf=4.8866e-05, Jcp =1.4455e-09, |dJ|=7.9606e-10, |dJcp|=7.6040e-11
Iteration 1550: J=4.8866e-05, Jf=4.8865e-05, Jcp =1.8424e-10, |dJ|=2.6681e-09, |dJcp|=2.7147e-11
Iteration 1555: J=2.2362e-03, Jf=4.8005e-05, Jcp =2.1882e-03, |dJ|=9.3842e-07, |dJcp|=9.3556e-08
Iteration 1560: J=4.8551e-05, Jf=4.8543e-05, Jcp =8.4116e-09, |dJ|=5.2951e-07, |dJcp|=1.8343e-10
Iteration 1565: J=5.4029e-05, Jf=4.8455e-05, Jcp =5.5737e-06, |dJ|=5.8341e-07, |dJcp|=4.7217e-09
Iteration 1570: J=4.8501e-05, Jf=4.8492e-05, Jcp =9.2872e-09, |dJ|=5.6054e-07, |dJcp|=1.9274e-10
Iteration 1575: J=4.8495e-05, Jf=4.8485e-05, Jcp =9.4039e-09, |dJ|=5.6456e-07, |dJcp|=1.9395e-10
Iteration 1580: J=1.2006e-03, Jf=4.8021e-05, Jcp =1.1526e-03, |dJ|=7.4824e-07, |dJcp|=6.7899e-08
Iteration 1585: J=4.8494e-05, Jf=4.8485e-05, Jcp =9.4094e-09, |dJ|=5.6475e-07, |dJcp|=1.9400e-10
Iteration 1590: J=6.6373e-05, Jf=4.8424e-05, Jcp =1.7949e-05, |dJ|=5.8724e-07, |dJcp|=8.4733e-09
Iteration 1595: J=4.8495e-05, Jf=4.8486e-05, Jcp =9.4016e-09, |dJ|=5.6445e-07, |dJcp|=1.9392e-10
Iteration 1600: J=4.8468e-05, Jf=4.8459e-05, Jcp =9.4016e-09, |dJ|=5.2375e-07, |dJcp|=1.9392e-10
Iteration 1605: J=4.8276e-05, Jf=4.8267e-05, Jcp =9.4009e-09, |dJ|=1.0623e-07, |dJcp|=1.9392e-10
Iteration 1610: J=4.8269e-05, Jf=4.8259e-05, Jcp =9.4008e-09, |dJ|=1.9293e-10, |dJcp|=1.9392e-10
Iteration 1615: J=4.8269e-05, Jf=4.8259e-05, Jcp =9.3175e-09, |dJ|=7.8029e-09, |dJcp|=1.9305e-10
Iteration 1620: J=4.8265e-05, Jf=4.8262e-05, Jcp =2.9879e-09, |dJ|=6.2046e-08, |dJcp|=1.0932e-10
Iteration 1625: J=4.8259e-05, Jf=4.8259e-05, Jcp =0.0000e+00, |dJ|=1.6463e-11, |dJcp|=0.0000e+00
Iteration 1630: J=4.8259e-05, Jf=4.8259e-05, Jcp =3.9569e-13, |dJ|=1.0846e-09, |dJcp|=1.2581e-12
Iteration 1635: J=4.8259e-05, Jf=4.8259e-05, Jcp =9.3465e-13, |dJ|=2.8098e-11, |dJcp|=1.9335e-12
Iteration 1640: J=4.8259e-05, Jf=4.8259e-05, Jcp =1.3769e-12, |dJ|=5.7461e-10, |dJcp|=2.3468e-12
Iteration 1645: J=4.8259e-05, Jf=4.8259e-05, Jcp =1.2069e-11, |dJ|=6.6768e-09, |dJcp|=6.9481e-12
Iteration 1650: J=4.8258e-05, Jf=4.8258e-05, Jcp =1.9173e-10, |dJ|=3.4189e-08, |dJcp|=2.7693e-11
Iteration 1655: J=4.8258e-05, Jf=4.8257e-05, Jcp =4.0972e-10, |dJ|=3.1985e-08, |dJcp|=4.0483e-11
Iteration 1660: J=4.8257e-05, Jf=4.8257e-05, Jcp =2.4870e-10, |dJ|=2.8829e-10, |dJcp|=3.1540e-11
Iteration 1665: J=4.8256e-05, Jf=4.8255e-05, Jcp =5.5579e-10, |dJ|=2.8218e-08, |dJcp|=4.7150e-11
Iteration 1670: J=6.9422e-05, Jf=4.8121e-05, Jcp =2.1301e-05, |dJ|=3.7093e-07, |dJcp|=9.2306e-09
Iteration 1675: J=4.8183e-05, Jf=4.8174e-05, Jcp =9.3053e-09, |dJ|=2.7419e-07, |dJcp|=1.9293e-10
Iteration 1680: J=1.0013e-04, Jf=4.8080e-05, Jcp =5.2049e-05, |dJ|=3.6706e-07, |dJcp|=1.4429e-08
Iteration 1685: J=4.8175e-05, Jf=4.8165e-05, Jcp =9.7665e-09, |dJ|=2.8221e-07, |dJcp|=1.9765e-10
Iteration 1690: J=4.8169e-05, Jf=4.8151e-05, Jcp =1.7713e-08, |dJ|=2.9553e-07, |dJcp|=2.6618e-10
Iteration 1695: J=4.8140e-05, Jf=4.8133e-05, Jcp =7.6187e-09, |dJ|=2.5414e-07, |dJcp|=1.7457e-10
Iteration 1700: J=4.8087e-05, Jf=4.8087e-05, Jcp =5.9132e-11, |dJ|=1.6545e-11, |dJcp|=1.5379e-11
Iteration 1705: J=4.8087e-05, Jf=4.8087e-05, Jcp =6.2775e-11, |dJ|=1.9949e-10, |dJcp|=1.5846e-11
Iteration 1710: J=4.8087e-05, Jf=4.8087e-05, Jcp =7.4583e-11, |dJ|=2.8759e-09, |dJcp|=1.7272e-11
Iteration 1715: J=4.8086e-05, Jf=4.8085e-05, Jcp =3.1225e-10, |dJ|=3.2556e-08, |dJcp|=3.5341e-11
Iteration 1720: J=5.1314e-05, Jf=4.8040e-05, Jcp =3.2733e-06, |dJ|=2.2232e-07, |dJcp|=3.6185e-09
Iteration 1725: J=4.8076e-05, Jf=4.8075e-05, Jcp =1.6818e-09, |dJ|=1.0383e-07, |dJcp|=8.2020e-11
Iteration 1730: J=4.8089e-05, Jf=4.8069e-05, Jcp =2.0474e-08, |dJ|=1.2031e-07, |dJcp|=2.8618e-10
Iteration 1735: J=4.8074e-05, Jf=4.8072e-05, Jcp =2.0055e-09, |dJ|=1.1258e-07, |dJcp|=8.9566e-11
Iteration 1740: J=4.8063e-05, Jf=4.8063e-05, Jcp =2.3093e-10, |dJ|=1.0206e-09, |dJcp|=3.0393e-11
Iteration 1745: J=4.8063e-05, Jf=4.8063e-05, Jcp =2.4689e-10, |dJ|=1.0343e-09, |dJcp|=3.1426e-11
Iteration 1750: J=4.8063e-05, Jf=4.8063e-05, Jcp =2.5787e-10, |dJ|=4.0490e-11, |dJcp|=3.2117e-11
Iteration 1755: J=4.8063e-05, Jf=4.8063e-05, Jcp =3.3876e-10, |dJ|=9.1177e-10, |dJcp|=3.6811e-11
Iteration 1760: J=4.8060e-05, Jf=4.8056e-05, Jcp =4.0364e-09, |dJ|=1.7017e-08, |dJcp|=1.2707e-10
Iteration 1765: J=4.7722e-05, Jf=4.7418e-05, Jcp =3.0377e-07, |dJ|=1.9103e-07, |dJcp|=1.1023e-09
Iteration 1770: J=3.2490e-02, Jf=4.2618e-05, Jcp =3.2448e-02, |dJ|=4.2239e-07, |dJcp|=3.6026e-07
Iteration 1775: J=4.4775e-05, Jf=4.3629e-05, Jcp =1.1452e-06, |dJ|=3.7158e-07, |dJcp|=2.1403e-09
Iteration 1780: J=4.9881e-03, Jf=4.2786e-05, Jcp =4.9453e-03, |dJ|=3.0106e-07, |dJcp|=1.4065e-07
Iteration 1785: J=4.4422e-05, Jf=4.3406e-05, Jcp =1.0156e-06, |dJ|=3.5037e-07, |dJcp|=2.0156e-09
Iteration 1790: J=1.6130e-02, Jf=4.2579e-05, Jcp =1.6088e-02, |dJ|=2.8582e-07, |dJcp|=2.5367e-07
Iteration 1795: J=4.4340e-05, Jf=4.3355e-05, Jcp =9.8470e-07, |dJ|=3.4505e-07, |dJcp|=1.9846e-09
Iteration 1800: J=1.1185e-04, Jf=4.3202e-05, Jcp =6.8643e-05, |dJ|=3.1963e-07, |dJcp|=1.6570e-08
Iteration 1805: J=4.4221e-05, Jf=4.3291e-05, Jcp =9.2969e-07, |dJ|=3.3466e-07, |dJcp|=1.9284e-09
Iteration 1810: J=4.4340e-05, Jf=4.3355e-05, Jcp =9.8509e-07, |dJ|=3.4511e-07, |dJcp|=1.9850e-09
Iteration 1815: J=4.4338e-05, Jf=4.3353e-05, Jcp =9.8509e-07, |dJ|=3.3836e-07, |dJcp|=1.9850e-09
Iteration 1820: J=4.4227e-05, Jf=4.3242e-05, Jcp =9.8504e-07, |dJ|=4.8134e-08, |dJcp|=1.9850e-09
Iteration 1825: J=4.4226e-05, Jf=4.3241e-05, Jcp =9.8501e-07, |dJ|=2.1696e-09, |dJcp|=1.9850e-09
Iteration 1830: J=4.4223e-05, Jf=4.3243e-05, Jcp =9.8006e-07, |dJ|=5.8489e-08, |dJcp|=1.9800e-09
Iteration 1835: J=4.3958e-05, Jf=4.3445e-05, Jcp =5.1324e-07, |dJ|=5.4143e-07, |dJcp|=1.4328e-09
Iteration 1840: J=4.3243e-05, Jf=4.3243e-05, Jcp =0.0000e+00, |dJ|=4.1390e-09, |dJcp|=0.0000e+00
Iteration 1845: J=4.3244e-05, Jf=4.3243e-05, Jcp =1.0907e-09, |dJ|=1.3032e-08, |dJcp|=6.6051e-11
Iteration 1850: J=4.3243e-05, Jf=4.3243e-05, Jcp =0.0000e+00, |dJ|=7.5694e-09, |dJcp|=0.0000e+00
Iteration 1855: J=4.3244e-05, Jf=4.3243e-05, Jcp =8.2458e-10, |dJ|=1.0883e-08, |dJcp|=5.7431e-11
Iteration 1860: J=4.3243e-05, Jf=4.3243e-05, Jcp =0.0000e+00, |dJ|=9.2806e-09, |dJcp|=0.0000e+00
Iteration 1865: J=4.3245e-05, Jf=4.3245e-05, Jcp =8.8396e-13, |dJ|=5.1968e-08, |dJcp|=1.8804e-12
Iteration 1870: J=4.3243e-05, Jf=4.3243e-05, Jcp =1.1363e-12, |dJ|=1.3115e-11, |dJcp|=2.1319e-12
Iteration 1875: J=4.3243e-05, Jf=4.3243e-05, Jcp =1.1376e-12, |dJ|=9.8086e-10, |dJcp|=2.1332e-12
Iteration 1880: J=4.3243e-05, Jf=4.3243e-05, Jcp =1.1532e-12, |dJ|=1.2316e-08, |dJcp|=2.1477e-12
Iteration 1885: J=4.3228e-05, Jf=4.3228e-05, Jcp =1.3303e-12, |dJ|=1.3830e-07, |dJcp|=2.3068e-12
Iteration 1890: J=4.3177e-05, Jf=4.3177e-05, Jcp =1.5334e-12, |dJ|=2.7768e-07, |dJcp|=2.4766e-12
Iteration 1895: J=1.0383e-04, Jf=4.3075e-05, Jcp =6.0757e-05, |dJ|=4.1116e-07, |dJcp|=1.5589e-08
Iteration 1900: J=4.3173e-05, Jf=4.3173e-05, Jcp =1.5402e-12, |dJ|=2.8236e-07, |dJcp|=2.4821e-12
Iteration 1905: J=4.3194e-05, Jf=4.3156e-05, Jcp =3.7915e-08, |dJ|=3.0287e-07, |dJcp|=3.8944e-10
Iteration 1910: J=2.7202e-03, Jf=4.2713e-05, Jcp =2.6775e-03, |dJ|=8.4573e-07, |dJcp|=1.0349e-07
Iteration 1915: J=4.3158e-05, Jf=4.3158e-05, Jcp =1.5653e-12, |dJ|=2.9978e-07, |dJcp|=2.5023e-12
Iteration 1920: J=8.2224e-05, Jf=4.3077e-05, Jcp =3.9147e-05, |dJ|=3.6669e-07, |dJcp|=1.2514e-08
Iteration 1925: J=4.3090e-05, Jf=4.3090e-05, Jcp =8.4701e-11, |dJ|=9.6500e-11, |dJcp|=1.8407e-11
Iteration 1930: J=4.3090e-05, Jf=4.3090e-05, Jcp =8.4845e-11, |dJ|=1.3739e-10, |dJcp|=1.8422e-11
Iteration 1935: J=4.3090e-05, Jf=4.3090e-05, Jcp =9.1253e-11, |dJ|=3.2473e-09, |dJcp|=1.9105e-11
Iteration 1940: J=4.3086e-05, Jf=4.3086e-05, Jcp =1.7798e-10, |dJ|=3.7730e-08, |dJcp|=2.6681e-11
Iteration 1945: J=4.3012e-05, Jf=4.3011e-05, Jcp =7.2899e-10, |dJ|=1.6227e-07, |dJcp|=5.4000e-11
Iteration 1950: J=4.3206e-05, Jf=4.2960e-05, Jcp =2.4586e-07, |dJ|=1.9745e-07, |dJcp|=9.9169e-10
Iteration 1955: J=4.2975e-05, Jf=4.2974e-05, Jcp =8.8478e-10, |dJ|=1.8719e-07, |dJcp|=5.9490e-11
Iteration 1960: J=8.0696e-05, Jf=4.2824e-05, Jcp =3.7872e-05, |dJ|=2.5278e-07, |dJcp|=1.2308e-08
Iteration 1965: J=4.2973e-05, Jf=4.2972e-05, Jcp =8.8950e-10, |dJ|=1.8791e-07, |dJcp|=5.9649e-11
Iteration 1970: J=4.3412e-05, Jf=4.2952e-05, Jcp =4.6025e-07, |dJ|=1.9605e-07, |dJcp|=1.3568e-09
Iteration 1975: J=4.2975e-05, Jf=4.2974e-05, Jcp =8.8389e-10, |dJ|=1.8706e-07, |dJcp|=5.9461e-11
Iteration 1980: J=4.2975e-05, Jf=4.2974e-05, Jcp =8.8389e-10, |dJ|=1.8666e-07, |dJcp|=5.9461e-11
Iteration 1985: J=4.2876e-05, Jf=4.2875e-05, Jcp =8.8388e-10, |dJ|=5.1703e-08, |dJcp|=5.9460e-11
Iteration 1990: J=4.2874e-05, Jf=4.2873e-05, Jcp =8.8385e-10, |dJ|=9.3324e-11, |dJcp|=5.9459e-11
Iteration 1995: J=4.2874e-05, Jf=4.2873e-05, Jcp =8.8334e-10, |dJ|=6.0989e-10, |dJcp|=5.9442e-11
Iteration 2000: J=4.2874e-05, Jf=4.2873e-05, Jcp =8.1387e-10, |dJ|=7.6843e-09, |dJcp|=5.7057e-11
Iteration 2005: J=4.2873e-05, Jf=4.2873e-05, Jcp =1.0879e-12, |dJ|=6.4248e-09, |dJcp|=2.0860e-12
Iteration 2010: J=4.2873e-05, Jf=4.2873e-05, Jcp =3.5378e-12, |dJ|=3.7655e-11, |dJcp|=3.7618e-12
Iteration 2015: J=4.2873e-05, Jf=4.2873e-05, Jcp =2.1100e-11, |dJ|=4.5348e-09, |dJcp|=9.1870e-12
Iteration 2020: J=4.2870e-05, Jf=4.2869e-05, Jcp =1.4471e-09, |dJ|=5.6593e-08, |dJcp|=7.6081e-11
Iteration 2025: J=4.2877e-05, Jf=4.2865e-05, Jcp =1.1864e-08, |dJ|=7.3996e-08, |dJcp|=2.1784e-10
Iteration 2030: J=4.2866e-05, Jf=4.2865e-05, Jcp =5.9919e-10, |dJ|=4.0541e-09, |dJcp|=4.8957e-11
Iteration 2035: J=4.2866e-05, Jf=4.2865e-05, Jcp =8.5275e-10, |dJ|=3.0128e-09, |dJcp|=5.8404e-11
Iteration 2040: J=4.2866e-05, Jf=4.2865e-05, Jcp =3.6619e-10, |dJ|=1.3609e-10, |dJcp|=3.8272e-11
Iteration 2045: J=4.2866e-05, Jf=4.2865e-05, Jcp =3.3029e-10, |dJ|=1.1663e-09, |dJcp|=3.6348e-11
Iteration 2050: J=4.2854e-05, Jf=4.2854e-05, Jcp =0.0000e+00, |dJ|=8.9305e-08, |dJcp|=0.0000e+00
Iteration 2055: J=4.1366e-05, Jf=4.1366e-05, Jcp =0.0000e+00, |dJ|=1.1857e-06, |dJcp|=0.0000e+00
Iteration 2060: J=7.4777e-02, Jf=3.8448e-05, Jcp =7.4738e-02, |dJ|=1.3897e-06, |dJcp|=5.4677e-07
Iteration 2065: J=4.0016e-05, Jf=4.0016e-05, Jcp =0.0000e+00, |dJ|=1.2690e-06, |dJcp|=0.0000e+00
Iteration 2070: J=2.8072e-04, Jf=3.9492e-05, Jcp =2.4123e-04, |dJ|=1.2760e-06, |dJcp|=3.1063e-08
Iteration 2075: J=5.5539e-01, Jf=3.6838e-05, Jcp =5.5535e-01, |dJ|=1.5749e-06, |dJcp|=1.4904e-06
Iteration 2080: J=3.9619e-05, Jf=3.9619e-05, Jcp =0.0000e+00, |dJ|=1.2728e-06, |dJcp|=0.0000e+00
Iteration 2085: J=1.7082e-04, Jf=3.9505e-05, Jcp =1.3131e-04, |dJ|=1.2584e-06, |dJcp|=2.2918e-08
Iteration 2090: J=3.9609e-05, Jf=3.9609e-05, Jcp =0.0000e+00, |dJ|=1.2715e-06, |dJcp|=0.0000e+00
Iteration 2095: J=3.9619e-05, Jf=3.9619e-05, Jcp =0.0000e+00, |dJ|=1.2728e-06, |dJcp|=0.0000e+00
Iteration 2100: J=3.9617e-05, Jf=3.9617e-05, Jcp =0.0000e+00, |dJ|=1.2716e-06, |dJcp|=0.0000e+00
Iteration 2105: J=3.8457e-05, Jf=3.8457e-05, Jcp =0.0000e+00, |dJ|=1.6434e-07, |dJcp|=0.0000e+00
Iteration 2110: J=3.8351e-05, Jf=3.8351e-05, Jcp =0.0000e+00, |dJ|=1.1367e-10, |dJcp|=0.0000e+00
Iteration 2115: J=3.8351e-05, Jf=3.8351e-05, Jcp =0.0000e+00, |dJ|=6.6813e-11, |dJcp|=0.0000e+00
Iteration 2120: J=3.8351e-05, Jf=3.8351e-05, Jcp =0.0000e+00, |dJ|=1.3483e-09, |dJcp|=0.0000e+00
Iteration 2125: J=3.8351e-05, Jf=3.8351e-05, Jcp =0.0000e+00, |dJ|=1.5583e-08, |dJcp|=0.0000e+00
Iteration 2130: J=3.8335e-05, Jf=3.8335e-05, Jcp =0.0000e+00, |dJ|=1.7291e-07, |dJcp|=0.0000e+00
Iteration 2135: J=5.3654e-05, Jf=3.8263e-05, Jcp =1.5391e-05, |dJ|=3.7232e-07, |dJcp|=7.8462e-09
Iteration 2140: J=3.8315e-05, Jf=3.8315e-05, Jcp =0.0000e+00, |dJ|=2.3739e-07, |dJcp|=0.0000e+00
Iteration 2145: J=3.9981e-05, Jf=3.8273e-05, Jcp =1.7078e-06, |dJ|=2.3444e-07, |dJcp|=2.6136e-09
Iteration 2150: J=3.8276e-05, Jf=3.8276e-05, Jcp =6.1697e-10, |dJ|=7.8547e-11, |dJcp|=4.9678e-11
Iteration 2155: J=3.8276e-05, Jf=3.8276e-05, Jcp =3.7090e-10, |dJ|=1.1685e-09, |dJcp|=3.8517e-11
Iteration 2160: J=3.8294e-05, Jf=3.8267e-05, Jcp =2.7508e-08, |dJ|=2.1470e-08, |dJcp|=3.3171e-10
Iteration 2165: J=3.8270e-05, Jf=3.8270e-05, Jcp =3.4051e-11, |dJ|=1.5133e-08, |dJcp|=1.1671e-11
Iteration 2170: J=3.8270e-05, Jf=3.8270e-05, Jcp =1.2375e-10, |dJ|=1.6125e-10, |dJcp|=2.2248e-11
Iteration 2175: J=3.8270e-05, Jf=3.8270e-05, Jcp =1.2258e-10, |dJ|=2.6924e-09, |dJcp|=2.2143e-11
Iteration 2180: J=3.8277e-05, Jf=3.8270e-05, Jcp =7.6571e-09, |dJ|=6.6196e-09, |dJcp|=1.7501e-10
Iteration 2185: J=3.8270e-05, Jf=3.8270e-05, Jcp =1.2231e-10, |dJ|=3.3229e-09, |dJcp|=2.2119e-11
Iteration 2190: J=3.8270e-05, Jf=3.8270e-05, Jcp =1.3016e-10, |dJ|=3.8410e-09, |dJcp|=2.2818e-11
Iteration 2195: J=3.8270e-05, Jf=3.8270e-05, Jcp =1.2951e-10, |dJ|=1.9649e-09, |dJcp|=2.2760e-11
Iteration 2200: J=3.8270e-05, Jf=3.8270e-05, Jcp =1.1851e-10, |dJ|=3.0055e-09, |dJcp|=2.1773e-11
Iteration 2205: J=3.8269e-05, Jf=3.8269e-05, Jcp =2.6861e-11, |dJ|=4.5197e-08, |dJcp|=1.0365e-11
Iteration 2210: J=3.8102e-05, Jf=3.8101e-05, Jcp =1.0874e-09, |dJ|=5.2186e-07, |dJcp|=6.5952e-11
Iteration 2215: J=3.7657e-05, Jf=3.7654e-05, Jcp =3.2660e-09, |dJ|=9.1462e-07, |dJcp|=1.1430e-10
Iteration 2220: J=1.6995e-04, Jf=3.7408e-05, Jcp =1.3254e-04, |dJ|=9.8042e-07, |dJcp|=2.3025e-08
Iteration 2225: J=2.9601e-01, Jf=3.5008e-05, Jcp =2.9597e-01, |dJ|=1.8517e-06, |dJcp|=1.0881e-06
Iteration 2230: J=3.7566e-05, Jf=3.7562e-05, Jcp =3.4329e-09, |dJ|=9.3834e-07, |dJcp|=1.1718e-10
Iteration 2235: J=9.7488e-04, Jf=3.7242e-05, Jcp =9.3764e-04, |dJ|=9.8244e-07, |dJcp|=6.1242e-08
Iteration 2240: J=3.7045e-05, Jf=3.7044e-05, Jcp =5.9963e-10, |dJ|=6.8541e-10, |dJcp|=4.8975e-11
Iteration 2245: J=3.7044e-05, Jf=3.7044e-05, Jcp =6.7778e-10, |dJ|=8.5706e-09, |dJcp|=5.2069e-11
Iteration 2250: J=4.0479e-05, Jf=3.7032e-05, Jcp =3.4465e-06, |dJ|=4.0083e-08, |dJcp|=3.7129e-09
Iteration 2255: J=3.7041e-05, Jf=3.7038e-05, Jcp =2.7410e-09, |dJ|=2.8413e-08, |dJcp|=1.0471e-10
Iteration 2260: J=3.7041e-05, Jf=3.7037e-05, Jcp =3.3569e-09, |dJ|=3.0230e-08, |dJcp|=1.1588e-10
Iteration 2265: J=7.7456e-05, Jf=3.7019e-05, Jcp =4.0436e-05, |dJ|=5.5172e-08, |dJcp|=1.2718e-08
Iteration 2270: J=3.7040e-05, Jf=3.7037e-05, Jcp =3.0253e-09, |dJ|=3.0133e-08, |dJcp|=1.1000e-10
Iteration 2275: J=3.7037e-05, Jf=3.7036e-05, Jcp =4.2784e-10, |dJ|=4.5100e-09, |dJcp|=4.1368e-11
Iteration 2280: J=3.7148e-05, Jf=3.7036e-05, Jcp =1.1187e-07, |dJ|=2.1133e-08, |dJcp|=6.6895e-10
Iteration 2285: J=3.7037e-05, Jf=3.7036e-05, Jcp =3.6748e-10, |dJ|=7.3771e-09, |dJcp|=3.8339e-11
Iteration 2290: J=3.7038e-05, Jf=3.7036e-05, Jcp =1.4470e-09, |dJ|=9.1497e-09, |dJcp|=7.6079e-11
Iteration 2295: J=3.7037e-05, Jf=3.7036e-05, Jcp =3.5919e-10, |dJ|=7.7886e-09, |dJcp|=3.7905e-11
Iteration 2300: J=3.7037e-05, Jf=3.7036e-05, Jcp =5.2762e-10, |dJ|=1.2410e-09, |dJcp|=4.5940e-11
Iteration 2305: J=3.7036e-05, Jf=3.7035e-05, Jcp =1.0744e-09, |dJ|=1.1146e-08, |dJcp|=6.5557e-11
Iteration 2310: J=3.7015e-05, Jf=3.7009e-05, Jcp =6.7150e-09, |dJ|=7.0456e-08, |dJcp|=1.6389e-10
Iteration 2315: J=3.6788e-04, Jf=3.6942e-05, Jcp =3.3093e-04, |dJ|=1.2836e-07, |dJcp|=3.6383e-08
Iteration 2320: J=3.7012e-05, Jf=3.7005e-05, Jcp =7.3597e-09, |dJ|=7.5104e-08, |dJcp|=1.7158e-10
Iteration 2325: J=3.7641e-05, Jf=3.6994e-05, Jcp =6.4657e-07, |dJ|=8.1922e-08, |dJcp|=1.6082e-09
Iteration 2330: J=3.7007e-05, Jf=3.6999e-05, Jcp =7.9186e-09, |dJ|=7.8975e-08, |dJcp|=1.7797e-10
Iteration 2335: J=3.7006e-05, Jf=3.6997e-05, Jcp =8.0269e-09, |dJ|=7.9710e-08, |dJcp|=1.7919e-10
Iteration 2340: J=1.5164e-04, Jf=3.6958e-05, Jcp =1.1468e-04, |dJ|=9.8775e-08, |dJcp|=2.1418e-08
Iteration 2345: J=3.7005e-05, Jf=3.6997e-05, Jcp =8.0290e-09, |dJ|=7.9725e-08, |dJcp|=1.7921e-10
Iteration 2350: J=3.8505e-05, Jf=3.6992e-05, Jcp =1.5127e-06, |dJ|=8.1847e-08, |dJcp|=2.4599e-09
Iteration 2355: J=3.7006e-05, Jf=3.6997e-05, Jcp =8.0260e-09, |dJ|=7.9701e-08, |dJcp|=1.7918e-10
Iteration 2360: J=3.7005e-05, Jf=3.6997e-05, Jcp =8.0260e-09, |dJ|=7.6147e-08, |dJcp|=1.7918e-10
Iteration 2365: J=3.6991e-05, Jf=3.6983e-05, Jcp =8.0258e-09, |dJ|=2.4000e-08, |dJcp|=1.7917e-10
Iteration 2370: J=3.6990e-05, Jf=3.6982e-05, Jcp =8.0248e-09, |dJ|=6.7570e-10, |dJcp|=1.7916e-10
Iteration 2375: J=3.6990e-05, Jf=3.6982e-05, Jcp =7.8613e-09, |dJ|=1.1919e-08, |dJcp|=1.7733e-10
Iteration 2380: J=3.6985e-05, Jf=3.6984e-05, Jcp =5.9636e-10, |dJ|=5.9589e-08, |dJcp|=4.8841e-11
Iteration 2385: J=3.6982e-05, Jf=3.6982e-05, Jcp =0.0000e+00, |dJ|=4.6572e-10, |dJcp|=0.0000e+00
Iteration 2390: J=3.6982e-05, Jf=3.6982e-05, Jcp =0.0000e+00, |dJ|=1.0129e-09, |dJcp|=0.0000e+00
Iteration 2395: J=3.6982e-05, Jf=3.6982e-05, Jcp =3.1748e-14, |dJ|=7.4034e-10, |dJcp|=3.5636e-13
Iteration 2400: J=3.6982e-05, Jf=3.6982e-05, Jcp =3.6077e-14, |dJ|=1.1735e-11, |dJcp|=3.7988e-13
Iteration 2405: J=3.6982e-05, Jf=3.6982e-05, Jcp =2.4584e-14, |dJ|=1.0633e-09, |dJcp|=3.1358e-13
Iteration 2410: J=3.6982e-05, Jf=3.6982e-05, Jcp =0.0000e+00, |dJ|=1.4334e-08, |dJcp|=0.0000e+00
Iteration 2415: J=3.6982e-05, Jf=3.6982e-05, Jcp =0.0000e+00, |dJ|=2.4839e-08, |dJcp|=0.0000e+00
Iteration 2420: J=3.6985e-05, Jf=3.6981e-05, Jcp =3.6823e-09, |dJ|=2.4668e-08, |dJcp|=1.2136e-10
Iteration 2425: J=3.6981e-05, Jf=3.6981e-05, Jcp =3.5786e-11, |dJ|=1.2181e-10, |dJcp|=1.1964e-11
Iteration 2430: J=3.6981e-05, Jf=3.6981e-05, Jcp =1.8643e-10, |dJ|=2.9454e-10, |dJcp|=2.7308e-11
Iteration 2435: J=3.6981e-05, Jf=3.6981e-05, Jcp =3.8889e-11, |dJ|=7.9718e-09, |dJcp|=1.2472e-11
Iteration 2440: J=3.7376e-05, Jf=3.6960e-05, Jcp =4.1610e-07, |dJ|=1.2765e-07, |dJcp|=1.2901e-09
Iteration 2445: J=3.6966e-05, Jf=3.6965e-05, Jcp =3.6946e-10, |dJ|=2.3143e-10, |dJcp|=3.8443e-11
Iteration 2450: J=3.6966e-05, Jf=3.6965e-05, Jcp =3.4934e-10, |dJ|=5.5410e-10, |dJcp|=3.7382e-11
Iteration 2455: J=3.6965e-05, Jf=3.6965e-05, Jcp =2.1503e-10, |dJ|=7.1583e-09, |dJcp|=2.9328e-11
Iteration 2460: J=3.6949e-05, Jf=3.6948e-05, Jcp =8.4973e-10, |dJ|=1.0207e-07, |dJcp|=5.8300e-11
Iteration 2465: J=3.6943e-05, Jf=3.6942e-05, Jcp =4.8678e-10, |dJ|=7.4921e-08, |dJcp|=4.4126e-11
Iteration 2470: J=3.6936e-05, Jf=3.6936e-05, Jcp =3.3570e-11, |dJ|=4.9062e-10, |dJcp|=1.1588e-11
Iteration 2475: J=3.6960e-05, Jf=3.6935e-05, Jcp =2.4225e-08, |dJ|=7.3864e-09, |dJcp|=3.1129e-10
Iteration 2480: J=3.6935e-05, Jf=3.6935e-05, Jcp =6.2047e-11, |dJ|=5.0378e-09, |dJcp|=1.5754e-11
Iteration 2485: J=3.7527e-05, Jf=3.6935e-05, Jcp =5.9250e-07, |dJ|=1.2226e-08, |dJcp|=1.5395e-09
Iteration 2490: J=3.6935e-05, Jf=3.6935e-05, Jcp =6.5990e-11, |dJ|=5.3386e-09, |dJcp|=1.6247e-11
Iteration 2495: J=3.6944e-05, Jf=3.6935e-05, Jcp =8.6059e-09, |dJ|=6.1942e-09, |dJcp|=1.8554e-10
Iteration 2500: J=3.6935e-05, Jf=3.6935e-05, Jcp =6.6216e-11, |dJ|=5.3552e-09, |dJcp|=1.6275e-11
Iteration 2505: J=3.6935e-05, Jf=3.6935e-05, Jcp =6.5870e-11, |dJ|=5.3297e-09, |dJcp|=1.6232e-11
Iteration 2510: J=3.6935e-05, Jf=3.6935e-05, Jcp =6.5870e-11, |dJ|=5.3248e-09, |dJcp|=1.6232e-11
Iteration 2515: J=3.6935e-05, Jf=3.6935e-05, Jcp =6.5870e-11, |dJ|=2.2686e-09, |dJcp|=1.6232e-11
Iteration 2520: J=3.6935e-05, Jf=3.6935e-05, Jcp =6.5868e-11, |dJ|=1.7109e-11, |dJcp|=1.6232e-11
Iteration 2525: J=3.6935e-05, Jf=3.6935e-05, Jcp =6.5733e-11, |dJ|=2.9195e-10, |dJcp|=1.6215e-11
Iteration 2530: J=3.6935e-05, Jf=3.6935e-05, Jcp =4.9827e-11, |dJ|=3.2750e-09, |dJcp|=1.4118e-11
Iteration 2535: J=3.6935e-05, Jf=3.6935e-05, Jcp =4.0467e-12, |dJ|=9.2051e-11, |dJcp|=4.0233e-12
Iteration 2540: J=3.6935e-05, Jf=3.6935e-05, Jcp =3.6554e-12, |dJ|=6.9766e-12, |dJcp|=3.8238e-12
Iteration 2545: J=3.6935e-05, Jf=3.6935e-05, Jcp =3.6462e-12, |dJ|=1.5879e-10, |dJcp|=3.8190e-12
Iteration 2550: J=3.6935e-05, Jf=3.6935e-05, Jcp =3.5587e-12, |dJ|=1.9246e-09, |dJcp|=3.7729e-12
Iteration 2555: J=3.6935e-05, Jf=3.6935e-05, Jcp =3.8937e-11, |dJ|=1.1144e-08, |dJcp|=1.2480e-11
Iteration 2560: J=3.6935e-05, Jf=3.6935e-05, Jcp =1.7055e-10, |dJ|=2.5175e-11, |dJcp|=2.6119e-11
Iteration 2565: J=3.6935e-05, Jf=3.6935e-05, Jcp =8.4509e-11, |dJ|=2.5634e-09, |dJcp|=1.8386e-11
Iteration 2570: J=3.6926e-05, Jf=3.6924e-05, Jcp =2.1046e-09, |dJ|=5.9033e-08, |dJcp|=9.1751e-11
Iteration 2575: J=6.7176e-05, Jf=3.6601e-05, Jcp =3.0575e-05, |dJ|=3.8589e-07, |dJcp|=1.1059e-08
Iteration 2580: J=3.6762e-05, Jf=3.6713e-05, Jcp =4.9746e-08, |dJ|=3.0514e-07, |dJcp|=4.4607e-10
Iteration 2585: J=1.2294e-04, Jf=3.6543e-05, Jcp =8.6401e-05, |dJ|=3.7731e-07, |dJcp|=1.8590e-08
Iteration 2590: J=3.6730e-05, Jf=3.6675e-05, Jcp =5.4767e-08, |dJ|=3.2032e-07, |dJcp|=4.6805e-10
Iteration 2595: J=3.6713e-05, Jf=3.6656e-05, Jcp =5.7523e-08, |dJ|=3.2837e-07, |dJcp|=4.7968e-10
Iteration 2600: J=1.8638e-03, Jf=3.6145e-05, Jcp =1.8276e-03, |dJ|=4.9146e-07, |dJcp|=8.5501e-08
Iteration 2605: J=3.6713e-05, Jf=3.6656e-05, Jcp =5.7560e-08, |dJ|=3.2847e-07, |dJcp|=4.7983e-10
Iteration 2610: J=6.3063e-05, Jf=3.6587e-05, Jcp =2.6476e-05, |dJ|=3.4783e-07, |dJcp|=1.0291e-08
Iteration 2615: J=3.6713e-05, Jf=3.6655e-05, Jcp =5.7602e-08, |dJ|=3.2860e-07, |dJcp|=4.8001e-10
Iteration 2620: J=3.6713e-05, Jf=3.6656e-05, Jcp =5.7523e-08, |dJ|=3.2828e-07, |dJcp|=4.7968e-10
Iteration 2625: J=3.6681e-05, Jf=3.6623e-05, Jcp =5.7523e-08, |dJ|=2.3785e-07, |dJcp|=4.7968e-10
Iteration 2630: J=3.6639e-05, Jf=3.6582e-05, Jcp =5.7520e-08, |dJ|=6.2292e-09, |dJcp|=4.7967e-10
Iteration 2635: J=3.6639e-05, Jf=3.6582e-05, Jcp =5.7450e-08, |dJ|=6.8105e-09, |dJcp|=4.7937e-10
Iteration 2640: J=3.6634e-05, Jf=3.6586e-05, Jcp =4.7938e-08, |dJ|=8.7024e-08, |dJcp|=4.3789e-10
Iteration 2645: J=3.6583e-05, Jf=3.6583e-05, Jcp =0.0000e+00, |dJ|=1.1106e-08, |dJcp|=0.0000e+00
Iteration 2650: J=3.6582e-05, Jf=3.6582e-05, Jcp =1.5179e-12, |dJ|=1.6051e-09, |dJcp|=2.4641e-12
Iteration 2655: J=3.6584e-05, Jf=3.6582e-05, Jcp =1.9375e-09, |dJ|=3.2012e-09, |dJcp|=8.8033e-11
Iteration 2660: J=3.6582e-05, Jf=3.6582e-05, Jcp =4.3642e-12, |dJ|=3.8614e-10, |dJcp|=4.1782e-12
Iteration 2665: J=3.6582e-05, Jf=3.6582e-05, Jcp =6.3713e-12, |dJ|=1.5649e-11, |dJcp|=5.0483e-12
Iteration 2670: J=3.6582e-05, Jf=3.6582e-05, Jcp =6.6996e-12, |dJ|=2.7834e-10, |dJcp|=5.1767e-12
Iteration 2675: J=3.6582e-05, Jf=3.6582e-05, Jcp =1.1558e-11, |dJ|=3.2018e-09, |dJcp|=6.7994e-12
Iteration 2680: J=3.6581e-05, Jf=3.6581e-05, Jcp =2.1525e-10, |dJ|=3.5660e-08, |dJcp|=2.9343e-11
Iteration 2685: J=3.7303e-05, Jf=3.6571e-05, Jcp =7.3166e-07, |dJ|=9.3510e-08, |dJcp|=1.7107e-09
Iteration 2690: J=3.6580e-05, Jf=3.6579e-05, Jcp =3.0935e-10, |dJ|=4.3765e-08, |dJcp|=3.5176e-11
Iteration 2695: J=3.6579e-05, Jf=3.6578e-05, Jcp =8.2612e-10, |dJ|=3.6283e-08, |dJcp|=5.7485e-11
Iteration 2700: J=3.6577e-05, Jf=3.6577e-05, Jcp =1.3336e-10, |dJ|=2.1937e-11, |dJcp|=2.3096e-11
Iteration 2705: J=3.6577e-05, Jf=3.6577e-05, Jcp =8.3967e-11, |dJ|=3.5154e-11, |dJcp|=1.8327e-11
Iteration 2710: J=3.6577e-05, Jf=3.6577e-05, Jcp =3.9948e-12, |dJ|=9.0448e-10, |dJcp|=3.9974e-12
Iteration 2715: J=3.6448e-05, Jf=3.6448e-05, Jcp =0.0000e+00, |dJ|=1.9502e-07, |dJcp|=0.0000e+00
Iteration 2720: J=1.2663e-04, Jf=3.6271e-05, Jcp =9.0363e-05, |dJ|=3.2751e-07, |dJcp|=1.9012e-08
Iteration 2725: J=3.6447e-05, Jf=3.6447e-05, Jcp =0.0000e+00, |dJ|=1.9576e-07, |dJcp|=0.0000e+00
Iteration 2730: J=3.7425e-05, Jf=3.6422e-05, Jcp =1.0027e-06, |dJ|=2.1219e-07, |dJcp|=2.0027e-09
Iteration 2735: J=3.6444e-05, Jf=3.6444e-05, Jcp =0.0000e+00, |dJ|=1.9737e-07, |dJcp|=0.0000e+00
Iteration 2740: J=3.6448e-05, Jf=3.6448e-05, Jcp =0.0000e+00, |dJ|=1.9496e-07, |dJcp|=0.0000e+00
Iteration 2745: J=3.6437e-05, Jf=3.6437e-05, Jcp =0.0000e+00, |dJ|=1.3601e-07, |dJcp|=0.0000e+00
Iteration 2750: J=3.6412e-05, Jf=3.6412e-05, Jcp =0.0000e+00, |dJ|=1.4511e-08, |dJcp|=0.0000e+00
Iteration 2755: J=3.6412e-05, Jf=3.6412e-05, Jcp =0.0000e+00, |dJ|=8.5967e-12, |dJcp|=0.0000e+00
Iteration 2760: J=3.6412e-05, Jf=3.6412e-05, Jcp =0.0000e+00, |dJ|=2.1661e-10, |dJcp|=0.0000e+00
Iteration 2765: J=3.6412e-05, Jf=3.6412e-05, Jcp =0.0000e+00, |dJ|=2.6020e-09, |dJcp|=0.0000e+00
Iteration 2770: J=3.6416e-05, Jf=3.6410e-05, Jcp =5.9865e-09, |dJ|=2.0819e-08, |dJcp|=1.5474e-10
Iteration 2775: J=3.6410e-05, Jf=3.6410e-05, Jcp =6.6541e-11, |dJ|=1.9055e-11, |dJcp|=1.6315e-11
Iteration 2780: J=3.6410e-05, Jf=3.6410e-05, Jcp =6.6532e-11, |dJ|=4.3001e-10, |dJcp|=1.6313e-11
Iteration 2785: J=3.6410e-05, Jf=3.6410e-05, Jcp =6.6421e-11, |dJ|=5.0311e-09, |dJcp|=1.6300e-11
Iteration 2790: J=3.8101e-05, Jf=3.6400e-05, Jcp =1.7014e-06, |dJ|=5.5769e-08, |dJcp|=2.6088e-09
Iteration 2795: J=3.6406e-05, Jf=3.6406e-05, Jcp =6.5652e-11, |dJ|=3.4672e-08, |dJcp|=1.6205e-11
Iteration 2800: J=3.6429e-05, Jf=3.6405e-05, Jcp =2.4281e-08, |dJ|=3.7350e-08, |dJcp|=3.1165e-10
Iteration 2805: J=3.6423e-05, Jf=3.6423e-05, Jcp =0.0000e+00, |dJ|=7.8698e-08, |dJcp|=0.0000e+00
Iteration 2810: J=3.6402e-05, Jf=3.6402e-05, Jcp =2.5083e-11, |dJ|=1.7815e-09, |dJcp|=1.0017e-11
Iteration 2815: J=3.6402e-05, Jf=3.6402e-05, Jcp =2.4942e-11, |dJ|=7.3837e-12, |dJcp|=9.9884e-12
Iteration 2820: J=3.6402e-05, Jf=3.6402e-05, Jcp =2.4688e-11, |dJ|=1.0541e-10, |dJcp|=9.9374e-12
Iteration 2825: J=3.6402e-05, Jf=3.6402e-05, Jcp =2.1376e-11, |dJ|=1.6522e-09, |dJcp|=9.2469e-12
Iteration 2830: J=3.6402e-05, Jf=3.6402e-05, Jcp =3.4685e-12, |dJ|=2.0511e-08, |dJcp|=3.7248e-12
Iteration 2835: J=3.6400e-05, Jf=3.6400e-05, Jcp =3.0386e-11, |dJ|=3.6767e-08, |dJcp|=1.1025e-11
Iteration 2840: J=3.6399e-05, Jf=3.6399e-05, Jcp =2.1825e-10, |dJ|=8.0536e-10, |dJcp|=2.9546e-11
Iteration 2845: J=3.6399e-05, Jf=3.6398e-05, Jcp =2.4565e-10, |dJ|=7.1640e-09, |dJcp|=3.1346e-11
Iteration 2850: J=3.6401e-05, Jf=3.6398e-05, Jcp =3.0088e-09, |dJ|=8.9452e-09, |dJcp|=1.0970e-10
Iteration 2855: J=3.6399e-05, Jf=3.6398e-05, Jcp =2.4747e-10, |dJ|=7.3430e-09, |dJcp|=3.1462e-11
Iteration 2860: J=3.6398e-05, Jf=3.6398e-05, Jcp =2.5446e-10, |dJ|=2.1259e-09, |dJcp|=3.1904e-11
Iteration 2865: J=3.6398e-05, Jf=3.6398e-05, Jcp =2.4778e-10, |dJ|=2.6517e-10, |dJcp|=3.1482e-11
Iteration 2870: J=3.6342e-05, Jf=3.6330e-05, Jcp =1.1773e-08, |dJ|=7.7338e-08, |dJcp|=2.1701e-10
Iteration 2875: J=5.4951e-05, Jf=3.6268e-05, Jcp =1.8683e-05, |dJ|=1.2053e-07, |dJcp|=8.6448e-09
Iteration 2880: J=3.6341e-05, Jf=3.6330e-05, Jcp =1.1850e-08, |dJ|=7.7713e-08, |dJcp|=2.1771e-10
Iteration 2885: J=3.6426e-05, Jf=3.6321e-05, Jcp =1.0503e-07, |dJ|=8.3225e-08, |dJcp|=6.4816e-10
Iteration 2890: J=3.6338e-05, Jf=3.6326e-05, Jcp =1.2357e-08, |dJ|=8.0174e-08, |dJcp|=2.2232e-10
Iteration 2895: J=3.6342e-05, Jf=3.6330e-05, Jcp =1.1773e-08, |dJ|=7.7319e-08, |dJcp|=2.1701e-10
Iteration 2900: J=3.6340e-05, Jf=3.6328e-05, Jcp =1.1773e-08, |dJ|=5.9307e-08, |dJcp|=2.1701e-10
Iteration 2905: J=3.6331e-05, Jf=3.6319e-05, Jcp =1.1773e-08, |dJ|=2.4680e-10, |dJcp|=2.1700e-10
Iteration 2910: J=3.6331e-05, Jf=3.6319e-05, Jcp =1.1756e-08, |dJ|=3.5827e-09, |dJcp|=2.1685e-10
Iteration 2915: J=3.6330e-05, Jf=3.6320e-05, Jcp =9.6324e-09, |dJ|=4.1865e-08, |dJcp|=1.9629e-10
Iteration 2920: J=3.6319e-05, Jf=3.6319e-05, Jcp =0.0000e+00, |dJ|=4.2452e-09, |dJcp|=0.0000e+00
Iteration 2925: J=3.6319e-05, Jf=3.6319e-05, Jcp =2.4192e-10, |dJ|=3.0323e-09, |dJcp|=3.1107e-11
Iteration 2930: J=3.6319e-05, Jf=3.6319e-05, Jcp =0.0000e+00, |dJ|=1.5938e-09, |dJcp|=0.0000e+00
Iteration 2935: J=3.6319e-05, Jf=3.6319e-05, Jcp =1.8494e-12, |dJ|=1.7967e-09, |dJcp|=2.7199e-12
Iteration 2940: J=3.6319e-05, Jf=3.6319e-05, Jcp =5.3452e-14, |dJ|=9.6328e-10, |dJcp|=4.6239e-13
Iteration 2945: J=3.6319e-05, Jf=3.6319e-05, Jcp =5.5444e-14, |dJ|=9.1020e-12, |dJcp|=4.7093e-13
Iteration 2950: J=3.6319e-05, Jf=3.6319e-05, Jcp =5.7959e-14, |dJ|=1.0682e-09, |dJcp|=4.8150e-13
Iteration 2955: J=3.6319e-05, Jf=3.6319e-05, Jcp =3.7869e-11, |dJ|=1.4510e-08, |dJcp|=1.2307e-11
Iteration 2960: J=3.6319e-05, Jf=3.6319e-05, Jcp =6.3716e-11, |dJ|=1.4399e-11, |dJcp|=1.5964e-11
Iteration 2965: J=3.6319e-05, Jf=3.6319e-05, Jcp =7.7818e-11, |dJ|=9.5315e-10, |dJcp|=1.7643e-11
Iteration 2970: J=3.6319e-05, Jf=3.6318e-05, Jcp =3.4226e-10, |dJ|=1.1937e-08, |dJcp|=3.7001e-11
Iteration 2975: J=3.6319e-05, Jf=3.6318e-05, Jcp =1.2221e-09, |dJ|=1.5555e-08, |dJcp|=6.9916e-11
Iteration 2980: J=3.6318e-05, Jf=3.6318e-05, Jcp =0.0000e+00, |dJ|=7.9529e-10, |dJcp|=0.0000e+00
Iteration 2985: J=3.6318e-05, Jf=3.6318e-05, Jcp =6.7286e-11, |dJ|=1.0231e-09, |dJcp|=1.6406e-11
Iteration 2990: J=3.6318e-05, Jf=3.6318e-05, Jcp =2.0527e-11, |dJ|=6.8435e-10, |dJcp|=9.0613e-12
Iteration 2995: J=3.6318e-05, Jf=3.6318e-05, Jcp =2.3870e-11, |dJ|=2.8680e-11, |dJcp|=9.7713e-12
Iteration 3000: J=3.6318e-05, Jf=3.6318e-05, Jcp =1.6483e-11, |dJ|=6.6849e-10, |dJcp|=8.1200e-12
Iteration 3005: J=3.6318e-05, Jf=3.6318e-05, Jcp =7.0851e-13, |dJ|=8.5735e-09, |dJcp|=1.6835e-12
Iteration 3010: J=3.6316e-05, Jf=3.6316e-05, Jcp =6.9515e-12, |dJ|=4.0818e-08, |dJcp|=5.2731e-12
Iteration 3015: J=3.6317e-05, Jf=3.6315e-05, Jcp =2.1923e-09, |dJ|=4.6875e-08, |dJcp|=9.3645e-11
Iteration 3020: J=3.6315e-05, Jf=3.6315e-05, Jcp =1.3849e-10, |dJ|=4.2205e-08, |dJcp|=2.3536e-11
Iteration 3025: J=3.6314e-05, Jf=3.6314e-05, Jcp =6.0888e-11, |dJ|=9.4716e-09, |dJcp|=1.5606e-11
Iteration 3030: J=3.6314e-05, Jf=3.6314e-05, Jcp =2.4845e-10, |dJ|=8.1183e-09, |dJcp|=3.1525e-11
Iteration 3035: J=3.6313e-05, Jf=3.6313e-05, Jcp =3.6477e-11, |dJ|=7.7160e-09, |dJcp|=1.2079e-11
Iteration 3040: J=3.6389e-05, Jf=3.6312e-05, Jcp =7.6444e-08, |dJ|=2.1271e-08, |dJcp|=5.5297e-10
Iteration 3045: J=3.6313e-05, Jf=3.6313e-05, Jcp =2.7521e-11, |dJ|=1.0885e-08, |dJcp|=1.0492e-11
Iteration 3050: J=3.6313e-05, Jf=3.6313e-05, Jcp =2.3302e-10, |dJ|=1.2500e-08, |dJcp|=3.0530e-11
Iteration 3055: J=3.6313e-05, Jf=3.6313e-05, Jcp =2.8325e-11, |dJ|=1.2040e-08, |dJcp|=1.0644e-11
Iteration 3060: J=3.6313e-05, Jf=3.6313e-05, Jcp =7.6167e-11, |dJ|=3.0757e-11, |dJcp|=1.7455e-11
Iteration 3065: J=3.6313e-05, Jf=3.6313e-05, Jcp =7.1426e-11, |dJ|=3.9553e-10, |dJcp|=1.6903e-11
Iteration 3070: J=3.6313e-05, Jf=3.6313e-05, Jcp =1.0046e-10, |dJ|=4.5274e-09, |dJcp|=2.0046e-11
Iteration 3075: J=3.6294e-05, Jf=3.6279e-05, Jcp =1.4667e-08, |dJ|=6.9819e-08, |dJcp|=2.4222e-10
Iteration 3080: J=3.5916e-05, Jf=3.5626e-05, Jcp =2.8990e-07, |dJ|=3.1503e-07, |dJcp|=1.0768e-09
Iteration 3085: J=9.8908e-03, Jf=3.3410e-05, Jcp =9.8574e-03, |dJ|=6.5447e-07, |dJcp|=1.9857e-07
Iteration 3090: J=3.5809e-05, Jf=3.5463e-05, Jcp =3.4613e-07, |dJ|=3.4455e-07, |dJcp|=1.1766e-09
Iteration 3095: J=1.0331e-04, Jf=3.5159e-05, Jcp =6.8154e-05, |dJ|=3.7859e-07, |dJcp|=1.6511e-08
Iteration 3100: J=3.5756e-05, Jf=3.5395e-05, Jcp =3.6108e-07, |dJ|=3.5194e-07, |dJcp|=1.2018e-09
Iteration 3105: J=3.5810e-05, Jf=3.5464e-05, Jcp =3.4592e-07, |dJ|=3.4445e-07, |dJcp|=1.1763e-09
Iteration 3110: J=3.5810e-05, Jf=3.5464e-05, Jcp =3.4592e-07, |dJ|=3.4398e-07, |dJcp|=1.1763e-09
Iteration 3115: J=3.5748e-05, Jf=3.5402e-05, Jcp =3.4592e-07, |dJ|=2.5234e-08, |dJcp|=1.1763e-09
Iteration 3120: J=3.5746e-05, Jf=3.5400e-05, Jcp =3.4590e-07, |dJ|=1.2015e-09, |dJcp|=1.1763e-09
Iteration 3125: J=3.5744e-05, Jf=3.5401e-05, Jcp =3.4377e-07, |dJ|=3.4109e-08, |dJcp|=1.1726e-09
Iteration 3130: J=3.5605e-05, Jf=3.5486e-05, Jcp =1.1861e-07, |dJ|=3.6714e-07, |dJcp|=6.8881e-10
Iteration 3135: J=3.5402e-05, Jf=3.5402e-05, Jcp =0.0000e+00, |dJ|=2.0840e-09, |dJcp|=0.0000e+00
Iteration 3140: J=3.5402e-05, Jf=3.5402e-05, Jcp =1.9734e-12, |dJ|=9.1884e-09, |dJcp|=2.8096e-12
Iteration 3145: J=3.5405e-05, Jf=3.5402e-05, Jcp =3.2111e-09, |dJ|=1.4441e-08, |dJcp|=1.1333e-10
Iteration 3150: J=3.5402e-05, Jf=3.5402e-05, Jcp =3.2303e-12, |dJ|=9.9994e-09, |dJcp|=3.5946e-12
Iteration 3155: J=3.5402e-05, Jf=3.5402e-05, Jcp =1.5148e-10, |dJ|=8.1092e-09, |dJcp|=2.4615e-11
Iteration 3160: J=3.5402e-05, Jf=3.5402e-05, Jcp =6.3398e-12, |dJ|=4.4348e-12, |dJcp|=5.0358e-12
Iteration 3165: J=3.5402e-05, Jf=3.5402e-05, Jcp =6.3559e-12, |dJ|=1.6105e-10, |dJcp|=5.0422e-12
Iteration 3170: J=3.5402e-05, Jf=3.5402e-05, Jcp =6.5456e-12, |dJ|=2.0081e-09, |dJcp|=5.1169e-12
Iteration 3175: J=3.5401e-05, Jf=3.5401e-05, Jcp =9.0844e-12, |dJ|=2.2479e-08, |dJcp|=6.0281e-12
Iteration 3180: J=3.5358e-05, Jf=3.5358e-05, Jcp =8.9272e-11, |dJ|=2.4657e-07, |dJcp|=1.8897e-11
Iteration 3185: J=3.4922e-04, Jf=3.5170e-05, Jcp =3.1405e-04, |dJ|=5.0700e-07, |dJcp|=3.5443e-08
Iteration 3190: J=3.5321e-05, Jf=3.5321e-05, Jcp =1.2490e-10, |dJ|=3.0339e-07, |dJcp|=2.2352e-11
Iteration 3195: J=3.5329e-05, Jf=3.5293e-05, Jcp =3.5617e-08, |dJ|=3.3520e-07, |dJcp|=3.7745e-10
Iteration 3200: J=2.3176e-03, Jf=3.4948e-05, Jcp =2.2827e-03, |dJ|=6.7626e-07, |dJcp|=9.5555e-08
Iteration 3205: J=3.5295e-05, Jf=3.5295e-05, Jcp =1.4566e-10, |dJ|=3.3261e-07, |dJcp|=2.4138e-11
Iteration 3210: J=6.7174e-05, Jf=3.5241e-05, Jcp =3.1934e-05, |dJ|=3.7505e-07, |dJcp|=1.1302e-08
Iteration 3215: J=3.5295e-05, Jf=3.5295e-05, Jcp =1.4580e-10, |dJ|=3.3280e-07, |dJcp|=2.4150e-11
Iteration 3220: J=3.5296e-05, Jf=3.5295e-05, Jcp =1.4556e-10, |dJ|=3.3247e-07, |dJcp|=2.4129e-11
Iteration 3225: J=3.5293e-05, Jf=3.5293e-05, Jcp =1.4556e-10, |dJ|=3.2640e-07, |dJcp|=2.4129e-11
Iteration 3230: J=3.5219e-05, Jf=3.5219e-05, Jcp =1.4555e-10, |dJ|=6.0190e-08, |dJcp|=2.4129e-11
Iteration 3235: J=3.5217e-05, Jf=3.5217e-05, Jcp =1.4555e-10, |dJ|=2.2958e-11, |dJcp|=2.4129e-11
Iteration 3240: J=3.5217e-05, Jf=3.5217e-05, Jcp =1.4457e-10, |dJ|=7.9305e-10, |dJcp|=2.4047e-11
Iteration 3245: J=3.5217e-05, Jf=3.5217e-05, Jcp =6.3151e-11, |dJ|=6.6189e-09, |dJcp|=1.5894e-11
Iteration 3250: J=3.5217e-05, Jf=3.5217e-05, Jcp =4.9433e-12, |dJ|=8.1648e-12, |dJcp|=4.4467e-12
Iteration 3255: J=3.5217e-05, Jf=3.5217e-05, Jcp =5.0845e-12, |dJ|=6.1169e-11, |dJcp|=4.5098e-12
Iteration 3260: J=3.5217e-05, Jf=3.5217e-05, Jcp =7.0879e-12, |dJ|=8.1803e-10, |dJcp|=5.3246e-12
Iteration 3265: J=3.5217e-05, Jf=3.5217e-05, Jcp =7.9226e-11, |dJ|=9.2142e-09, |dJcp|=1.7802e-11
Iteration 3270: J=3.5216e-05, Jf=3.5216e-05, Jcp =2.5577e-10, |dJ|=1.8119e-08, |dJcp|=3.1986e-11
Iteration 3275: J=3.5216e-05, Jf=3.5216e-05, Jcp =5.8576e-11, |dJ|=6.7170e-11, |dJcp|=1.5307e-11
Iteration 3280: J=3.5216e-05, Jf=3.5216e-05, Jcp =5.5399e-11, |dJ|=1.8704e-10, |dJcp|=1.4886e-11
Iteration 3285: J=3.5216e-05, Jf=3.5216e-05, Jcp =4.9205e-11, |dJ|=2.5884e-09, |dJcp|=1.4029e-11
Iteration 3290: J=3.5215e-05, Jf=3.5215e-05, Jcp =7.4165e-12, |dJ|=3.0278e-08, |dJcp|=5.4467e-12
Iteration 3295: J=3.5259e-05, Jf=3.5204e-05, Jcp =5.5029e-08, |dJ|=1.1494e-07, |dJcp|=4.6917e-10
Iteration 3300: J=3.5209e-05, Jf=3.5209e-05, Jcp =8.4557e-11, |dJ|=8.8423e-08, |dJcp|=1.8391e-11
Iteration 3305: J=3.5202e-05, Jf=3.5202e-05, Jcp =4.4766e-10, |dJ|=2.6553e-10, |dJcp|=4.2316e-11
Iteration 3310: J=3.5202e-05, Jf=3.5202e-05, Jcp =7.2127e-10, |dJ|=3.9574e-09, |dJcp|=5.3713e-11
Iteration 3315: J=3.5202e-05, Jf=3.5201e-05, Jcp =5.7925e-10, |dJ|=1.1632e-08, |dJcp|=4.8135e-11
Iteration 3320: J=3.5356e-05, Jf=3.5201e-05, Jcp =1.5560e-07, |dJ|=1.2044e-08, |dJcp|=7.8892e-10
Iteration 3325: J=3.5202e-05, Jf=3.5201e-05, Jcp =5.0761e-10, |dJ|=1.2544e-08, |dJcp|=4.5060e-11
Iteration 3330: J=3.5203e-05, Jf=3.5201e-05, Jcp =1.4799e-09, |dJ|=1.2361e-08, |dJcp|=7.6938e-11
Iteration 3335: J=3.5202e-05, Jf=3.5201e-05, Jcp =4.9006e-10, |dJ|=8.6446e-09, |dJcp|=4.4275e-11
Iteration 3340: J=3.5202e-05, Jf=3.5201e-05, Jcp =4.7342e-10, |dJ|=3.5195e-10, |dJcp|=4.3517e-11
Iteration 3345: J=3.5202e-05, Jf=3.5201e-05, Jcp =4.7197e-10, |dJ|=5.3495e-10, |dJcp|=4.3450e-11
Iteration 3350: J=3.5202e-05, Jf=3.5201e-05, Jcp =8.8179e-10, |dJ|=5.0312e-09, |dJcp|=5.9390e-11
Iteration 3355: J=3.5188e-05, Jf=3.5173e-05, Jcp =1.4603e-08, |dJ|=5.0847e-08, |dJcp|=2.4168e-10
Iteration 3360: J=3.5168e-05, Jf=3.5136e-05, Jcp =3.2607e-08, |dJ|=7.0733e-08, |dJcp|=3.6115e-10
Iteration 3365: J=3.5185e-05, Jf=3.5121e-05, Jcp =6.3509e-08, |dJ|=7.2516e-08, |dJcp|=5.0402e-10
Iteration 3370: J=3.5163e-05, Jf=3.5126e-05, Jcp =3.6361e-08, |dJ|=7.1897e-08, |dJcp|=3.8137e-10
Iteration 3375: J=3.5135e-05, Jf=3.5120e-05, Jcp =1.5579e-08, |dJ|=5.5022e-09, |dJcp|=2.4963e-10
Iteration 3380: J=3.5165e-05, Jf=3.5118e-05, Jcp =4.6103e-08, |dJ|=3.6782e-08, |dJcp|=4.2943e-10
Iteration 3385: J=3.5132e-05, Jf=3.5120e-05, Jcp =1.2415e-08, |dJ|=2.0726e-08, |dJcp|=2.2284e-10
Iteration 3390: J=3.5124e-05, Jf=3.5124e-05, Jcp =3.5763e-10, |dJ|=5.5504e-09, |dJcp|=3.7822e-11
Iteration 3395: J=3.5123e-05, Jf=3.5123e-05, Jcp =6.1773e-10, |dJ|=1.4389e-10, |dJcp|=4.9708e-11
Iteration 3400: J=3.5123e-05, Jf=3.5123e-05, Jcp =1.5642e-10, |dJ|=1.0363e-08, |dJcp|=2.5014e-11
Iteration 3405: J=3.3667e-04, Jf=3.5099e-05, Jcp =3.0157e-04, |dJ|=9.1943e-08, |dJcp|=3.4732e-08
Iteration 3410: J=3.5112e-05, Jf=3.5112e-05, Jcp =1.3438e-11, |dJ|=5.3207e-08, |dJcp|=7.3317e-12
Iteration 3415: J=2.8010e-03, Jf=3.5074e-05, Jcp =2.7660e-03, |dJ|=1.5023e-07, |dJcp|=1.0518e-07
Iteration 3420: J=3.5112e-05, Jf=3.5112e-05, Jcp =1.3438e-11, |dJ|=5.3210e-08, |dJcp|=7.3316e-12
Iteration 3425: J=3.5118e-05, Jf=3.5111e-05, Jcp =6.2506e-09, |dJ|=5.3399e-08, |dJcp|=1.5812e-10
Iteration 3430: J=3.5111e-05, Jf=3.5111e-05, Jcp =1.3422e-11, |dJ|=5.3301e-08, |dJcp|=7.3272e-12
Iteration 3435: J=3.5112e-05, Jf=3.5112e-05, Jcp =1.3438e-11, |dJ|=5.3190e-08, |dJcp|=7.3317e-12
Iteration 3440: J=3.5111e-05, Jf=3.5111e-05, Jcp =1.3438e-11, |dJ|=3.5497e-08, |dJcp|=7.3317e-12
Iteration 3445: J=3.5109e-05, Jf=3.5109e-05, Jcp =1.3438e-11, |dJ|=5.0102e-11, |dJcp|=7.3315e-12
Iteration 3450: J=3.5109e-05, Jf=3.5109e-05, Jcp =1.3435e-11, |dJ|=6.0318e-11, |dJcp|=7.3307e-12
Iteration 3455: J=3.5109e-05, Jf=3.5109e-05, Jcp =1.3028e-11, |dJ|=8.7106e-10, |dJcp|=7.2188e-12
Iteration 3460: J=3.5109e-05, Jf=3.5109e-05, Jcp =0.0000e+00, |dJ|=4.9186e-09, |dJcp|=0.0000e+00
Iteration 3465: J=3.5110e-05, Jf=3.5109e-05, Jcp =1.6812e-09, |dJ|=1.9665e-08, |dJcp|=8.2005e-11
Iteration 3470: J=3.5109e-05, Jf=3.5109e-05, Jcp =2.7071e-11, |dJ|=1.0179e-11, |dJcp|=1.0406e-11
Iteration 3475: J=3.5109e-05, Jf=3.5109e-05, Jcp =2.7073e-11, |dJ|=4.2851e-10, |dJcp|=1.0406e-11
Iteration 3480: J=3.5109e-05, Jf=3.5109e-05, Jcp =2.7098e-11, |dJ|=5.1026e-09, |dJcp|=1.0411e-11
Iteration 3485: J=3.5126e-05, Jf=3.5107e-05, Jcp =1.9496e-08, |dJ|=5.6990e-08, |dJcp|=2.7925e-10
Iteration 3490: J=3.5107e-05, Jf=3.5107e-05, Jcp =9.6425e-13, |dJ|=3.5414e-09, |dJcp|=1.9639e-12
Iteration 3495: J=3.5107e-05, Jf=3.5107e-05, Jcp =1.0637e-10, |dJ|=2.8770e-09, |dJcp|=2.0628e-11
Iteration 3500: J=3.5106e-05, Jf=3.5106e-05, Jcp =1.1568e-10, |dJ|=2.5104e-08, |dJcp|=2.1511e-11
Iteration 3505: J=3.5140e-05, Jf=3.5105e-05, Jcp =3.5581e-08, |dJ|=3.9620e-08, |dJcp|=3.7726e-10
Iteration 3510: J=3.5106e-05, Jf=3.5106e-05, Jcp =1.1716e-10, |dJ|=2.7453e-08, |dJcp|=2.1648e-11
Iteration 3515: J=3.5106e-05, Jf=3.5105e-05, Jcp =2.8626e-10, |dJ|=2.9309e-08, |dJcp|=3.3838e-11
Iteration 3520: J=3.5105e-05, Jf=3.5105e-05, Jcp =5.0872e-12, |dJ|=8.8149e-10, |dJcp|=4.5110e-12
Iteration 3525: J=3.5105e-05, Jf=3.5105e-05, Jcp =1.9897e-11, |dJ|=2.1448e-09, |dJcp|=8.9212e-12
Iteration 3530: J=3.5107e-05, Jf=3.5105e-05, Jcp =2.4596e-09, |dJ|=4.9425e-09, |dJcp|=9.9189e-11
Iteration 3535: J=3.5105e-05, Jf=3.5105e-05, Jcp =1.9100e-11, |dJ|=6.7772e-11, |dJcp|=8.7408e-12
Iteration 3540: J=3.5105e-05, Jf=3.5105e-05, Jcp =1.8941e-11, |dJ|=1.4976e-11, |dJcp|=8.7043e-12
Iteration 3545: J=3.5105e-05, Jf=3.5105e-05, Jcp =1.7974e-11, |dJ|=3.1315e-10, |dJcp|=8.4792e-12
Iteration 3550: J=3.5105e-05, Jf=3.5105e-05, Jcp =9.9486e-12, |dJ|=3.6408e-09, |dJcp|=6.3083e-12
Iteration 3555: J=3.5103e-05, Jf=3.5103e-05, Jcp =4.3571e-11, |dJ|=4.6742e-08, |dJcp|=1.3202e-11
Iteration 3560: J=3.5114e-05, Jf=3.5113e-05, Jcp =4.4680e-10, |dJ|=1.5636e-07, |dJcp|=4.2275e-11
Iteration 3565: J=3.5100e-05, Jf=3.5099e-05, Jcp =4.0189e-10, |dJ|=4.9252e-10, |dJcp|=4.0094e-11
Iteration 3570: J=3.5100e-05, Jf=3.5099e-05, Jcp =4.0114e-10, |dJ|=3.8824e-09, |dJcp|=4.0057e-11
Iteration 3575: J=3.5112e-05, Jf=3.5099e-05, Jcp =1.2914e-08, |dJ|=8.0234e-09, |dJcp|=2.2728e-10
Iteration 3580: J=3.5099e-05, Jf=3.5099e-05, Jcp =5.8609e-10, |dJ|=9.0855e-09, |dJcp|=4.8418e-11
Iteration 3585: J=3.5091e-05, Jf=3.5091e-05, Jcp =3.6283e-11, |dJ|=5.6112e-08, |dJcp|=1.2047e-11
Iteration 3590: J=3.4453e-05, Jf=3.4452e-05, Jcp =4.7166e-10, |dJ|=3.3086e-07, |dJcp|=4.3435e-11
Iteration 3595: J=1.2276e-03, Jf=3.3326e-05, Jcp =1.1943e-03, |dJ|=5.1908e-07, |dJcp|=6.9117e-08
Iteration 3600: J=3.4588e-05, Jf=3.4168e-05, Jcp =4.2057e-07, |dJ|=3.6881e-07, |dJcp|=1.2970e-09
Iteration 3605: J=3.4225e-05, Jf=3.4225e-05, Jcp =5.6625e-10, |dJ|=3.6085e-07, |dJcp|=4.7592e-11
Iteration 3610: J=5.2346e-03, Jf=3.2539e-05, Jcp =5.2021e-03, |dJ|=5.3494e-07, |dJcp|=1.4425e-07
Iteration 3615: J=3.4222e-05, Jf=3.4221e-05, Jcp =5.6712e-10, |dJ|=3.6110e-07, |dJcp|=4.7628e-11
Iteration 3620: J=3.3990e-05, Jf=3.3990e-05, Jcp =5.2123e-10, |dJ|=1.2296e-07, |dJcp|=4.5661e-11
Iteration 3625: J=3.3976e-05, Jf=3.3974e-05, Jcp =2.5512e-09, |dJ|=4.7397e-09, |dJcp|=1.0102e-10
Iteration 3630: J=3.3975e-05, Jf=3.3971e-05, Jcp =3.8812e-09, |dJ|=4.3130e-08, |dJcp|=1.2460e-10
Iteration 3635: J=3.4208e-05, Jf=3.3967e-05, Jcp =2.4025e-07, |dJ|=6.8755e-08, |dJcp|=9.8031e-10
Iteration 3640: J=3.3974e-05, Jf=3.3970e-05, Jcp =4.0412e-09, |dJ|=4.7278e-08, |dJcp|=1.2714e-10
Iteration 3645: J=3.3974e-05, Jf=3.3970e-05, Jcp =4.3231e-09, |dJ|=5.0657e-08, |dJcp|=1.3150e-10
Iteration 3650: J=3.3973e-05, Jf=3.3970e-05, Jcp =2.2366e-09, |dJ|=7.8222e-09, |dJcp|=9.4586e-11
Iteration 3655: J=3.3972e-05, Jf=3.3970e-05, Jcp =2.4106e-09, |dJ|=2.9043e-09, |dJcp|=9.8196e-11
Iteration 3660: J=3.3968e-05, Jf=3.3965e-05, Jcp =3.1780e-09, |dJ|=6.0026e-08, |dJcp|=1.1275e-10
Iteration 3665: J=3.5228e-05, Jf=3.3962e-05, Jcp =1.2664e-06, |dJ|=7.3893e-08, |dJcp|=2.2507e-09
Iteration 3670: J=3.3968e-05, Jf=3.3965e-05, Jcp =3.1803e-09, |dJ|=6.0110e-08, |dJcp|=1.1279e-10
Iteration 3675: J=3.3974e-05, Jf=3.3964e-05, Jcp =1.0188e-08, |dJ|=6.1870e-08, |dJcp|=2.0187e-10
Iteration 3680: J=3.3968e-05, Jf=3.3965e-05, Jcp =3.1777e-09, |dJ|=6.0012e-08, |dJcp|=1.1274e-10
Iteration 3685: J=3.3968e-05, Jf=3.3965e-05, Jcp =3.1777e-09, |dJ|=5.9649e-08, |dJcp|=1.1274e-10
Iteration 3690: J=3.3966e-05, Jf=3.3963e-05, Jcp =3.1776e-09, |dJ|=1.8366e-09, |dJcp|=1.1274e-10
Iteration 3695: J=3.3966e-05, Jf=3.3963e-05, Jcp =3.1774e-09, |dJ|=1.9161e-10, |dJcp|=1.1274e-10
Iteration 3700: J=3.3966e-05, Jf=3.3963e-05, Jcp =3.1426e-09, |dJ|=5.1325e-09, |dJcp|=1.1212e-10
Iteration 3705: J=3.3965e-05, Jf=3.3964e-05, Jcp =7.3415e-10, |dJ|=3.8016e-08, |dJcp|=5.4190e-11
Iteration 3710: J=3.3963e-05, Jf=3.3963e-05, Jcp =3.5016e-12, |dJ|=3.6109e-11, |dJcp|=3.7425e-12
Iteration 3715: J=3.3963e-05, Jf=3.3963e-05, Jcp =1.0647e-12, |dJ|=3.9847e-09, |dJcp|=2.0636e-12
Iteration 3720: J=3.3964e-05, Jf=3.3963e-05, Jcp =1.7148e-09, |dJ|=1.9561e-08, |dJcp|=8.2821e-11
Iteration 3725: J=3.3963e-05, Jf=3.3963e-05, Jcp =0.0000e+00, |dJ|=1.3796e-08, |dJcp|=0.0000e+00
Iteration 3730: J=3.3964e-05, Jf=3.3963e-05, Jcp =1.4391e-09, |dJ|=1.7272e-08, |dJcp|=7.5870e-11
Iteration 3735: J=3.3963e-05, Jf=3.3963e-05, Jcp =7.7825e-12, |dJ|=1.4525e-08, |dJcp|=5.5794e-12
Iteration 3740: J=3.3963e-05, Jf=3.3963e-05, Jcp =6.5620e-12, |dJ|=8.2806e-12, |dJcp|=5.1233e-12
Iteration 3745: J=3.3963e-05, Jf=3.3963e-05, Jcp =6.5555e-12, |dJ|=1.6885e-10, |dJcp|=5.1207e-12
Iteration 3750: J=3.3963e-05, Jf=3.3963e-05, Jcp =6.4780e-12, |dJ|=2.0444e-09, |dJcp|=5.0904e-12
Iteration 3755: J=3.3962e-05, Jf=3.3962e-05, Jcp =3.8707e-11, |dJ|=1.2526e-08, |dJcp|=1.2443e-11
Iteration 3760: J=3.3962e-05, Jf=3.3962e-05, Jcp =6.3551e-11, |dJ|=1.8505e-10, |dJcp|=1.5944e-11
Iteration 3765: J=3.3962e-05, Jf=3.3962e-05, Jcp =7.8739e-11, |dJ|=1.7623e-08, |dJcp|=1.7747e-11
Iteration 3770: J=3.3953e-05, Jf=3.3953e-05, Jcp =4.4648e-11, |dJ|=4.7736e-08, |dJcp|=1.3364e-11
Iteration 3775: J=3.3951e-05, Jf=3.3951e-05, Jcp =7.1552e-12, |dJ|=4.1861e-09, |dJcp|=5.3498e-12
Iteration 3780: J=3.3939e-05, Jf=3.3939e-05, Jcp =6.5036e-12, |dJ|=5.4823e-08, |dJcp|=5.1004e-12
Iteration 3785: J=3.3933e-05, Jf=3.3933e-05, Jcp =6.3839e-12, |dJ|=6.3585e-08, |dJcp|=5.0533e-12
Iteration 3790: J=3.4110e-05, Jf=3.3932e-05, Jcp =1.7817e-07, |dJ|=6.4934e-08, |dJcp|=8.4419e-10
Iteration 3795: J=3.3937e-05, Jf=3.3932e-05, Jcp =4.7486e-09, |dJ|=6.4544e-08, |dJcp|=1.3782e-10
Iteration 3800: J=3.3932e-05, Jf=3.3932e-05, Jcp =6.3714e-12, |dJ|=6.4445e-08, |dJcp|=5.0483e-12
Iteration 3805: J=4.0047e-05, Jf=3.3928e-05, Jcp =6.1184e-06, |dJ|=6.6994e-08, |dJcp|=4.9471e-09
Iteration 3810: J=3.3932e-05, Jf=3.3932e-05, Jcp =6.3714e-12, |dJ|=6.4449e-08, |dJcp|=5.0483e-12
Iteration 3815: J=3.3979e-05, Jf=3.3932e-05, Jcp =4.6948e-08, |dJ|=6.4748e-08, |dJcp|=4.3335e-10
Iteration 3820: J=3.9823e-05, Jf=3.9700e-05, Jcp =1.2369e-07, |dJ|=2.9562e-06, |dJcp|=7.0340e-10
Iteration 3825: J=6.1745e-04, Jf=3.3606e-05, Jcp =5.8384e-04, |dJ|=4.4047e-07, |dJcp|=4.8326e-08
Iteration 3830: J=3.3793e-05, Jf=3.3742e-05, Jcp =5.1889e-08, |dJ|=3.8241e-07, |dJcp|=4.5558e-10
Iteration 3835: J=3.3747e-05, Jf=3.3747e-05, Jcp =1.6674e-11, |dJ|=3.8058e-07, |dJcp|=8.1668e-12
Iteration 3840: J=3.3658e-05, Jf=3.3658e-05, Jcp =1.6854e-10, |dJ|=7.6568e-10, |dJcp|=2.5965e-11
Iteration 3845: J=3.3658e-05, Jf=3.3658e-05, Jcp =1.7412e-10, |dJ|=3.8799e-10, |dJcp|=2.6391e-11
Iteration 3850: J=3.3658e-05, Jf=3.3657e-05, Jcp =1.5748e-10, |dJ|=1.6471e-08, |dJcp|=2.5098e-11
Iteration 3855: J=3.3651e-05, Jf=3.3651e-05, Jcp =1.7945e-10, |dJ|=3.5816e-09, |dJcp|=2.6792e-11
Iteration 3860: J=3.3650e-05, Jf=3.3650e-05, Jcp =1.8383e-10, |dJ|=5.6031e-09, |dJcp|=2.7117e-11
Iteration 3865: J=3.3662e-05, Jf=3.3650e-05, Jcp =1.2640e-08, |dJ|=7.4922e-09, |dJcp|=2.2485e-10
Iteration 3870: J=3.3650e-05, Jf=3.3650e-05, Jcp =1.8390e-10, |dJ|=5.7893e-09, |dJcp|=2.7122e-11
Iteration 3875: J=3.3650e-05, Jf=3.3650e-05, Jcp =2.5088e-10, |dJ|=6.0458e-09, |dJcp|=3.1679e-11
Iteration 3880: J=3.3650e-05, Jf=3.3650e-05, Jcp =1.8736e-10, |dJ|=2.0594e-10, |dJcp|=2.7376e-11
Iteration 3885: J=3.3650e-05, Jf=3.3650e-05, Jcp =1.8517e-10, |dJ|=2.5802e-09, |dJcp|=2.7215e-11
Iteration 3890: J=3.3648e-05, Jf=3.3648e-05, Jcp =1.6216e-10, |dJ|=3.2190e-08, |dJcp|=2.5468e-11
Iteration 3895: J=3.5899e-05, Jf=3.3624e-05, Jcp =2.2747e-06, |dJ|=1.1839e-07, |dJcp|=3.0164e-09
Iteration 3900: J=3.3632e-05, Jf=3.3632e-05, Jcp =1.1295e-10, |dJ|=9.8607e-08, |dJcp|=2.1256e-11
Iteration 3905: J=5.2734e-05, Jf=3.3610e-05, Jcp =1.9124e-05, |dJ|=1.2993e-07, |dJcp|=8.7461e-09
Iteration 3910: J=3.3632e-05, Jf=3.3631e-05, Jcp =1.1279e-10, |dJ|=9.8816e-08, |dJcp|=2.1241e-11
Iteration 3915: J=3.3649e-05, Jf=3.3628e-05, Jcp =2.1335e-08, |dJ|=1.0371e-07, |dJcp|=2.9213e-10
Iteration 3920: J=3.3632e-05, Jf=3.3632e-05, Jcp =1.1297e-10, |dJ|=9.8591e-08, |dJcp|=2.1257e-11
Iteration 3925: J=3.3632e-05, Jf=3.3632e-05, Jcp =1.1297e-10, |dJ|=9.8185e-08, |dJcp|=2.1257e-11
Iteration 3930: J=3.3619e-05, Jf=3.3619e-05, Jcp =1.1297e-10, |dJ|=4.5313e-08, |dJcp|=2.1257e-11
Iteration 3935: J=3.3617e-05, Jf=3.3616e-05, Jcp =1.1296e-10, |dJ|=2.1343e-11, |dJcp|=2.1257e-11
Iteration 3940: J=3.3617e-05, Jf=3.3616e-05, Jcp =1.1272e-10, |dJ|=4.3338e-10, |dJcp|=2.1234e-11
Iteration 3945: J=3.3616e-05, Jf=3.3616e-05, Jcp =8.5079e-11, |dJ|=4.7089e-09, |dJcp|=1.8448e-11
Iteration 3950: J=3.3616e-05, Jf=3.3616e-05, Jcp =2.4875e-12, |dJ|=2.2644e-10, |dJcp|=3.1544e-12
Iteration 3955: J=3.3616e-05, Jf=3.3616e-05, Jcp =0.0000e+00, |dJ|=4.0700e-09, |dJcp|=0.0000e+00
Iteration 3960: J=3.6067e-05, Jf=3.3602e-05, Jcp =2.4649e-06, |dJ|=1.2023e-07, |dJcp|=3.1400e-09
Iteration 3965: J=3.3612e-05, Jf=3.3612e-05, Jcp =0.0000e+00, |dJ|=5.8044e-08, |dJcp|=0.0000e+00
Iteration 3970: J=3.3620e-05, Jf=3.3611e-05, Jcp =9.8893e-09, |dJ|=6.6558e-08, |dJcp|=1.9889e-10
Iteration 3975: J=3.3611e-05, Jf=3.3611e-05, Jcp =0.0000e+00, |dJ|=6.2843e-08, |dJcp|=0.0000e+00
Iteration 3980: J=3.3620e-05, Jf=3.3620e-05, Jcp =0.0000e+00, |dJ|=1.2455e-07, |dJcp|=0.0000e+00
Iteration 3985: J=3.3609e-05, Jf=3.3609e-05, Jcp =2.8497e-11, |dJ|=1.1733e-11, |dJcp|=1.0676e-11
Iteration 3990: J=3.3609e-05, Jf=3.3609e-05, Jcp =2.8376e-11, |dJ|=4.2468e-10, |dJcp|=1.0654e-11
Iteration 3995: J=3.3609e-05, Jf=3.3609e-05, Jcp =2.6987e-11, |dJ|=5.2798e-09, |dJcp|=1.0390e-11
Iteration 4000: J=3.3605e-05, Jf=3.3605e-05, Jcp =1.2472e-11, |dJ|=5.7223e-08, |dJcp|=7.0632e-12
Iteration 4005: J=3.3525e-05, Jf=3.3525e-05, Jcp =0.0000e+00, |dJ|=5.1344e-08, |dJcp|=0.0000e+00
Iteration 4010: J=3.3522e-05, Jf=3.3522e-05, Jcp =0.0000e+00, |dJ|=1.6281e-09, |dJcp|=0.0000e+00
Iteration 4015: J=3.3517e-05, Jf=3.3517e-05, Jcp =0.0000e+00, |dJ|=6.1333e-08, |dJcp|=0.0000e+00
Iteration 4020: J=1.2066e-04, Jf=3.3450e-05, Jcp =8.7212e-05, |dJ|=2.3279e-07, |dJcp|=1.8678e-08
Iteration 4025: J=3.3483e-05, Jf=3.3483e-05, Jcp =0.0000e+00, |dJ|=1.7414e-07, |dJcp|=0.0000e+00
Iteration 4030: J=3.3478e-05, Jf=3.3478e-05, Jcp =2.9158e-10, |dJ|=1.8321e-07, |dJcp|=3.4151e-11
Iteration 4035: J=3.3414e-05, Jf=3.3414e-05, Jcp =0.0000e+00, |dJ|=1.8642e-07, |dJcp|=0.0000e+00
Iteration 4040: J=3.6392e-04, Jf=3.3354e-05, Jcp =3.3056e-04, |dJ|=3.6384e-08, |dJcp|=3.6363e-08
Iteration 4045: J=3.3380e-05, Jf=3.3380e-05, Jcp =0.0000e+00, |dJ|=1.1980e-07, |dJcp|=0.0000e+00
Iteration 4050: J=3.8788e-05, Jf=3.3365e-05, Jcp =5.4231e-06, |dJ|=7.9534e-08, |dJcp|=4.6575e-09
Iteration 4055: J=3.3373e-05, Jf=3.3373e-05, Jcp =0.0000e+00, |dJ|=1.0185e-07, |dJcp|=0.0000e+00
Iteration 4060: J=3.5134e-05, Jf=3.3366e-05, Jcp =1.7678e-06, |dJ|=8.4563e-08, |dJcp|=2.6592e-09
Iteration 4065: J=3.3369e-05, Jf=3.3369e-05, Jcp =0.0000e+00, |dJ|=9.2772e-08, |dJcp|=0.0000e+00
Iteration 4070: J=3.3369e-05, Jf=3.3369e-05, Jcp =0.0000e+00, |dJ|=9.1124e-08, |dJcp|=0.0000e+00
Iteration 4075: J=3.6918e-05, Jf=3.3365e-05, Jcp =3.5531e-06, |dJ|=8.2107e-08, |dJcp|=3.7699e-09
Iteration 4080: J=3.3369e-05, Jf=3.3369e-05, Jcp =0.0000e+00, |dJ|=9.1100e-08, |dJcp|=0.0000e+00
Iteration 4085: J=3.3407e-05, Jf=3.3368e-05, Jcp =3.8560e-08, |dJ|=8.9959e-08, |dJcp|=3.9274e-10
Iteration 4090: J=3.3369e-05, Jf=3.3369e-05, Jcp =0.0000e+00, |dJ|=9.1127e-08, |dJcp|=0.0000e+00
Iteration 4095: J=3.3368e-05, Jf=3.3368e-05, Jcp =0.0000e+00, |dJ|=8.4221e-08, |dJcp|=0.0000e+00
Iteration 4100: J=3.3364e-05, Jf=3.3364e-05, Jcp =0.0000e+00, |dJ|=2.6140e-09, |dJcp|=0.0000e+00
Iteration 4105: J=3.3364e-05, Jf=3.3364e-05, Jcp =0.0000e+00, |dJ|=1.1293e-11, |dJcp|=0.0000e+00
Iteration 4110: J=3.3364e-05, Jf=3.3364e-05, Jcp =0.0000e+00, |dJ|=2.2627e-10, |dJcp|=0.0000e+00
Iteration 4115: J=3.3364e-05, Jf=3.3364e-05, Jcp =0.0000e+00, |dJ|=2.6317e-09, |dJcp|=0.0000e+00
Iteration 4120: J=3.3364e-05, Jf=3.3363e-05, Jcp =8.8813e-10, |dJ|=2.9326e-08, |dJcp|=5.9603e-11
Iteration 4125: J=3.3363e-05, Jf=3.3363e-05, Jcp =1.2160e-11, |dJ|=2.3011e-08, |dJcp|=6.9743e-12
Iteration 4130: J=3.3363e-05, Jf=3.3363e-05, Jcp =4.0483e-11, |dJ|=1.1798e-11, |dJcp|=1.2725e-11
Iteration 4135: J=3.3363e-05, Jf=3.3363e-05, Jcp =4.3563e-11, |dJ|=1.5605e-10, |dJcp|=1.3201e-11
Iteration 4140: J=3.3363e-05, Jf=3.3363e-05, Jcp =9.0105e-11, |dJ|=2.1114e-09, |dJcp|=1.8985e-11
Iteration 4145: J=3.3361e-05, Jf=3.3360e-05, Jcp =1.7471e-09, |dJ|=2.3631e-08, |dJcp|=8.3596e-11
Iteration 4150: J=3.3355e-05, Jf=3.3349e-05, Jcp =6.3256e-09, |dJ|=4.8825e-08, |dJcp|=1.5907e-10
Iteration 4155: J=3.3881e-05, Jf=3.3337e-05, Jcp =5.4373e-07, |dJ|=6.3782e-08, |dJcp|=1.4748e-09
Iteration 4160: J=3.3352e-05, Jf=3.3344e-05, Jcp =7.8821e-09, |dJ|=5.5002e-08, |dJcp|=1.7756e-10
Iteration 4165: J=3.3351e-05, Jf=3.3343e-05, Jcp =8.2259e-09, |dJ|=5.6281e-08, |dJcp|=1.8139e-10
Iteration 4170: J=4.5071e-05, Jf=3.3316e-05, Jcp =1.1755e-05, |dJ|=8.2001e-08, |dJcp|=6.8571e-09
Iteration 4175: J=3.3351e-05, Jf=3.3343e-05, Jcp =8.2564e-09, |dJ|=5.6393e-08, |dJcp|=1.8173e-10
Iteration 4180: J=3.3526e-05, Jf=3.3340e-05, Jcp =1.8677e-07, |dJ|=5.9587e-08, |dJcp|=8.6433e-10
Iteration 4185: J=3.3349e-05, Jf=3.3349e-05, Jcp =0.0000e+00, |dJ|=1.1746e-07, |dJcp|=0.0000e+00
Iteration 4190: J=3.3342e-05, Jf=3.3342e-05, Jcp =0.0000e+00, |dJ|=1.0925e-08, |dJcp|=0.0000e+00
Iteration 4195: J=3.3342e-05, Jf=3.3341e-05, Jcp =6.2554e-10, |dJ|=1.0842e-08, |dJcp|=5.0021e-11
Iteration 4200: J=3.3341e-05, Jf=3.3341e-05, Jcp =3.4512e-11, |dJ|=4.8454e-09, |dJcp|=1.1749e-11
Iteration 4205: J=3.3342e-05, Jf=3.3341e-05, Jcp =3.9148e-10, |dJ|=8.5612e-09, |dJcp|=3.9571e-11
Iteration 4210: J=3.3341e-05, Jf=3.3341e-05, Jcp =3.3814e-11, |dJ|=6.9154e-09, |dJcp|=1.1630e-11
Iteration 4215: J=3.3344e-05, Jf=3.3341e-05, Jcp =3.1115e-09, |dJ|=9.5939e-09, |dJcp|=1.1156e-10
Iteration 4220: J=3.3341e-05, Jf=3.3341e-05, Jcp =3.8311e-11, |dJ|=6.5938e-09, |dJcp|=1.2379e-11
Iteration 4225: J=3.3341e-05, Jf=3.3341e-05, Jcp =2.0334e-11, |dJ|=6.6588e-12, |dJcp|=9.0187e-12
Iteration 4230: J=3.3341e-05, Jf=3.3341e-05, Jcp =1.9606e-11, |dJ|=1.6790e-10, |dJcp|=8.8557e-12
Iteration 4235: J=3.3341e-05, Jf=3.3341e-05, Jcp =1.2483e-11, |dJ|=2.0120e-09, |dJcp|=7.0662e-12
Iteration 4240: J=3.3340e-05, Jf=3.3340e-05, Jcp =0.0000e+00, |dJ|=2.5136e-08, |dJcp|=0.0000e+00
Iteration 4245: J=3.3249e-05, Jf=3.3249e-05, Jcp =0.0000e+00, |dJ|=3.1212e-07, |dJcp|=0.0000e+00
Iteration 4250: J=3.2997e-05, Jf=3.2997e-05, Jcp =0.0000e+00, |dJ|=5.4516e-07, |dJcp|=0.0000e+00
Iteration 4255: J=2.0692e-03, Jf=3.2582e-05, Jcp =2.0366e-03, |dJ|=6.6994e-07, |dJcp|=9.0257e-08
Iteration 4260: J=3.2970e-05, Jf=3.2970e-05, Jcp =0.0000e+00, |dJ|=5.5162e-07, |dJcp|=0.0000e+00
Iteration 4265: J=3.3262e-05, Jf=3.2900e-05, Jcp =3.6206e-07, |dJ|=5.6926e-07, |dJcp|=1.2034e-09
Iteration 4270: J=1.8184e-02, Jf=3.1984e-05, Jcp =1.8152e-02, |dJ|=7.3863e-07, |dJcp|=2.6946e-07
Iteration 4275: J=3.2907e-05, Jf=3.2907e-05, Jcp =0.0000e+00, |dJ|=5.6749e-07, |dJcp|=0.0000e+00
Iteration 4280: J=3.1099e-04, Jf=3.2752e-05, Jcp =2.7824e-04, |dJ|=5.8334e-07, |dJcp|=3.3361e-08
Iteration 4285: J=3.2907e-05, Jf=3.2907e-05, Jcp =0.0000e+00, |dJ|=5.6751e-07, |dJcp|=0.0000e+00
Iteration 4290: J=3.2907e-05, Jf=3.2907e-05, Jcp =0.0000e+00, |dJ|=5.6746e-07, |dJcp|=0.0000e+00
Iteration 4295: J=3.2900e-05, Jf=3.2900e-05, Jcp =0.0000e+00, |dJ|=5.5498e-07, |dJcp|=0.0000e+00
Iteration 4300: J=3.2620e-05, Jf=3.2620e-05, Jcp =0.0000e+00, |dJ|=9.0723e-08, |dJcp|=0.0000e+00
Iteration 4305: J=3.2616e-05, Jf=3.2616e-05, Jcp =0.0000e+00, |dJ|=4.4525e-11, |dJcp|=0.0000e+00
Iteration 4310: J=3.2616e-05, Jf=3.2616e-05, Jcp =0.0000e+00, |dJ|=3.9616e-11, |dJcp|=0.0000e+00
Iteration 4315: J=3.2616e-05, Jf=3.2616e-05, Jcp =0.0000e+00, |dJ|=6.3081e-10, |dJcp|=0.0000e+00
Iteration 4320: J=3.2616e-05, Jf=3.2616e-05, Jcp =0.0000e+00, |dJ|=7.1822e-09, |dJcp|=0.0000e+00
Iteration 4325: J=3.2612e-05, Jf=3.2612e-05, Jcp =0.0000e+00, |dJ|=7.9972e-08, |dJcp|=0.0000e+00
Iteration 4330: J=3.2614e-05, Jf=3.2610e-05, Jcp =3.7253e-09, |dJ|=9.2851e-08, |dJcp|=1.2207e-10
Iteration 4335: J=3.2606e-05, Jf=3.2606e-05, Jcp =2.7800e-10, |dJ|=9.5675e-11, |dJcp|=3.3347e-11
Iteration 4340: J=3.2606e-05, Jf=3.2606e-05, Jcp =4.6023e-10, |dJ|=1.3318e-08, |dJcp|=4.2906e-11
Iteration 4345: J=3.2580e-05, Jf=3.2577e-05, Jcp =3.3337e-09, |dJ|=2.0770e-07, |dJcp|=1.1548e-10
Iteration 4350: J=3.4517e-04, Jf=3.2451e-05, Jcp =3.1272e-04, |dJ|=4.4855e-07, |dJcp|=3.5368e-08
Iteration 4355: J=3.2544e-05, Jf=3.2539e-05, Jcp =5.1504e-09, |dJ|=2.8303e-07, |dJcp|=1.4353e-10
Iteration 4360: J=3.2567e-05, Jf=3.2524e-05, Jcp =4.2584e-08, |dJ|=3.0716e-07, |dJcp|=4.1272e-10
Iteration 4365: J=3.5581e-04, Jf=3.2433e-05, Jcp =3.2338e-04, |dJ|=4.1298e-07, |dJcp|=3.5965e-08
Iteration 4370: J=3.2531e-05, Jf=3.2526e-05, Jcp =5.7533e-09, |dJ|=3.0500e-07, |dJcp|=1.5170e-10
Iteration 4375: J=3.5957e-05, Jf=3.2513e-05, Jcp =3.4438e-06, |dJ|=3.1834e-07, |dJcp|=3.7115e-09
Iteration 4380: J=3.2691e-05, Jf=3.2691e-05, Jcp =0.0000e+00, |dJ|=6.1151e-07, |dJcp|=0.0000e+00
Iteration 4385: J=3.2622e-05, Jf=3.2474e-05, Jcp =1.4787e-07, |dJ|=6.1722e-08, |dJcp|=7.6908e-10
Iteration 4390: J=3.2476e-05, Jf=3.2476e-05, Jcp =0.0000e+00, |dJ|=1.9370e-08, |dJcp|=0.0000e+00
Iteration 4395: J=3.2476e-05, Jf=3.2476e-05, Jcp =2.4825e-11, |dJ|=1.4220e-09, |dJcp|=9.9650e-12
Iteration 4400: J=3.2476e-05, Jf=3.2475e-05, Jcp =6.5951e-10, |dJ|=9.2601e-09, |dJcp|=5.1362e-11
Iteration 4405: J=3.2476e-05, Jf=3.2475e-05, Jcp =2.4227e-11, |dJ|=7.2755e-09, |dJcp|=9.8442e-12
Iteration 4410: J=3.2478e-05, Jf=3.2475e-05, Jcp =2.4386e-09, |dJ|=9.3629e-09, |dJcp|=9.8765e-11
Iteration 4415: J=3.2476e-05, Jf=3.2475e-05, Jcp =2.4196e-11, |dJ|=7.6168e-09, |dJcp|=9.8378e-12
Iteration 4420: J=3.2476e-05, Jf=3.2475e-05, Jcp =2.7238e-11, |dJ|=7.8912e-09, |dJcp|=1.0438e-11
Iteration 4425: J=3.2476e-05, Jf=3.2475e-05, Jcp =2.4229e-11, |dJ|=7.2494e-09, |dJcp|=9.8447e-12
Iteration 4430: J=3.2476e-05, Jf=3.2475e-05, Jcp =2.4229e-11, |dJ|=6.5620e-09, |dJcp|=9.8447e-12
Iteration 4435: J=3.2475e-05, Jf=3.2475e-05, Jcp =2.4228e-11, |dJ|=2.1490e-09, |dJcp|=9.8444e-12
Iteration 4440: J=3.2475e-05, Jf=3.2475e-05, Jcp =2.4227e-11, |dJ|=2.5724e-11, |dJcp|=9.8443e-12
Iteration 4445: J=3.2475e-05, Jf=3.2475e-05, Jcp =2.4025e-11, |dJ|=4.6412e-10, |dJcp|=9.8031e-12
Iteration 4450: J=3.2475e-05, Jf=3.2475e-05, Jcp =8.3632e-12, |dJ|=3.7230e-09, |dJcp|=5.7838e-12
Iteration 4455: J=3.2475e-05, Jf=3.2475e-05, Jcp =0.0000e+00, |dJ|=3.6129e-11, |dJcp|=0.0000e+00
Iteration 4460: J=3.2475e-05, Jf=3.2475e-05, Jcp =0.0000e+00, |dJ|=2.4239e-09, |dJcp|=0.0000e+00
Iteration 4465: J=3.2476e-05, Jf=3.2475e-05, Jcp =6.4798e-10, |dJ|=5.3442e-09, |dJcp|=5.0911e-11
Iteration 4470: J=3.2475e-05, Jf=3.2475e-05, Jcp =0.0000e+00, |dJ|=3.1712e-09, |dJcp|=0.0000e+00
Iteration 4475: J=3.2475e-05, Jf=3.2475e-05, Jcp =2.8715e-12, |dJ|=3.5009e-09, |dJcp|=3.3891e-12
Iteration 4480: J=3.2476e-05, Jf=3.2476e-05, Jcp =0.0000e+00, |dJ|=1.0625e-08, |dJcp|=0.0000e+00
Iteration 4485: J=3.2475e-05, Jf=3.2475e-05, Jcp =1.2158e-13, |dJ|=1.7200e-11, |dJcp|=6.9737e-13
Iteration 4490: J=3.2475e-05, Jf=3.2475e-05, Jcp =1.0866e-13, |dJ|=3.5850e-10, |dJcp|=6.5928e-13
Iteration 4495: J=3.2475e-05, Jf=3.2475e-05, Jcp =1.3821e-14, |dJ|=4.1699e-09, |dJcp|=2.3512e-13
Iteration 4500: J=3.2475e-05, Jf=3.2475e-05, Jcp =0.0000e+00, |dJ|=1.8719e-08, |dJcp|=0.0000e+00
Iteration 4505: J=3.2691e-05, Jf=3.2474e-05, Jcp =2.1664e-07, |dJ|=4.6700e-08, |dJcp|=9.3090e-10
Iteration 4510: J=3.2475e-05, Jf=3.2475e-05, Jcp =0.0000e+00, |dJ|=2.1102e-08, |dJcp|=0.0000e+00
Iteration 4515: J=3.2478e-05, Jf=3.2475e-05, Jcp =3.0473e-09, |dJ|=2.4371e-08, |dJcp|=1.1040e-10
Iteration 4520: J=3.2475e-05, Jf=3.2474e-05, Jcp =3.6606e-10, |dJ|=2.4936e-08, |dJcp|=3.8265e-11
Iteration 4525: J=3.2474e-05, Jf=3.2474e-05, Jcp =4.7060e-10, |dJ|=4.5131e-11, |dJcp|=4.3387e-11
Iteration 4530: J=3.2474e-05, Jf=3.2474e-05, Jcp =4.6532e-10, |dJ|=8.1962e-10, |dJcp|=4.3143e-11
Iteration 4535: J=3.2474e-05, Jf=3.2474e-05, Jcp =4.2881e-10, |dJ|=1.0265e-08, |dJcp|=4.1415e-11
Iteration 4540: J=3.2472e-05, Jf=3.2472e-05, Jcp =6.4981e-10, |dJ|=4.4055e-08, |dJcp|=5.0983e-11
Iteration 4545: J=3.2480e-05, Jf=3.2471e-05, Jcp =9.3538e-09, |dJ|=5.2588e-08, |dJcp|=1.9343e-10
Iteration 4550: J=3.2472e-05, Jf=3.2471e-05, Jcp =7.2902e-10, |dJ|=4.9042e-08, |dJcp|=5.4001e-11
Iteration 4555: J=3.2472e-05, Jf=3.2472e-05, Jcp =8.2936e-12, |dJ|=7.1400e-08, |dJcp|=5.7597e-12
Iteration 4560: J=3.2470e-05, Jf=3.2470e-05, Jcp =1.5340e-11, |dJ|=9.8114e-11, |dJcp|=7.8333e-12
Iteration 4565: J=3.2470e-05, Jf=3.2470e-05, Jcp =1.4066e-11, |dJ|=9.3097e-10, |dJcp|=7.5009e-12
Iteration 4570: J=3.2470e-05, Jf=3.2469e-05, Jcp =2.8341e-10, |dJ|=2.1965e-09, |dJcp|=3.3669e-11
Iteration 4575: J=3.2470e-05, Jf=3.2470e-05, Jcp =1.3802e-11, |dJ|=1.2072e-09, |dJcp|=7.4303e-12
Iteration 4580: J=3.2470e-05, Jf=3.2470e-05, Jcp =2.0323e-11, |dJ|=9.3535e-10, |dJcp|=9.0162e-12
Iteration 4585: J=3.2470e-05, Jf=3.2470e-05, Jcp =1.5478e-11, |dJ|=1.0452e-11, |dJcp|=7.8685e-12
Iteration 4590: J=3.2470e-05, Jf=3.2470e-05, Jcp =1.5025e-11, |dJ|=4.1365e-10, |dJcp|=7.7523e-12
Iteration 4595: J=3.2470e-05, Jf=3.2469e-05, Jcp =1.3392e-11, |dJ|=4.9191e-09, |dJcp|=7.3189e-12
Iteration 4600: J=3.2467e-05, Jf=3.2467e-05, Jcp =2.7803e-11, |dJ|=7.4600e-08, |dJcp|=1.0546e-11
Iteration 4605: J=3.2154e-05, Jf=3.2153e-05, Jcp =5.2650e-10, |dJ|=7.9906e-07, |dJcp|=4.5891e-11
Iteration 4610: J=4.3698e-03, Jf=3.0481e-05, Jcp =4.3393e-03, |dJ|=1.2961e-06, |dJcp|=1.3175e-07
Iteration 4615: J=3.0950e-05, Jf=3.0949e-05, Jcp =1.4059e-09, |dJ|=1.4175e-06, |dJcp|=7.4991e-11
Iteration 4620: J=6.9605e-05, Jf=3.0882e-05, Jcp =3.8723e-05, |dJ|=1.4019e-06, |dJcp|=1.2446e-08
Iteration 4625: J=3.0943e-05, Jf=3.0942e-05, Jcp =1.4031e-09, |dJ|=1.4158e-06, |dJcp|=7.4916e-11
Iteration 4630: J=3.0950e-05, Jf=3.0949e-05, Jcp =1.4060e-09, |dJ|=1.4175e-06, |dJcp|=7.4992e-11
Iteration 4635: J=3.0907e-05, Jf=3.0906e-05, Jcp =1.4060e-09, |dJ|=1.3793e-06, |dJcp|=7.4992e-11
Iteration 4640: J=3.0111e-05, Jf=3.0110e-05, Jcp =1.4059e-09, |dJ|=1.3014e-08, |dJcp|=7.4991e-11
Iteration 4645: J=3.0111e-05, Jf=3.0110e-05, Jcp =1.4059e-09, |dJ|=7.2676e-11, |dJcp|=7.4990e-11
Iteration 4650: J=3.0111e-05, Jf=3.0110e-05, Jcp =1.4033e-09, |dJ|=1.3363e-09, |dJcp|=7.4922e-11
Iteration 4655: J=3.0111e-05, Jf=3.0110e-05, Jcp =1.1008e-09, |dJ|=1.4849e-08, |dJcp|=6.6357e-11
Iteration 4660: J=3.0110e-05, Jf=3.0110e-05, Jcp =0.0000e+00, |dJ|=7.9055e-10, |dJcp|=0.0000e+00
Iteration 4665: J=3.0110e-05, Jf=3.0110e-05, Jcp =1.9562e-12, |dJ|=7.3862e-11, |dJcp|=2.7973e-12
Iteration 4670: J=3.0110e-05, Jf=3.0110e-05, Jcp =2.7421e-12, |dJ|=1.3522e-09, |dJcp|=3.3118e-12
Iteration 4675: J=3.0109e-05, Jf=3.0109e-05, Jcp =2.6555e-11, |dJ|=1.5377e-08, |dJcp|=1.0306e-11
Iteration 4680: J=3.0090e-05, Jf=3.0086e-05, Jcp =3.7035e-09, |dJ|=1.5743e-07, |dJcp|=1.2171e-10
Iteration 4685: J=2.9641e-05, Jf=2.9579e-05, Jcp =6.1887e-08, |dJ|=6.5222e-07, |dJcp|=4.9754e-10
Iteration 4690: J=2.8438e-03, Jf=2.9075e-05, Jcp =2.8147e-03, |dJ|=7.3428e-07, |dJcp|=1.0611e-07
Iteration 4695: J=2.9416e-05, Jf=2.9349e-05, Jcp =6.7295e-08, |dJ|=6.8291e-07, |dJcp|=5.1882e-10
Iteration 4700: J=2.9327e-05, Jf=2.9260e-05, Jcp =6.6569e-08, |dJ|=6.7997e-07, |dJcp|=5.1602e-10
Iteration 4705: J=2.9309e-05, Jf=2.9242e-05, Jcp =6.6419e-08, |dJ|=6.7936e-07, |dJcp|=5.1544e-10
Iteration 4710: J=4.0032e-05, Jf=2.9224e-05, Jcp =1.0808e-05, |dJ|=6.7680e-07, |dJcp|=6.5752e-09
Iteration 4715: J=2.9308e-05, Jf=2.9242e-05, Jcp =6.6409e-08, |dJ|=6.7931e-07, |dJcp|=5.1540e-10
Iteration 4720: J=2.9314e-05, Jf=2.9239e-05, Jcp =7.4957e-08, |dJ|=6.7890e-07, |dJcp|=5.4757e-10
Iteration 4725: J=2.9309e-05, Jf=2.9242e-05, Jcp =6.6420e-08, |dJ|=6.7935e-07, |dJcp|=5.1544e-10
Iteration 4730: J=2.9306e-05, Jf=2.9240e-05, Jcp =6.6420e-08, |dJ|=6.7561e-07, |dJcp|=5.1544e-10
Iteration 4735: J=2.9040e-05, Jf=2.8974e-05, Jcp =6.6419e-08, |dJ|=1.1487e-07, |dJcp|=5.1544e-10
Iteration 4740: J=2.9006e-05, Jf=2.8939e-05, Jcp =6.6415e-08, |dJ|=1.2191e-09, |dJcp|=5.1542e-10
Iteration 4745: J=2.9006e-05, Jf=2.8939e-05, Jcp =6.6324e-08, |dJ|=9.8117e-09, |dJcp|=5.1507e-10
Iteration 4750: J=2.9000e-05, Jf=2.8945e-05, Jcp =5.4737e-08, |dJ|=1.1718e-07, |dJcp|=4.6792e-10
Iteration 4755: J=2.8940e-05, Jf=2.8940e-05, Jcp =0.0000e+00, |dJ|=1.3340e-08, |dJcp|=0.0000e+00
Iteration 4760: J=2.8940e-05, Jf=2.8940e-05, Jcp =0.0000e+00, |dJ|=1.8922e-09, |dJcp|=0.0000e+00
Iteration 4765: J=2.8940e-05, Jf=2.8940e-05, Jcp =2.6028e-10, |dJ|=5.4618e-09, |dJcp|=3.2266e-11
Iteration 4770: J=2.8940e-05, Jf=2.8940e-05, Jcp =2.8092e-12, |dJ|=3.2723e-09, |dJcp|=3.3521e-12
Iteration 4775: J=2.8940e-05, Jf=2.8940e-05, Jcp =2.4697e-12, |dJ|=8.9766e-12, |dJcp|=3.1431e-12
Iteration 4780: J=2.8940e-05, Jf=2.8940e-05, Jcp =2.4688e-12, |dJ|=2.1833e-10, |dJcp|=3.1425e-12
Iteration 4785: J=2.8940e-05, Jf=2.8940e-05, Jcp =2.4586e-12, |dJ|=2.5388e-09, |dJcp|=3.1360e-12
Iteration 4790: J=2.8939e-05, Jf=2.8939e-05, Jcp =2.3471e-12, |dJ|=2.8223e-08, |dJcp|=3.0641e-12
Iteration 4795: J=2.8952e-05, Jf=2.8938e-05, Jcp =1.4223e-08, |dJ|=3.6403e-08, |dJcp|=2.3852e-10
Iteration 4800: J=2.8938e-05, Jf=2.8938e-05, Jcp =2.3275e-12, |dJ|=3.2787e-08, |dJcp|=3.0513e-12
Iteration 4805: J=2.9821e-05, Jf=2.8935e-05, Jcp =8.8531e-07, |dJ|=5.0628e-08, |dJcp|=1.8818e-09
Iteration 4810: J=2.8938e-05, Jf=2.8938e-05, Jcp =2.3268e-12, |dJ|=3.2967e-08, |dJcp|=3.0507e-12
Iteration 4815: J=2.8951e-05, Jf=2.8938e-05, Jcp =1.2698e-08, |dJ|=3.5203e-08, |dJcp|=2.2537e-10
Iteration 4820: J=2.8938e-05, Jf=2.8938e-05, Jcp =7.1410e-11, |dJ|=3.2126e-08, |dJcp|=1.6901e-11
Iteration 4825: J=2.8937e-05, Jf=2.8937e-05, Jcp =9.7520e-12, |dJ|=1.2533e-11, |dJcp|=6.2456e-12
Iteration 4830: J=2.8937e-05, Jf=2.8937e-05, Jcp =9.7528e-12, |dJ|=2.2224e-10, |dJcp|=6.2459e-12
Iteration 4835: J=2.8937e-05, Jf=2.8937e-05, Jcp =9.7612e-12, |dJ|=2.5635e-09, |dJcp|=6.2486e-12
Iteration 4840: J=2.8935e-05, Jf=2.8935e-05, Jcp =9.8483e-12, |dJ|=2.8560e-08, |dJcp|=6.2764e-12
Iteration 4845: J=9.1345e-05, Jf=2.8778e-05, Jcp =6.2567e-05, |dJ|=2.9853e-07, |dJcp|=1.5820e-08
Iteration 4850: J=2.8867e-05, Jf=2.8867e-05, Jcp =1.0121e-11, |dJ|=1.9843e-07, |dJcp|=6.3626e-12
Iteration 4855: J=2.8868e-05, Jf=2.8850e-05, Jcp =1.8474e-08, |dJ|=2.1403e-07, |dJcp|=2.7184e-10
Iteration 4860: J=2.8818e-05, Jf=2.8818e-05, Jcp =5.5754e-12, |dJ|=1.4758e-07, |dJcp|=4.7225e-12
Iteration 4865: J=3.2417e-05, Jf=2.8745e-05, Jcp =3.6717e-06, |dJ|=3.8962e-08, |dJcp|=3.8323e-09
Iteration 4870: J=2.8801e-05, Jf=2.8801e-05, Jcp =4.5324e-12, |dJ|=1.1928e-07, |dJcp|=4.2579e-12
Iteration 4875: J=2.8778e-05, Jf=2.8778e-05, Jcp =4.0627e-11, |dJ|=2.3782e-10, |dJcp|=1.2748e-11
Iteration 4880: J=2.8778e-05, Jf=2.8777e-05, Jcp =8.9160e-11, |dJ|=2.9937e-11, |dJcp|=1.8885e-11
Iteration 4885: J=2.8778e-05, Jf=2.8777e-05, Jcp =8.9099e-11, |dJ|=1.9773e-09, |dJcp|=1.8878e-11
Iteration 4890: J=2.8777e-05, Jf=2.8777e-05, Jcp =9.2266e-11, |dJ|=2.3566e-08, |dJcp|=1.9211e-11
Iteration 4895: J=2.8738e-05, Jf=2.8737e-05, Jcp =5.8521e-10, |dJ|=2.5913e-07, |dJcp|=4.8382e-11
Iteration 4900: J=2.7529e-05, Jf=2.7527e-05, Jcp =1.4701e-09, |dJ|=3.9036e-07, |dJcp|=7.6683e-11
Iteration 4905: J=2.7446e-05, Jf=2.7446e-05, Jcp =3.9955e-12, |dJ|=1.4010e-10, |dJcp|=3.9977e-12
Iteration 4910: J=2.7446e-05, Jf=2.7446e-05, Jcp =6.2648e-12, |dJ|=5.7458e-09, |dJcp|=5.0059e-12
Iteration 4915: J=2.7438e-05, Jf=2.7438e-05, Jcp =5.6566e-11, |dJ|=5.5935e-08, |dJcp|=1.5042e-11
Iteration 4920: J=2.7412e-05, Jf=2.7412e-05, Jcp =4.0324e-12, |dJ|=5.8309e-11, |dJcp|=4.0162e-12
Iteration 4925: J=2.7412e-05, Jf=2.7412e-05, Jcp =4.9349e-12, |dJ|=2.2958e-09, |dJcp|=4.4429e-12
Iteration 4930: J=2.7407e-05, Jf=2.7407e-05, Jcp =3.2624e-11, |dJ|=3.6422e-08, |dJcp|=1.1423e-11
Iteration 4935: J=2.7328e-05, Jf=2.7327e-05, Jcp =3.3284e-10, |dJ|=1.5331e-07, |dJcp|=3.6488e-11
Iteration 4940: J=6.4268e-05, Jf=2.7296e-05, Jcp =3.6973e-05, |dJ|=1.7154e-07, |dJcp|=1.2161e-08
Iteration 4945: J=2.7316e-05, Jf=2.7316e-05, Jcp =3.5739e-10, |dJ|=1.5950e-07, |dJcp|=3.7809e-11
Iteration 4950: J=2.7313e-05, Jf=2.7312e-05, Jcp =3.6538e-10, |dJ|=1.6148e-07, |dJcp|=3.8230e-11
Iteration 4955: J=8.9356e-04, Jf=2.7155e-05, Jcp =8.6640e-04, |dJ|=2.2446e-07, |dJcp|=5.8869e-08
Iteration 4960: J=2.7313e-05, Jf=2.7312e-05, Jcp =3.6549e-10, |dJ|=1.6150e-07, |dJcp|=3.8236e-11
Iteration 4965: J=3.9754e-05, Jf=2.7291e-05, Jcp =1.2464e-05, |dJ|=1.6853e-07, |dJcp|=7.0608e-09
Iteration 4970: J=2.7313e-05, Jf=2.7312e-05, Jcp =3.6536e-10, |dJ|=1.6147e-07, |dJcp|=3.8229e-11
Iteration 4975: J=2.7313e-05, Jf=2.7312e-05, Jcp =3.6536e-10, |dJ|=1.6055e-07, |dJcp|=3.8229e-11
Iteration 4980: J=2.7297e-05, Jf=2.7297e-05, Jcp =3.6536e-10, |dJ|=3.2709e-08, |dJcp|=3.8229e-11
Iteration 4985: J=2.7295e-05, Jf=2.7295e-05, Jcp =3.6534e-10, |dJ|=2.0468e-10, |dJcp|=3.8228e-11
Iteration 4990: J=2.7295e-05, Jf=2.7295e-05, Jcp =3.6517e-10, |dJ|=3.0108e-10, |dJcp|=3.8219e-11
Iteration 4995: J=2.7295e-05, Jf=2.7295e-05, Jcp =3.4086e-10, |dJ|=4.1081e-09, |dJcp|=3.6925e-11
Iteration 5000: J=2.7295e-05, Jf=2.7295e-05, Jcp =1.5824e-12, |dJ|=4.5420e-09, |dJcp|=2.5159e-12
Iteration 5005: J=2.7295e-05, Jf=2.7295e-05, Jcp =2.9473e-12, |dJ|=3.0113e-11, |dJcp|=3.4335e-12
Iteration 5010: J=2.7295e-05, Jf=2.7295e-05, Jcp =3.7520e-11, |dJ|=5.4794e-09, |dJcp|=1.2251e-11
Iteration 5015: J=2.7288e-05, Jf=2.7285e-05, Jcp =3.6293e-09, |dJ|=6.7834e-08, |dJcp|=1.2049e-10
Iteration 5020: J=2.6863e-05, Jf=2.6774e-05, Jcp =8.8914e-08, |dJ|=3.4329e-07, |dJcp|=5.9637e-10
Iteration 5025: J=2.6647e-05, Jf=2.6647e-05, Jcp =1.1753e-12, |dJ|=9.4578e-11, |dJcp|=2.1682e-12
Iteration 5030: J=2.6647e-05, Jf=2.6647e-05, Jcp =1.3300e-12, |dJ|=1.9899e-11, |dJcp|=2.3065e-12
Iteration 5035: J=2.6647e-05, Jf=2.6647e-05, Jcp =2.2519e-12, |dJ|=2.8838e-10, |dJcp|=3.0012e-12
Iteration 5040: J=2.6647e-05, Jf=2.6647e-05, Jcp =1.0418e-11, |dJ|=1.4510e-09, |dJcp|=6.4554e-12
Iteration 5045: J=2.6647e-05, Jf=2.6647e-05, Jcp =7.3158e-12, |dJ|=2.7446e-11, |dJcp|=5.4095e-12
Iteration 5050: J=2.6647e-05, Jf=2.6647e-05, Jcp =1.3009e-11, |dJ|=5.4281e-10, |dJcp|=7.2137e-12
Iteration 5055: J=2.6647e-05, Jf=2.6647e-05, Jcp =1.9478e-10, |dJ|=6.2940e-09, |dJcp|=2.7913e-11
Iteration 5060: J=2.6628e-05, Jf=2.6612e-05, Jcp =1.6071e-08, |dJ|=6.8636e-08, |dJcp|=2.5354e-10
Iteration 5065: J=2.6039e-05, Jf=2.5999e-05, Jcp =3.9694e-08, |dJ|=9.8107e-08, |dJcp|=3.9847e-10
Iteration 5070: J=2.5991e-05, Jf=2.5991e-05, Jcp =2.5495e-12, |dJ|=1.3369e-11, |dJcp|=3.1935e-12
STOP: TOTAL NO. OF ITERATIONS REACHED LIMIT
Saving results to /burg-archive/home/tg2998/simsopt/examples/outputs/TG_warmstarter_stage2results_unfixed_True/TF_a_0.350...
Warning: coils_to_vtk will not save forces and torques for coils that do not have a model for their cross section. Please use the RegularizedCoil class.

---> Running optimization for TF_a = 0.375
---> Saving outputs to: /burg-archive/home/tg2998/simsopt/examples/outputs/TG_warmstarter_stage2results_unfixed_True/TF_a_0.375

Warning: coils_to_vtk will not save forces and torques for coils that do not have a model for their cross section. Please use the RegularizedCoil class.
     Number of Toroidal Dipoles: 8
     Number of Poroidal Dipoles: 10
Initialized 10x8 (npol x ntor) windowpane coils with Rpol=0.058, Rtor_min=0.050, Rtor_max=0.102

===== Starting optimization =====
Current505:x0 1
Current506:x0 1
Current507:x0 1
Current508:x0 1
Current509:x0 1
Current510:x0 1
Current511:x0 1
Current512:x0 1
Current513:x0 1
Current514:x0 1
Current515:x0 1
Current516:x0 1
Current517:x0 1
Current518:x0 1
Current519:x0 1
Current520:x0 1
Current521:x0 1
Current522:x0 1
Current523:x0 1
Current524:x0 1
Current525:x0 1
Current526:x0 1
Current527:x0 1
Current528:x0 1
Current529:x0 1
Current530:x0 1
Current531:x0 1
Current532:x0 1
Current533:x0 1
Current534:x0 1
Current535:x0 1
Current536:x0 1
Current537:x0 1
Current538:x0 1
Current539:x0 1
Current540:x0 1
Current541:x0 1
Current542:x0 1
Current543:x0 1
Current544:x0 1
Current545:x0 1
Current546:x0 1
Current547:x0 1
Current548:x0 1
Current549:x0 1
Current550:x0 1
Current551:x0 1
Current552:x0 1
Current553:x0 1
Current554:x0 1
Current555:x0 1
Current556:x0 1
Current557:x0 1
Current558:x0 1
Current559:x0 1
Current560:x0 1
Current561:x0 1
Current562:x0 1
Current563:x0 1
Current564:x0 1
Current565:x0 1
Current566:x0 1
Current567:x0 1
Current568:x0 1
Current569:x0 1
Current570:x0 1
Current571:x0 1
Current572:x0 1
Current573:x0 1
Current574:x0 1
Current575:x0 1
Current576:x0 1
Current577:x0 1
Current578:x0 1
Current579:x0 1
Current580:x0 1
Current581:x0 1
Current582:x0 1
Current583:x0 1
Current584:x0 1
Current585:x0 1
Current586:x0 1
Current587:x0 1
Current588:x0 1
Iteration 5: J=1.1225e-03, Jf=1.1225e-03, Jcp =0.0000e+00, |dJ|=4.8372e-11, |dJcp|=0.0000e+00
Iteration 10: J=1.1225e-03, Jf=1.1225e-03, Jcp =0.0000e+00, |dJ|=7.2048e-14, |dJcp|=0.0000e+00
Iteration 15: J=1.1225e-03, Jf=1.1225e-03, Jcp =0.0000e+00, |dJ|=2.2182e-12, |dJcp|=0.0000e+00
Iteration 20: J=1.1225e-03, Jf=1.1225e-03, Jcp =0.0000e+00, |dJ|=2.6175e-11, |dJcp|=0.0000e+00
Iteration 25: J=1.1222e-03, Jf=1.1222e-03, Jcp =0.0000e+00, |dJ|=2.8997e-10, |dJcp|=0.0000e+00
Iteration 30: J=1.4407e+02, Jf=1.1210e-03, Jcp =1.4407e+02, |dJ|=2.4006e-05, |dJcp|=2.4006e-05
Iteration 35: J=1.1217e-03, Jf=1.1217e-03, Jcp =0.0000e+00, |dJ|=4.1341e-10, |dJcp|=0.0000e+00
Iteration 40: J=1.1217e-03, Jf=1.1217e-03, Jcp =0.0000e+00, |dJ|=4.1685e-10, |dJcp|=0.0000e+00
Iteration 45: J=1.1217e-03, Jf=1.1217e-03, Jcp =0.0000e+00, |dJ|=4.1685e-10, |dJcp|=0.0000e+00
Iteration 50: J=1.1217e-03, Jf=1.1217e-03, Jcp =0.0000e+00, |dJ|=4.1685e-10, |dJcp|=0.0000e+00
Iteration 55: J=1.1217e-03, Jf=1.1217e-03, Jcp =0.0000e+00, |dJ|=4.1685e-10, |dJcp|=0.0000e+00
Iteration 60: J=1.1217e-03, Jf=1.1217e-03, Jcp =0.0000e+00, |dJ|=4.1711e-10, |dJcp|=0.0000e+00
Iteration 65: J=1.1217e-03, Jf=1.1217e-03, Jcp =0.0000e+00, |dJ|=4.1685e-10, |dJcp|=0.0000e+00
Iteration 70: J=1.1217e-03, Jf=1.1217e-03, Jcp =0.0000e+00, |dJ|=4.1685e-10, |dJcp|=0.0000e+00
Iteration 75: J=1.1217e-03, Jf=1.1217e-03, Jcp =0.0000e+00, |dJ|=4.1683e-10, |dJcp|=0.0000e+00
Iteration 80: J=1.1212e-03, Jf=1.1212e-03, Jcp =0.0000e+00, |dJ|=4.2807e-12, |dJcp|=0.0000e+00
Iteration 85: J=1.1211e-03, Jf=1.1211e-03, Jcp =0.0000e+00, |dJ|=9.0067e-11, |dJcp|=0.0000e+00
Iteration 90: J=1.1208e-03, Jf=1.1208e-03, Jcp =0.0000e+00, |dJ|=1.1269e-09, |dJcp|=0.0000e+00
Iteration 95: J=1.1235e-03, Jf=1.1235e-03, Jcp =0.0000e+00, |dJ|=2.8190e-11, |dJcp|=0.0000e+00
Iteration 100: J=1.1278e-03, Jf=1.1278e-03, Jcp =0.0000e+00, |dJ|=7.9995e-10, |dJcp|=0.0000e+00
Iteration 105: J=1.1198e-03, Jf=1.1198e-03, Jcp =0.0000e+00, |dJ|=8.1774e-09, |dJcp|=0.0000e+00
Iteration 110: J=1.1194e-03, Jf=1.1194e-03, Jcp =0.0000e+00, |dJ|=2.3318e-08, |dJcp|=0.0000e+00
Iteration 115: J=1.1265e-03, Jf=1.1265e-03, Jcp =0.0000e+00, |dJ|=9.6065e-08, |dJcp|=0.0000e+00
Iteration 120: J=1.1192e-03, Jf=1.1192e-03, Jcp =0.0000e+00, |dJ|=7.0459e-08, |dJcp|=0.0000e+00
Iteration 125: J=1.1175e-03, Jf=1.1175e-03, Jcp =0.0000e+00, |dJ|=5.1309e-08, |dJcp|=0.0000e+00
Iteration 130: J=1.1167e-03, Jf=1.1167e-03, Jcp =0.0000e+00, |dJ|=6.7402e-08, |dJcp|=0.0000e+00
Iteration 135: J=1.1145e-03, Jf=1.1145e-03, Jcp =0.0000e+00, |dJ|=2.0390e-07, |dJcp|=0.0000e+00
Iteration 140: J=1.1125e-03, Jf=1.1125e-03, Jcp =0.0000e+00, |dJ|=2.0930e-07, |dJcp|=0.0000e+00
Iteration 145: J=1.1811e-03, Jf=1.1811e-03, Jcp =0.0000e+00, |dJ|=6.8345e-08, |dJcp|=0.0000e+00
Iteration 150: J=1.3571e-03, Jf=1.3571e-03, Jcp =0.0000e+00, |dJ|=5.5340e-07, |dJcp|=0.0000e+00
Iteration 155: J=1.0806e-03, Jf=1.0806e-03, Jcp =0.0000e+00, |dJ|=2.0171e-06, |dJcp|=0.0000e+00
Iteration 160: J=2.3732e-02, Jf=2.3732e-02, Jcp =0.0000e+00, |dJ|=1.0871e-03, |dJcp|=0.0000e+00
Iteration 165: J=7.6509e-03, Jf=7.6509e-03, Jcp =0.0000e+00, |dJ|=2.5855e-04, |dJcp|=0.0000e+00
Iteration 170: J=3.0145e-03, Jf=3.0145e-03, Jcp =0.0000e+00, |dJ|=1.1972e-05, |dJcp|=0.0000e+00
Iteration 175: J=9.2503e-04, Jf=9.2503e-04, Jcp =0.0000e+00, |dJ|=1.2725e-05, |dJcp|=0.0000e+00
Iteration 180: J=3.1585e-04, Jf=3.1585e-04, Jcp =0.0000e+00, |dJ|=4.2942e-06, |dJcp|=0.0000e+00
Iteration 185: J=2.5157e-04, Jf=2.5157e-04, Jcp =0.0000e+00, |dJ|=3.2572e-07, |dJcp|=0.0000e+00
Iteration 190: J=2.5137e-04, Jf=2.5137e-04, Jcp =0.0000e+00, |dJ|=8.1936e-11, |dJcp|=0.0000e+00
Iteration 195: J=2.5137e-04, Jf=2.5137e-04, Jcp =0.0000e+00, |dJ|=3.3287e-10, |dJcp|=0.0000e+00
Iteration 200: J=2.5137e-04, Jf=2.5137e-04, Jcp =0.0000e+00, |dJ|=5.1955e-09, |dJcp|=0.0000e+00
Iteration 205: J=2.5135e-04, Jf=2.5135e-04, Jcp =0.0000e+00, |dJ|=5.8742e-08, |dJcp|=0.0000e+00
Iteration 210: J=2.4930e-04, Jf=2.4930e-04, Jcp =0.0000e+00, |dJ|=5.9959e-07, |dJcp|=0.0000e+00
Iteration 215: J=2.4567e-04, Jf=2.4567e-04, Jcp =0.0000e+00, |dJ|=9.3906e-07, |dJcp|=0.0000e+00
Iteration 220: J=2.5215e-04, Jf=2.4364e-04, Jcp =8.5135e-06, |dJ|=1.0454e-06, |dJcp|=5.8356e-09
Iteration 225: J=1.0078e-01, Jf=2.2220e-04, Jcp =1.0056e-01, |dJ|=1.9756e-06, |dJcp|=6.3422e-07
Iteration 230: J=2.4390e-04, Jf=2.4390e-04, Jcp =0.0000e+00, |dJ|=1.0309e-06, |dJcp|=0.0000e+00
Iteration 235: J=1.7821e-03, Jf=2.4025e-04, Jcp =1.5418e-03, |dJ|=1.1499e-06, |dJcp|=7.8532e-08
Iteration 240: J=2.4388e-04, Jf=2.4388e-04, Jcp =0.0000e+00, |dJ|=1.0316e-06, |dJcp|=0.0000e+00
Iteration 245: J=2.4392e-04, Jf=2.4392e-04, Jcp =0.0000e+00, |dJ|=1.0305e-06, |dJcp|=0.0000e+00
Iteration 250: J=2.4391e-04, Jf=2.4391e-04, Jcp =0.0000e+00, |dJ|=1.0302e-06, |dJcp|=0.0000e+00
Iteration 255: J=2.4265e-04, Jf=2.4265e-04, Jcp =0.0000e+00, |dJ|=7.4162e-07, |dJcp|=0.0000e+00
Iteration 260: J=2.3689e-04, Jf=2.3689e-04, Jcp =0.0000e+00, |dJ|=2.9169e-07, |dJcp|=0.0000e+00
Iteration 265: J=2.3674e-04, Jf=2.3674e-04, Jcp =0.0000e+00, |dJ|=2.5679e-10, |dJcp|=0.0000e+00
Iteration 270: J=2.3674e-04, Jf=2.3674e-04, Jcp =0.0000e+00, |dJ|=1.6399e-10, |dJcp|=0.0000e+00
Iteration 275: J=2.3674e-04, Jf=2.3674e-04, Jcp =0.0000e+00, |dJ|=3.9816e-09, |dJcp|=0.0000e+00
Iteration 280: J=2.3672e-04, Jf=2.3672e-04, Jcp =0.0000e+00, |dJ|=4.5774e-08, |dJcp|=0.0000e+00
Iteration 285: J=2.3663e-04, Jf=2.3662e-04, Jcp =6.3616e-09, |dJ|=3.5791e-09, |dJcp|=1.5952e-10
Iteration 290: J=2.3663e-04, Jf=2.3663e-04, Jcp =5.1276e-09, |dJ|=1.7218e-09, |dJcp|=1.4321e-10
Iteration 295: J=2.3662e-04, Jf=2.3662e-04, Jcp =3.1579e-09, |dJ|=2.3588e-08, |dJcp|=1.1239e-10
Iteration 300: J=2.3583e-04, Jf=2.3583e-04, Jcp =0.0000e+00, |dJ|=2.5823e-07, |dJcp|=0.0000e+00
Iteration 305: J=2.2985e-01, Jf=1.7892e-04, Jcp =2.2967e-01, |dJ|=1.8663e-06, |dJcp|=9.5847e-07
Iteration 310: J=2.0301e-04, Jf=2.0301e-04, Jcp =0.0000e+00, |dJ|=1.3175e-06, |dJcp|=0.0000e+00
Iteration 315: J=2.1152e+00, Jf=1.4273e-04, Jcp =2.1150e+00, |dJ|=3.3511e-06, |dJcp|=2.9086e-06
Iteration 320: J=2.0012e-04, Jf=2.0012e-04, Jcp =0.0000e+00, |dJ|=1.3479e-06, |dJcp|=0.0000e+00
Iteration 325: J=2.2914e-02, Jf=1.8824e-04, Jcp =2.2726e-02, |dJ|=1.4445e-06, |dJcp|=3.0150e-07
Iteration 330: J=1.9950e-04, Jf=1.9950e-04, Jcp =0.0000e+00, |dJ|=1.3513e-06, |dJcp|=0.0000e+00
Iteration 335: J=2.0013e-04, Jf=2.0013e-04, Jcp =0.0000e+00, |dJ|=1.3478e-06, |dJcp|=0.0000e+00
Iteration 340: J=2.0013e-04, Jf=2.0013e-04, Jcp =0.0000e+00, |dJ|=1.3477e-06, |dJcp|=0.0000e+00
Iteration 345: J=1.9775e-04, Jf=1.9775e-04, Jcp =0.0000e+00, |dJ|=1.1921e-06, |dJcp|=0.0000e+00
Iteration 350: J=1.6722e-04, Jf=1.6722e-04, Jcp =0.0000e+00, |dJ|=7.6244e-07, |dJcp|=0.0000e+00
Iteration 355: J=1.6639e-04, Jf=1.6639e-04, Jcp =0.0000e+00, |dJ|=2.4809e-11, |dJcp|=0.0000e+00
Iteration 360: J=1.6639e-04, Jf=1.6639e-04, Jcp =0.0000e+00, |dJ|=5.4379e-10, |dJcp|=0.0000e+00
Iteration 365: J=1.6639e-04, Jf=1.6639e-04, Jcp =0.0000e+00, |dJ|=7.3730e-09, |dJcp|=0.0000e+00
Iteration 370: J=1.6638e-04, Jf=1.6638e-04, Jcp =0.0000e+00, |dJ|=8.3459e-08, |dJcp|=0.0000e+00
Iteration 375: J=3.3996e-04, Jf=1.6465e-04, Jcp =1.7531e-04, |dJ|=9.6024e-07, |dJcp|=2.6481e-08
Iteration 380: J=1.6538e-04, Jf=1.6538e-04, Jcp =0.0000e+00, |dJ|=6.8703e-07, |dJcp|=0.0000e+00
Iteration 385: J=1.4025e-03, Jf=1.6347e-04, Jcp =1.2391e-03, |dJ|=1.0727e-06, |dJcp|=7.0400e-08
Iteration 390: J=1.6536e-04, Jf=1.6536e-04, Jcp =0.0000e+00, |dJ|=6.9076e-07, |dJcp|=0.0000e+00
Iteration 395: J=1.6909e-04, Jf=1.6508e-04, Jcp =4.0031e-06, |dJ|=7.3876e-07, |dJcp|=4.0015e-09
Iteration 400: J=1.6524e-04, Jf=1.6524e-04, Jcp =0.0000e+00, |dJ|=7.1127e-07, |dJcp|=0.0000e+00
Iteration 405: J=1.6538e-04, Jf=1.6538e-04, Jcp =0.0000e+00, |dJ|=6.8695e-07, |dJcp|=0.0000e+00
Iteration 410: J=1.6523e-04, Jf=1.6523e-04, Jcp =0.0000e+00, |dJ|=6.0640e-07, |dJcp|=0.0000e+00
Iteration 415: J=1.6449e-04, Jf=1.6449e-04, Jcp =0.0000e+00, |dJ|=2.2704e-09, |dJcp|=0.0000e+00
Iteration 420: J=1.6449e-04, Jf=1.6449e-04, Jcp =0.0000e+00, |dJ|=3.8810e-11, |dJcp|=0.0000e+00
Iteration 425: J=1.6449e-04, Jf=1.6449e-04, Jcp =0.0000e+00, |dJ|=1.1599e-09, |dJcp|=0.0000e+00
Iteration 430: J=1.6449e-04, Jf=1.6449e-04, Jcp =0.0000e+00, |dJ|=1.3811e-08, |dJcp|=0.0000e+00
Iteration 435: J=1.6444e-04, Jf=1.6444e-04, Jcp =0.0000e+00, |dJ|=1.5253e-07, |dJcp|=0.0000e+00
Iteration 440: J=1.7512e-04, Jf=1.6418e-04, Jcp =1.0933e-05, |dJ|=3.2065e-07, |dJcp|=6.6129e-09
Iteration 445: J=1.6439e-04, Jf=1.6439e-04, Jcp =0.0000e+00, |dJ|=1.9023e-07, |dJcp|=0.0000e+00
Iteration 450: J=1.6441e-04, Jf=1.6435e-04, Jcp =6.2577e-08, |dJ|=2.0957e-07, |dJcp|=5.0031e-10
Iteration 455: J=1.6603e-04, Jf=1.6603e-04, Jcp =0.0000e+00, |dJ|=8.5996e-07, |dJcp|=0.0000e+00
Iteration 460: J=1.6427e-04, Jf=1.6426e-04, Jcp =1.1883e-08, |dJ|=2.3672e-09, |dJcp|=2.1802e-10
Iteration 465: J=1.6427e-04, Jf=1.6426e-04, Jcp =2.6569e-09, |dJ|=1.5980e-10, |dJcp|=1.0309e-10
Iteration 470: J=1.6427e-04, Jf=1.6426e-04, Jcp =2.8072e-09, |dJ|=5.7280e-09, |dJcp|=1.0597e-10
Iteration 475: J=1.6426e-04, Jf=1.6425e-04, Jcp =4.7675e-09, |dJ|=6.8319e-08, |dJcp|=1.3809e-10
Iteration 480: J=2.8554e-04, Jf=1.6329e-04, Jcp =1.2225e-04, |dJ|=7.5214e-07, |dJcp|=2.2114e-08
Iteration 485: J=1.6387e-04, Jf=1.6384e-04, Jcp =3.0854e-08, |dJ|=4.8466e-07, |dJcp|=3.5131e-10
Iteration 490: J=1.6387e-04, Jf=1.6374e-04, Jcp =1.3321e-07, |dJ|=5.2728e-07, |dJcp|=7.2997e-10
Iteration 495: J=1.6379e-04, Jf=1.6375e-04, Jcp =3.4176e-08, |dJ|=5.2063e-07, |dJcp|=3.6973e-10
Iteration 500: J=1.6334e-04, Jf=1.6333e-04, Jcp =3.2509e-09, |dJ|=3.3406e-08, |dJcp|=1.1403e-10
Iteration 505: J=1.6333e-04, Jf=1.6333e-04, Jcp =3.3012e-09, |dJ|=8.3100e-09, |dJcp|=1.1491e-10
Iteration 510: J=1.6333e-04, Jf=1.6333e-04, Jcp =2.2764e-09, |dJ|=5.4833e-09, |dJcp|=9.5423e-11
Iteration 515: J=1.6333e-04, Jf=1.6333e-04, Jcp =3.7985e-09, |dJ|=7.6525e-09, |dJcp|=1.2326e-10
Iteration 520: J=1.6333e-04, Jf=1.6333e-04, Jcp =1.7087e-09, |dJ|=6.2026e-10, |dJcp|=8.2673e-11
Iteration 525: J=1.6333e-04, Jf=1.6333e-04, Jcp =1.2287e-09, |dJ|=1.0795e-08, |dJcp|=7.0105e-11
Iteration 530: J=1.6328e-04, Jf=1.6328e-04, Jcp =0.0000e+00, |dJ|=1.7556e-07, |dJcp|=0.0000e+00
Iteration 535: J=1.5601e-04, Jf=1.5601e-04, Jcp =0.0000e+00, |dJ|=2.4201e-06, |dJcp|=0.0000e+00
Iteration 540: J=1.2177e-02, Jf=9.4917e-05, Jcp =1.2082e-02, |dJ|=6.4102e-07, |dJcp|=2.1984e-07
Iteration 545: J=1.1155e-04, Jf=1.0287e-04, Jcp =8.6828e-06, |dJ|=2.8727e-06, |dJcp|=5.8933e-09
Iteration 550: J=1.0429e-04, Jf=1.0429e-04, Jcp =0.0000e+00, |dJ|=3.0680e-06, |dJcp|=0.0000e+00
Iteration 555: J=1.8776e-04, Jf=1.0044e-04, Jcp =8.7316e-05, |dJ|=2.4760e-06, |dJcp|=1.8689e-08
Iteration 560: J=1.0382e-04, Jf=1.0381e-04, Jcp =8.6392e-09, |dJ|=3.0010e-06, |dJcp|=1.8589e-10
Iteration 565: J=9.5865e-05, Jf=9.5865e-05, Jcp =0.0000e+00, |dJ|=3.9845e-08, |dJcp|=0.0000e+00
Iteration 570: J=9.5931e-05, Jf=9.5727e-05, Jcp =2.0373e-07, |dJ|=8.9506e-08, |dJcp|=9.0272e-10
Iteration 575: J=9.5763e-05, Jf=9.5761e-05, Jcp =2.2603e-09, |dJ|=7.5456e-08, |dJcp|=9.5085e-11
Iteration 580: J=9.5748e-05, Jf=9.5746e-05, Jcp =2.4095e-09, |dJ|=2.5023e-09, |dJcp|=9.8174e-11
Iteration 585: J=9.5726e-05, Jf=9.5724e-05, Jcp =2.4407e-09, |dJ|=1.2836e-07, |dJcp|=9.8808e-11
Iteration 590: J=9.5360e-05, Jf=9.5358e-05, Jcp =2.5331e-09, |dJ|=5.6049e-07, |dJcp|=1.0066e-10
Iteration 595: J=4.1311e-04, Jf=9.5156e-05, Jcp =3.1795e-04, |dJ|=6.5313e-07, |dJcp|=3.5662e-08
Iteration 600: J=9.5324e-05, Jf=9.5322e-05, Jcp =2.5356e-09, |dJ|=5.7610e-07, |dJcp|=1.0071e-10
Iteration 605: J=9.5298e-05, Jf=9.5295e-05, Jcp =2.5374e-09, |dJ|=5.8769e-07, |dJcp|=1.0075e-10
Iteration 610: J=1.0194e-03, Jf=9.5010e-05, Jcp =9.2443e-04, |dJ|=6.6565e-07, |dJcp|=6.0809e-08
Iteration 615: J=9.5298e-05, Jf=9.5295e-05, Jcp =2.5374e-09, |dJ|=5.8775e-07, |dJcp|=1.0075e-10
Iteration 620: J=1.0862e-04, Jf=9.5258e-05, Jcp =1.3357e-05, |dJ|=5.9723e-07, |dJcp|=7.3095e-09
Iteration 625: J=9.5297e-05, Jf=9.5295e-05, Jcp =2.5374e-09, |dJ|=5.8782e-07, |dJcp|=1.0075e-10
Iteration 630: J=9.5298e-05, Jf=9.5295e-05, Jcp =2.5374e-09, |dJ|=5.8759e-07, |dJcp|=1.0075e-10
Iteration 635: J=9.5187e-05, Jf=9.5184e-05, Jcp =2.5374e-09, |dJ|=4.9306e-07, |dJcp|=1.0075e-10
Iteration 640: J=9.4893e-05, Jf=9.4891e-05, Jcp =2.5371e-09, |dJ|=2.7025e-08, |dJcp|=1.0074e-10
Iteration 645: J=9.4892e-05, Jf=9.4890e-05, Jcp =2.5352e-09, |dJ|=6.9774e-10, |dJcp|=1.0070e-10
Iteration 650: J=9.4892e-05, Jf=9.4890e-05, Jcp =2.2208e-09, |dJ|=1.0310e-08, |dJcp|=9.4250e-11
Iteration 655: J=9.4889e-05, Jf=9.4889e-05, Jcp =0.0000e+00, |dJ|=3.7249e-09, |dJcp|=0.0000e+00
Iteration 660: J=9.4889e-05, Jf=9.4889e-05, Jcp =0.0000e+00, |dJ|=1.1792e-08, |dJcp|=0.0000e+00
Iteration 665: J=9.4882e-05, Jf=9.4881e-05, Jcp =6.3190e-10, |dJ|=6.5120e-08, |dJcp|=5.0275e-11
Iteration 670: J=9.4875e-05, Jf=9.4874e-05, Jcp =1.0819e-09, |dJ|=1.0830e-10, |dJcp|=6.5785e-11
Iteration 675: J=9.4875e-05, Jf=9.4874e-05, Jcp =1.0876e-09, |dJ|=2.2700e-09, |dJcp|=6.5957e-11
Iteration 680: J=9.4874e-05, Jf=9.4873e-05, Jcp =1.1504e-09, |dJ|=2.6495e-08, |dJcp|=6.7836e-11
Iteration 685: J=9.4756e-05, Jf=9.4755e-05, Jcp =1.7454e-09, |dJ|=2.8356e-07, |dJcp|=8.3556e-11
Iteration 690: J=9.3230e-05, Jf=9.3230e-05, Jcp =1.0194e-11, |dJ|=7.9182e-08, |dJcp|=6.3855e-12
Iteration 695: J=9.3217e-05, Jf=9.3217e-05, Jcp =6.3848e-14, |dJ|=6.8270e-11, |dJcp|=5.0536e-13
Iteration 700: J=9.3217e-05, Jf=9.3217e-05, Jcp =2.0707e-14, |dJ|=1.3446e-09, |dJcp|=2.8780e-13
Iteration 705: J=9.3217e-05, Jf=9.3217e-05, Jcp =0.0000e+00, |dJ|=1.5655e-08, |dJcp|=0.0000e+00
Iteration 710: J=9.3157e-05, Jf=9.3157e-05, Jcp =0.0000e+00, |dJ|=1.7568e-07, |dJcp|=0.0000e+00
Iteration 715: J=9.1649e-05, Jf=9.1649e-05, Jcp =0.0000e+00, |dJ|=8.6046e-07, |dJcp|=0.0000e+00
Iteration 720: J=2.2287e-02, Jf=8.7491e-05, Jcp =2.2199e-02, |dJ|=1.5969e-06, |dJcp|=2.9799e-07
Iteration 725: J=9.1370e-05, Jf=9.1370e-05, Jcp =0.0000e+00, |dJ|=9.2763e-07, |dJcp|=0.0000e+00
Iteration 730: J=1.2668e-04, Jf=9.0676e-05, Jcp =3.6002e-05, |dJ|=1.0187e-06, |dJcp|=1.2000e-08
Iteration 735: J=3.4704e-01, Jf=8.0643e-05, Jcp =3.4696e-01, |dJ|=2.8712e-06, |dJcp|=1.1781e-06
Iteration 740: J=9.0839e-05, Jf=9.0839e-05, Jcp =7.2822e-11, |dJ|=9.9655e-07, |dJcp|=1.7067e-11
Iteration 745: J=8.9415e-05, Jf=8.9415e-05, Jcp =0.0000e+00, |dJ|=4.0724e-07, |dJcp|=0.0000e+00
Iteration 750: J=8.9080e-05, Jf=8.9079e-05, Jcp =2.6242e-10, |dJ|=3.7636e-10, |dJcp|=3.2399e-11
Iteration 755: J=8.9079e-05, Jf=8.9078e-05, Jcp =7.7317e-10, |dJ|=1.9031e-09, |dJcp|=5.5612e-11
Iteration 760: J=9.5249e-05, Jf=8.8965e-05, Jcp =6.2842e-06, |dJ|=2.4385e-08, |dJcp|=5.0137e-09
Iteration 765: J=8.9023e-05, Jf=8.9010e-05, Jcp =1.3261e-08, |dJ|=1.7621e-08, |dJcp|=2.3031e-10
Iteration 770: J=1.0383e-04, Jf=8.8949e-05, Jcp =1.4883e-05, |dJ|=2.3560e-08, |dJcp|=7.7156e-09
Iteration 775: J=2.6509e-02, Jf=8.8520e-05, Jcp =2.6420e-02, |dJ|=3.2941e-07, |dJcp|=3.2509e-07
Iteration 780: J=8.8980e-05, Jf=8.8962e-05, Jcp =1.8324e-08, |dJ|=2.1213e-08, |dJcp|=2.7073e-10
Iteration 785: J=9.1191e-05, Jf=8.8956e-05, Jcp =2.2356e-06, |dJ|=2.1742e-08, |dJcp|=2.9904e-09
Iteration 790: J=8.8980e-05, Jf=8.8962e-05, Jcp =1.8331e-08, |dJ|=2.1218e-08, |dJcp|=2.7078e-10
Iteration 795: J=8.8980e-05, Jf=8.8962e-05, Jcp =1.8323e-08, |dJ|=2.1212e-08, |dJcp|=2.7072e-10
Iteration 800: J=8.8980e-05, Jf=8.8962e-05, Jcp =1.8323e-08, |dJ|=2.1207e-08, |dJcp|=2.7072e-10
Iteration 805: J=8.8980e-05, Jf=8.8962e-05, Jcp =1.8323e-08, |dJ|=1.6860e-08, |dJcp|=2.7072e-10
Iteration 810: J=8.8978e-05, Jf=8.8959e-05, Jcp =1.8322e-08, |dJ|=2.7400e-10, |dJcp|=2.7071e-10
Iteration 815: J=8.8977e-05, Jf=8.8959e-05, Jcp =1.7846e-08, |dJ|=1.0396e-08, |dJcp|=2.6718e-10
Iteration 820: J=8.8964e-05, Jf=8.8963e-05, Jcp =3.6758e-10, |dJ|=4.8854e-08, |dJcp|=3.8345e-11
Iteration 825: J=8.8960e-05, Jf=8.8960e-05, Jcp =0.0000e+00, |dJ|=8.5628e-11, |dJcp|=0.0000e+00
Iteration 830: J=8.8960e-05, Jf=8.8960e-05, Jcp =7.1244e-12, |dJ|=3.8643e-11, |dJcp|=5.3383e-12
Iteration 835: J=8.8960e-05, Jf=8.8960e-05, Jcp =7.3963e-12, |dJ|=1.7355e-10, |dJcp|=5.4392e-12
Iteration 840: J=8.8960e-05, Jf=8.8960e-05, Jcp =9.6908e-12, |dJ|=2.6918e-09, |dJcp|=6.2260e-12
Iteration 845: J=8.8958e-05, Jf=8.8958e-05, Jcp =5.6068e-11, |dJ|=3.0705e-08, |dJcp|=1.4976e-11
Iteration 850: J=8.8954e-05, Jf=8.8954e-05, Jcp =1.3607e-10, |dJ|=5.7442e-08, |dJcp|=2.3330e-11
Iteration 855: J=8.8948e-05, Jf=8.8948e-05, Jcp =5.3003e-10, |dJ|=4.8178e-11, |dJcp|=4.6045e-11
Iteration 860: J=8.8948e-05, Jf=8.8948e-05, Jcp =5.5353e-10, |dJ|=4.9154e-10, |dJcp|=4.7055e-11
Iteration 865: J=8.8948e-05, Jf=8.8947e-05, Jcp =8.8816e-10, |dJ|=6.4540e-09, |dJcp|=5.9604e-11
Iteration 870: J=8.8916e-05, Jf=8.8904e-05, Jcp =1.2165e-08, |dJ|=7.3062e-08, |dJcp|=2.2059e-10
Iteration 875: J=1.0270e-04, Jf=8.4048e-05, Jcp =1.8654e-05, |dJ|=8.1318e-07, |dJcp|=8.6380e-09
Iteration 880: J=8.6437e-05, Jf=8.5813e-05, Jcp =6.2452e-07, |dJ|=6.1666e-07, |dJcp|=1.5805e-09
Iteration 885: J=1.8579e-04, Jf=8.3359e-05, Jcp =1.0243e-04, |dJ|=7.5028e-07, |dJcp|=2.0242e-08
Iteration 890: J=1.8373e-01, Jf=7.0453e-05, Jcp =1.8366e-01, |dJ|=1.7964e-06, |dJcp|=8.5712e-07
Iteration 895: J=8.4709e-05, Jf=8.3847e-05, Jcp =8.6208e-07, |dJ|=7.2143e-07, |dJcp|=1.8570e-09
Iteration 900: J=2.6576e-03, Jf=8.1329e-05, Jcp =2.5763e-03, |dJ|=8.1317e-07, |dJcp|=1.0151e-07
Iteration 905: J=8.4703e-05, Jf=8.3840e-05, Jcp =8.6258e-07, |dJ|=7.2163e-07, |dJcp|=1.8575e-09
Iteration 910: J=8.4712e-05, Jf=8.3851e-05, Jcp =8.6176e-07, |dJ|=7.2131e-07, |dJcp|=1.8566e-09
Iteration 915: J=8.4712e-05, Jf=8.3850e-05, Jcp =8.6176e-07, |dJ|=7.2097e-07, |dJcp|=1.8566e-09
Iteration 920: J=8.3486e-05, Jf=8.2624e-05, Jcp =8.6174e-07, |dJ|=3.7564e-07, |dJcp|=1.8566e-09
Iteration 925: J=8.2770e-05, Jf=8.1908e-05, Jcp =8.6166e-07, |dJ|=1.8738e-09, |dJcp|=1.8565e-09
Iteration 930: J=8.2768e-05, Jf=8.1910e-05, Jcp =8.5764e-07, |dJ|=4.0556e-08, |dJcp|=1.8522e-09
Iteration 935: J=8.2540e-05, Jf=8.2083e-05, Jcp =4.5717e-07, |dJ|=4.0346e-07, |dJcp|=1.3523e-09
Iteration 940: J=8.1916e-05, Jf=8.1916e-05, Jcp =0.0000e+00, |dJ|=7.9869e-10, |dJcp|=0.0000e+00
Iteration 945: J=8.2027e-05, Jf=8.1914e-05, Jcp =1.1360e-07, |dJ|=2.4942e-08, |dJcp|=6.7408e-10
Iteration 950: J=8.1915e-05, Jf=8.1915e-05, Jcp =0.0000e+00, |dJ|=7.2886e-09, |dJcp|=0.0000e+00
Iteration 955: J=8.1916e-05, Jf=8.1915e-05, Jcp =1.3767e-09, |dJ|=6.6718e-09, |dJcp|=7.4209e-11
Iteration 960: J=8.1915e-05, Jf=8.1915e-05, Jcp =1.3203e-11, |dJ|=1.0305e-10, |dJcp|=7.2671e-12
Iteration 965: J=8.1915e-05, Jf=8.1915e-05, Jcp =1.3210e-11, |dJ|=7.7884e-11, |dJcp|=7.2690e-12
Iteration 970: J=8.1915e-05, Jf=8.1915e-05, Jcp =1.3633e-11, |dJ|=1.8489e-09, |dJcp|=7.3845e-12
Iteration 975: J=8.1914e-05, Jf=8.1914e-05, Jcp =2.0051e-11, |dJ|=2.1375e-08, |dJcp|=8.9557e-12
Iteration 980: J=8.1895e-05, Jf=8.1895e-05, Jcp =2.8194e-10, |dJ|=1.0709e-07, |dJcp|=3.3582e-11
Iteration 985: J=8.2530e-05, Jf=8.1859e-05, Jcp =6.7063e-07, |dJ|=1.6334e-07, |dJcp|=1.6378e-09
Iteration 990: J=8.1889e-05, Jf=8.1889e-05, Jcp =3.3199e-10, |dJ|=1.1580e-07, |dJcp|=3.6441e-11
Iteration 995: J=8.1879e-05, Jf=8.1878e-05, Jcp =8.9187e-10, |dJ|=9.1266e-08, |dJcp|=5.9728e-11
Iteration 1000: J=8.1866e-05, Jf=8.1865e-05, Jcp =8.9207e-10, |dJ|=2.2572e-10, |dJcp|=5.9735e-11
Iteration 1005: J=8.1866e-05, Jf=8.1865e-05, Jcp =8.7078e-10, |dJ|=3.9935e-09, |dJcp|=5.9018e-11
Iteration 1010: J=8.1823e-05, Jf=8.1822e-05, Jcp =8.9214e-10, |dJ|=1.4426e-07, |dJcp|=5.9737e-11
Iteration 1015: J=7.7303e-05, Jf=7.7302e-05, Jcp =8.6195e-10, |dJ|=1.5424e-06, |dJcp|=5.8718e-11
Iteration 1020: J=3.7501e-03, Jf=7.4862e-05, Jcp =3.6753e-03, |dJ|=1.6505e-06, |dJcp|=1.2125e-07
Iteration 1025: J=7.6258e-05, Jf=7.6258e-05, Jcp =8.1758e-10, |dJ|=1.5823e-06, |dJcp|=5.7187e-11
Iteration 1030: J=7.6026e-05, Jf=7.6026e-05, Jcp =8.0728e-10, |dJ|=1.5919e-06, |dJcp|=5.6825e-11
Iteration 1035: J=2.3256e-02, Jf=7.2442e-05, Jcp =2.3184e-02, |dJ|=1.4664e-06, |dJcp|=3.0452e-07
Iteration 1040: J=7.6024e-05, Jf=7.6024e-05, Jcp =8.0720e-10, |dJ|=1.5918e-06, |dJcp|=5.6822e-11
Iteration 1045: J=3.1488e-04, Jf=7.5518e-05, Jcp =2.3936e-04, |dJ|=1.5727e-06, |dJcp|=3.0943e-08
Iteration 1050: J=7.6027e-05, Jf=7.6026e-05, Jcp =8.0729e-10, |dJ|=1.5919e-06, |dJcp|=5.6826e-11
Iteration 1055: J=7.6013e-05, Jf=7.6012e-05, Jcp =8.0729e-10, |dJ|=1.5861e-06, |dJcp|=5.6826e-11
Iteration 1060: J=7.3421e-05, Jf=7.3421e-05, Jcp =8.0728e-10, |dJ|=4.5027e-07, |dJcp|=5.6825e-11
Iteration 1065: J=7.2519e-05, Jf=7.2518e-05, Jcp =8.0719e-10, |dJ|=6.7164e-11, |dJcp|=5.6822e-11
Iteration 1070: J=7.2519e-05, Jf=7.2518e-05, Jcp =8.0604e-10, |dJ|=6.7705e-10, |dJcp|=5.6782e-11
Iteration 1075: J=7.2519e-05, Jf=7.2518e-05, Jcp =6.6130e-10, |dJ|=8.0084e-09, |dJcp|=5.1432e-11
Iteration 1080: J=7.2518e-05, Jf=7.2518e-05, Jcp =0.0000e+00, |dJ|=7.8686e-10, |dJcp|=0.0000e+00
Iteration 1085: J=7.2518e-05, Jf=7.2518e-05, Jcp =0.0000e+00, |dJ|=4.9009e-09, |dJcp|=0.0000e+00
Iteration 1090: J=7.2514e-05, Jf=7.2514e-05, Jcp =0.0000e+00, |dJ|=6.2078e-08, |dJcp|=0.0000e+00
Iteration 1095: J=7.7441e-05, Jf=7.2470e-05, Jcp =4.9706e-06, |dJ|=1.6386e-07, |dJcp|=4.4590e-09
Iteration 1100: J=7.2490e-05, Jf=7.2490e-05, Jcp =0.0000e+00, |dJ|=1.4304e-07, |dJcp|=0.0000e+00
Iteration 1105: J=7.2489e-05, Jf=7.2486e-05, Jcp =2.7103e-09, |dJ|=1.4633e-07, |dJcp|=1.0412e-10
Iteration 1110: J=7.2479e-05, Jf=7.2479e-05, Jcp =0.0000e+00, |dJ|=9.7846e-08, |dJcp|=0.0000e+00
Iteration 1115: J=7.2466e-05, Jf=7.2466e-05, Jcp =0.0000e+00, |dJ|=1.0069e-08, |dJcp|=0.0000e+00
Iteration 1120: J=7.2471e-05, Jf=7.2463e-05, Jcp =8.0527e-09, |dJ|=2.2617e-08, |dJcp|=1.7947e-10
Iteration 1125: J=7.2464e-05, Jf=7.2464e-05, Jcp =2.6488e-13, |dJ|=1.8209e-08, |dJcp|=1.0293e-12
Iteration 1130: J=7.2464e-05, Jf=7.2464e-05, Jcp =2.9991e-11, |dJ|=2.0873e-09, |dJcp|=1.0953e-11
Iteration 1135: J=7.2464e-05, Jf=7.2464e-05, Jcp =3.0250e-11, |dJ|=1.1831e-10, |dJcp|=1.1000e-11
Iteration 1140: J=7.2464e-05, Jf=7.2464e-05, Jcp =3.0147e-11, |dJ|=4.1446e-09, |dJcp|=1.0981e-11
Iteration 1145: J=7.2460e-05, Jf=7.2460e-05, Jcp =2.8016e-11, |dJ|=4.9093e-08, |dJcp|=1.0586e-11
Iteration 1150: J=7.2168e-05, Jf=7.2168e-05, Jcp =0.0000e+00, |dJ|=3.2083e-07, |dJcp|=0.0000e+00
Iteration 1155: J=7.1889e-05, Jf=7.1889e-05, Jcp =0.0000e+00, |dJ|=3.0074e-09, |dJcp|=0.0000e+00
Iteration 1160: J=7.1774e-05, Jf=7.1774e-05, Jcp =0.0000e+00, |dJ|=2.8156e-08, |dJcp|=0.0000e+00
Iteration 1165: J=7.9583e-05, Jf=7.0934e-05, Jcp =8.6485e-06, |dJ|=1.4007e-07, |dJcp|=5.8817e-09
Iteration 1170: J=7.1115e-05, Jf=7.0943e-05, Jcp =1.7147e-07, |dJ|=1.3935e-07, |dJcp|=8.2819e-10
Iteration 1175: J=7.0949e-05, Jf=7.0949e-05, Jcp =0.0000e+00, |dJ|=1.3895e-07, |dJcp|=0.0000e+00
Iteration 1180: J=2.8423e-04, Jf=7.0851e-05, Jcp =2.1338e-04, |dJ|=1.4563e-07, |dJcp|=2.9215e-08
Iteration 1185: J=7.0949e-05, Jf=7.0949e-05, Jcp =0.0000e+00, |dJ|=1.3895e-07, |dJcp|=0.0000e+00
Iteration 1190: J=7.1689e-05, Jf=7.0936e-05, Jcp =7.5288e-07, |dJ|=1.3945e-07, |dJcp|=1.7354e-09
Iteration 1195: J=7.0949e-05, Jf=7.0949e-05, Jcp =0.0000e+00, |dJ|=1.3894e-07, |dJcp|=0.0000e+00
Iteration 1200: J=7.0948e-05, Jf=7.0948e-05, Jcp =0.0000e+00, |dJ|=1.3405e-07, |dJcp|=0.0000e+00
Iteration 1205: J=7.0883e-05, Jf=7.0883e-05, Jcp =0.0000e+00, |dJ|=1.4302e-08, |dJcp|=0.0000e+00
Iteration 1210: J=7.0883e-05, Jf=7.0883e-05, Jcp =0.0000e+00, |dJ|=2.1211e-11, |dJcp|=0.0000e+00
Iteration 1215: J=7.0883e-05, Jf=7.0883e-05, Jcp =0.0000e+00, |dJ|=6.1291e-10, |dJcp|=0.0000e+00
Iteration 1220: J=7.0883e-05, Jf=7.0883e-05, Jcp =0.0000e+00, |dJ|=9.3275e-09, |dJcp|=0.0000e+00
Iteration 1225: J=7.0871e-05, Jf=7.0871e-05, Jcp =0.0000e+00, |dJ|=1.0576e-07, |dJcp|=0.0000e+00
Iteration 1230: J=7.0844e-05, Jf=7.0844e-05, Jcp =0.0000e+00, |dJ|=1.8603e-07, |dJcp|=0.0000e+00
Iteration 1235: J=9.1763e-05, Jf=7.0676e-05, Jcp =2.1086e-05, |dJ|=4.4323e-07, |dJcp|=9.1840e-09
Iteration 1240: J=7.0794e-05, Jf=7.0793e-05, Jcp =1.2542e-09, |dJ|=6.9650e-11, |dJcp|=7.0829e-11
Iteration 1245: J=7.0794e-05, Jf=7.0793e-05, Jcp =1.2550e-09, |dJ|=1.4467e-09, |dJcp|=7.0851e-11
Iteration 1250: J=7.0793e-05, Jf=7.0791e-05, Jcp =1.2648e-09, |dJ|=1.9519e-08, |dJcp|=7.1127e-11
Iteration 1255: J=7.0661e-05, Jf=7.0659e-05, Jcp =1.3633e-09, |dJ|=2.1530e-07, |dJcp|=7.3845e-11
Iteration 1260: J=6.8581e-05, Jf=6.8579e-05, Jcp =1.5396e-09, |dJ|=8.2266e-07, |dJcp|=7.8475e-11
Iteration 1265: J=6.2786e-04, Jf=6.7541e-05, Jcp =5.6032e-04, |dJ|=9.3239e-07, |dJcp|=4.7342e-08
Iteration 1270: J=6.8495e-05, Jf=6.8494e-05, Jcp =1.5384e-09, |dJ|=8.3115e-07, |dJcp|=7.8445e-11
Iteration 1275: J=6.8410e-05, Jf=6.8335e-05, Jcp =7.4513e-08, |dJ|=8.4710e-07, |dJcp|=5.4594e-10
Iteration 1280: J=6.8346e-05, Jf=6.8344e-05, Jcp =1.8261e-09, |dJ|=8.4616e-07, |dJcp|=8.5467e-11
Iteration 1285: J=6.6044e-05, Jf=6.6043e-05, Jcp =8.9565e-10, |dJ|=8.0680e-09, |dJcp|=5.9855e-11
Iteration 1290: J=6.6043e-05, Jf=6.6042e-05, Jcp =7.8583e-10, |dJ|=2.6845e-10, |dJcp|=5.6065e-11
Iteration 1295: J=6.6043e-05, Jf=6.6043e-05, Jcp =4.1092e-10, |dJ|=3.6823e-09, |dJcp|=4.0542e-11
Iteration 1300: J=6.5988e-05, Jf=6.5988e-05, Jcp =5.1056e-14, |dJ|=9.2928e-08, |dJcp|=4.5191e-13
Iteration 1305: J=6.3110e-02, Jf=5.9944e-05, Jcp =6.3050e-02, |dJ|=1.3463e-06, |dJcp|=5.0220e-07
Iteration 1310: J=6.3368e-05, Jf=6.3368e-05, Jcp =0.0000e+00, |dJ|=8.2879e-07, |dJcp|=0.0000e+00
Iteration 1315: J=8.7988e-05, Jf=6.2690e-05, Jcp =2.5298e-05, |dJ|=8.9144e-07, |dJcp|=1.0059e-08
Iteration 1320: J=3.9579e-01, Jf=5.5162e-05, Jcp =3.9574e-01, |dJ|=1.8322e-06, |dJcp|=1.2582e-06
Iteration 1325: J=6.2765e-05, Jf=6.2765e-05, Jcp =0.0000e+00, |dJ|=8.8412e-07, |dJcp|=0.0000e+00
Iteration 1330: J=5.0389e-03, Jf=6.1545e-05, Jcp =4.9774e-03, |dJ|=9.4348e-07, |dJcp|=1.4110e-07
Iteration 1335: J=6.2764e-05, Jf=6.2764e-05, Jcp =0.0000e+00, |dJ|=8.8415e-07, |dJcp|=0.0000e+00
Iteration 1340: J=6.2766e-05, Jf=6.2766e-05, Jcp =0.0000e+00, |dJ|=8.8409e-07, |dJcp|=0.0000e+00
Iteration 1345: J=6.2749e-05, Jf=6.2749e-05, Jcp =0.0000e+00, |dJ|=8.7632e-07, |dJcp|=0.0000e+00
Iteration 1350: J=6.0571e-05, Jf=6.0571e-05, Jcp =0.0000e+00, |dJ|=5.2903e-07, |dJcp|=0.0000e+00
Iteration 1355: J=6.0374e-05, Jf=6.0374e-05, Jcp =0.0000e+00, |dJ|=1.2468e-11, |dJcp|=0.0000e+00
Iteration 1360: J=6.0374e-05, Jf=6.0374e-05, Jcp =0.0000e+00, |dJ|=2.5324e-10, |dJcp|=0.0000e+00
Iteration 1365: J=6.0374e-05, Jf=6.0374e-05, Jcp =0.0000e+00, |dJ|=3.1881e-09, |dJcp|=0.0000e+00
Iteration 1370: J=6.0373e-05, Jf=6.0373e-05, Jcp =0.0000e+00, |dJ|=3.5714e-08, |dJcp|=0.0000e+00
Iteration 1375: J=6.0370e-05, Jf=6.0370e-05, Jcp =7.3691e-10, |dJ|=5.7344e-11, |dJcp|=5.4292e-11
Iteration 1380: J=6.0370e-05, Jf=6.0370e-05, Jcp =6.4539e-10, |dJ|=5.5706e-10, |dJcp|=5.0809e-11
Iteration 1385: J=6.0544e-05, Jf=6.0357e-05, Jcp =1.8719e-07, |dJ|=2.7730e-08, |dJcp|=8.6530e-10
Iteration 1390: J=6.0367e-05, Jf=6.0367e-05, Jcp =0.0000e+00, |dJ|=1.1122e-08, |dJcp|=0.0000e+00
Iteration 1395: J=6.0367e-05, Jf=6.0367e-05, Jcp =3.9938e-11, |dJ|=1.9148e-09, |dJcp|=1.2639e-11
Iteration 1400: J=6.0367e-05, Jf=6.0367e-05, Jcp =1.4795e-10, |dJ|=3.4047e-10, |dJcp|=2.4327e-11
Iteration 1405: J=6.0367e-05, Jf=6.0366e-05, Jcp =2.6722e-10, |dJ|=2.1848e-09, |dJcp|=3.2694e-11
Iteration 1410: J=6.0367e-05, Jf=6.0366e-05, Jcp =1.4421e-10, |dJ|=8.3795e-10, |dJcp|=2.4017e-11
Iteration 1415: J=6.0367e-05, Jf=6.0366e-05, Jcp =1.7898e-10, |dJ|=1.7261e-09, |dJcp|=2.6757e-11
Iteration 1420: J=6.0366e-05, Jf=6.0365e-05, Jcp =5.5862e-10, |dJ|=2.4181e-08, |dJcp|=4.7270e-11
Iteration 1425: J=6.0284e-05, Jf=6.0265e-05, Jcp =1.8788e-08, |dJ|=2.7244e-07, |dJcp|=2.7414e-10
Iteration 1430: J=1.6341e-04, Jf=5.8926e-05, Jcp =1.0448e-04, |dJ|=9.9928e-07, |dJcp|=2.0444e-08
Iteration 1435: J=5.9522e-05, Jf=5.9373e-05, Jcp =1.4893e-07, |dJ|=8.1961e-07, |dJcp|=7.7183e-10
Iteration 1440: J=3.7017e-04, Jf=5.8621e-05, Jcp =3.1155e-04, |dJ|=9.8823e-07, |dJcp|=3.5302e-08
Iteration 1445: J=5.9374e-05, Jf=5.9213e-05, Jcp =1.6123e-07, |dJ|=8.5406e-07, |dJcp|=8.0307e-10
Iteration 1450: J=5.9294e-05, Jf=5.9126e-05, Jcp =1.6816e-07, |dJ|=8.7292e-07, |dJcp|=8.2014e-10
Iteration 1455: J=2.7373e-03, Jf=5.7573e-05, Jcp =2.6797e-03, |dJ|=1.1187e-06, |dJcp|=1.0353e-07
Iteration 1460: J=5.9292e-05, Jf=5.9124e-05, Jcp =1.6829e-07, |dJ|=8.7328e-07, |dJcp|=8.2047e-10
Iteration 1465: J=9.6558e-05, Jf=5.8920e-05, Jcp =3.7638e-05, |dJ|=9.0329e-07, |dJcp|=1.2270e-08
Iteration 1470: J=5.9289e-05, Jf=5.9121e-05, Jcp =1.6845e-07, |dJ|=8.7371e-07, |dJcp|=8.2086e-10
Iteration 1475: J=5.9294e-05, Jf=5.9126e-05, Jcp =1.6816e-07, |dJ|=8.7275e-07, |dJcp|=8.2014e-10
Iteration 1480: J=5.9054e-05, Jf=5.8886e-05, Jcp =1.6816e-07, |dJ|=7.0123e-07, |dJcp|=8.2014e-10
Iteration 1485: J=5.8615e-05, Jf=5.8447e-05, Jcp =1.6814e-07, |dJ|=1.0089e-09, |dJcp|=8.2010e-10
Iteration 1490: J=5.8615e-05, Jf=5.8447e-05, Jcp =1.6760e-07, |dJ|=1.5057e-08, |dJcp|=8.1878e-10
Iteration 1495: J=5.8583e-05, Jf=5.8473e-05, Jcp =1.1027e-07, |dJ|=1.5916e-07, |dJcp|=6.6413e-10
Iteration 1500: J=5.8449e-05, Jf=5.8449e-05, Jcp =8.1627e-13, |dJ|=4.1273e-09, |dJcp|=1.8070e-12
Iteration 1505: J=5.8454e-05, Jf=5.8449e-05, Jcp =4.9613e-09, |dJ|=1.4162e-08, |dJcp|=1.4087e-10
Iteration 1510: J=5.8449e-05, Jf=5.8449e-05, Jcp =1.4468e-12, |dJ|=4.9186e-09, |dJcp|=2.4056e-12
Iteration 1515: J=5.8450e-05, Jf=5.8450e-05, Jcp =4.5376e-12, |dJ|=2.9920e-08, |dJcp|=4.2603e-12
Iteration 1520: J=5.8449e-05, Jf=5.8449e-05, Jcp =7.8739e-12, |dJ|=1.5740e-11, |dJcp|=5.6121e-12
Iteration 1525: J=5.8449e-05, Jf=5.8449e-05, Jcp =7.8766e-12, |dJ|=4.2457e-10, |dJcp|=5.6130e-12
Iteration 1530: J=5.8449e-05, Jf=5.8449e-05, Jcp =7.9980e-12, |dJ|=5.0321e-09, |dJcp|=5.6561e-12
Iteration 1535: J=5.8444e-05, Jf=5.8444e-05, Jcp =4.5283e-11, |dJ|=5.6046e-08, |dJcp|=1.3459e-11
Iteration 1540: J=5.8439e-05, Jf=5.8439e-05, Jcp =1.5232e-10, |dJ|=8.0500e-08, |dJcp|=2.4683e-11
Iteration 1545: J=5.8437e-05, Jf=5.8433e-05, Jcp =4.1704e-09, |dJ|=6.6662e-08, |dJcp|=1.2916e-10
Iteration 1550: J=5.8429e-05, Jf=5.8428e-05, Jcp =5.3994e-10, |dJ|=1.5411e-10, |dJcp|=4.6473e-11
Iteration 1555: J=5.8429e-05, Jf=5.8428e-05, Jcp =5.3664e-10, |dJ|=2.5520e-09, |dJcp|=4.6331e-11
Iteration 1560: J=5.8427e-05, Jf=5.8427e-05, Jcp =4.4248e-10, |dJ|=1.5390e-08, |dJcp|=4.2070e-11
Iteration 1565: J=5.7831e-05, Jf=5.7826e-05, Jcp =5.4957e-09, |dJ|=4.7475e-07, |dJcp|=1.4827e-10
Iteration 1570: J=3.7069e-02, Jf=5.4584e-05, Jcp =3.7014e-02, |dJ|=1.3337e-06, |dJcp|=3.8478e-07
Iteration 1575: J=5.7525e-05, Jf=5.7518e-05, Jcp =6.9601e-09, |dJ|=5.5566e-07, |dJcp|=1.6685e-10
Iteration 1580: J=2.2018e-04, Jf=5.6989e-05, Jcp =1.6319e-04, |dJ|=6.3862e-07, |dJcp|=2.5549e-08
Iteration 1585: J=5.7317e-05, Jf=5.7310e-05, Jcp =7.5835e-09, |dJ|=5.8705e-07, |dJcp|=1.7417e-10
Iteration 1590: J=5.7269e-05, Jf=5.7261e-05, Jcp =7.7354e-09, |dJ|=5.9454e-07, |dJcp|=1.7590e-10
Iteration 1595: J=8.8473e-03, Jf=5.5279e-05, Jcp =8.7920e-03, |dJ|=8.3414e-07, |dJcp|=1.8753e-07
Iteration 1600: J=5.7268e-05, Jf=5.7260e-05, Jcp =7.7381e-09, |dJ|=5.9467e-07, |dJcp|=1.7593e-10
Iteration 1605: J=1.7963e-04, Jf=5.6991e-05, Jcp =1.2264e-04, |dJ|=6.2139e-07, |dJcp|=2.2148e-08
Iteration 1610: J=5.7269e-05, Jf=5.7261e-05, Jcp =7.7349e-09, |dJ|=5.9452e-07, |dJcp|=1.7590e-10
Iteration 1615: J=5.7267e-05, Jf=5.7260e-05, Jcp =7.7349e-09, |dJ|=5.9267e-07, |dJcp|=1.7590e-10
Iteration 1620: J=5.6689e-05, Jf=5.6681e-05, Jcp =7.7348e-09, |dJ|=2.7301e-07, |dJcp|=1.7590e-10
Iteration 1625: J=5.6479e-05, Jf=5.6471e-05, Jcp =7.7342e-09, |dJ|=1.1277e-09, |dJcp|=1.7589e-10
Iteration 1630: J=5.6479e-05, Jf=5.6471e-05, Jcp =7.7267e-09, |dJ|=8.2526e-10, |dJcp|=1.7580e-10
Iteration 1635: J=5.6478e-05, Jf=5.6472e-05, Jcp =6.1833e-09, |dJ|=2.3740e-08, |dJcp|=1.5727e-10
Iteration 1640: J=5.6471e-05, Jf=5.6471e-05, Jcp =1.3171e-12, |dJ|=1.5283e-09, |dJcp|=2.2953e-12
Iteration 1645: J=5.6472e-05, Jf=5.6471e-05, Jcp =1.2356e-10, |dJ|=1.2864e-09, |dJcp|=2.2231e-11
Iteration 1650: J=5.6471e-05, Jf=5.6471e-05, Jcp =7.2041e-12, |dJ|=2.1912e-10, |dJcp|=5.3681e-12
Iteration 1655: J=5.6471e-05, Jf=5.6471e-05, Jcp =1.9398e-11, |dJ|=7.7165e-09, |dJcp|=8.8087e-12
Iteration 1660: J=5.6469e-05, Jf=5.6466e-05, Jcp =2.9972e-09, |dJ|=8.1243e-09, |dJcp|=1.0949e-10
Iteration 1665: J=5.6458e-05, Jf=5.6454e-05, Jcp =4.5312e-09, |dJ|=9.2295e-08, |dJcp|=1.3463e-10
Iteration 1670: J=5.7212e-05, Jf=5.6439e-05, Jcp =7.7324e-07, |dJ|=1.2958e-07, |dJcp|=1.7587e-09
Iteration 1675: J=5.6456e-05, Jf=5.6454e-05, Jcp =1.3712e-09, |dJ|=8.4983e-08, |dJcp|=7.4060e-11
Iteration 1680: J=5.6451e-05, Jf=5.6450e-05, Jcp =6.8178e-10, |dJ|=6.5337e-08, |dJcp|=5.2222e-11
Iteration 1685: J=5.6446e-05, Jf=5.6445e-05, Jcp =1.9762e-10, |dJ|=2.5949e-09, |dJcp|=2.8115e-11
Iteration 1690: J=5.6445e-05, Jf=5.6445e-05, Jcp =2.9662e-10, |dJ|=1.6237e-10, |dJcp|=3.4445e-11
Iteration 1695: J=5.6444e-05, Jf=5.6444e-05, Jcp =2.2507e-10, |dJ|=1.4351e-08, |dJcp|=3.0005e-11
Iteration 1700: J=5.6270e-05, Jf=5.6266e-05, Jcp =4.8151e-09, |dJ|=2.4505e-07, |dJcp|=1.3878e-10
Iteration 1705: J=5.5984e-05, Jf=5.5953e-05, Jcp =3.1474e-08, |dJ|=4.1335e-07, |dJcp|=3.5482e-10
Iteration 1710: J=3.4691e-04, Jf=5.5552e-05, Jcp =2.9135e-04, |dJ|=5.1761e-07, |dJcp|=3.4138e-08
Iteration 1715: J=5.5958e-05, Jf=5.5928e-05, Jcp =2.9874e-08, |dJ|=4.1924e-07, |dJcp|=3.4568e-10
Iteration 1720: J=5.5984e-05, Jf=5.5864e-05, Jcp =1.1968e-07, |dJ|=4.3474e-07, |dJcp|=6.9190e-10
Iteration 1725: J=5.5522e-05, Jf=5.5522e-05, Jcp =0.0000e+00, |dJ|=2.4717e-07, |dJcp|=0.0000e+00
Iteration 1730: J=5.9288e-05, Jf=5.5368e-05, Jcp =3.9195e-06, |dJ|=1.6621e-07, |dJcp|=3.9596e-09
Iteration 1735: J=5.5391e-05, Jf=5.5391e-05, Jcp =0.0000e+00, |dJ|=8.7650e-08, |dJcp|=0.0000e+00
Iteration 1740: J=5.5365e-05, Jf=5.5365e-05, Jcp =1.8934e-10, |dJ|=4.1553e-09, |dJcp|=2.7520e-11
Iteration 1745: J=5.5364e-05, Jf=5.5364e-05, Jcp =8.0629e-11, |dJ|=1.3339e-08, |dJcp|=1.7959e-11
Iteration 1750: J=5.5364e-05, Jf=5.5363e-05, Jcp =2.0114e-10, |dJ|=7.1929e-09, |dJcp|=2.8365e-11
Iteration 1755: J=5.5363e-05, Jf=5.5363e-05, Jcp =3.2955e-10, |dJ|=3.6382e-09, |dJcp|=3.6307e-11
Iteration 1760: J=5.5363e-05, Jf=5.5363e-05, Jcp =3.6964e-10, |dJ|=9.0874e-09, |dJcp|=3.8452e-11
Iteration 1765: J=5.5373e-05, Jf=5.5363e-05, Jcp =1.0182e-08, |dJ|=1.1920e-08, |dJcp|=2.0182e-10
Iteration 1770: J=5.5363e-05, Jf=5.5363e-05, Jcp =3.7688e-10, |dJ|=1.0035e-08, |dJcp|=3.8827e-11
Iteration 1775: J=5.5363e-05, Jf=5.5363e-05, Jcp =3.8096e-10, |dJ|=1.0361e-08, |dJcp|=3.9037e-11
Iteration 1780: J=5.5367e-05, Jf=5.5363e-05, Jcp =4.5727e-09, |dJ|=3.7016e-09, |dJcp|=1.3524e-10
Iteration 1785: J=5.5363e-05, Jf=5.5363e-05, Jcp =2.9870e-10, |dJ|=1.0680e-09, |dJcp|=3.4566e-11
Iteration 1790: J=5.5395e-05, Jf=5.5363e-05, Jcp =3.2208e-08, |dJ|=7.0004e-09, |dJcp|=3.5893e-10
Iteration 1795: J=5.5363e-05, Jf=5.5363e-05, Jcp =2.9531e-10, |dJ|=5.7057e-10, |dJcp|=3.4369e-11
Iteration 1800: J=5.5363e-05, Jf=5.5363e-05, Jcp =2.8380e-10, |dJ|=1.2960e-10, |dJcp|=3.3693e-11
Iteration 1805: J=5.5362e-05, Jf=5.5362e-05, Jcp =5.2527e-10, |dJ|=1.3536e-08, |dJcp|=4.5838e-11
Iteration 1810: J=5.5244e-05, Jf=5.5177e-05, Jcp =6.6833e-08, |dJ|=2.3516e-07, |dJcp|=5.1704e-10
Iteration 1815: J=9.2507e-02, Jf=4.3679e-05, Jcp =9.2464e-02, |dJ|=1.7112e-06, |dJcp|=6.0816e-07
Iteration 1820: J=4.9991e-05, Jf=4.7701e-05, Jcp =2.2901e-06, |dJ|=1.4310e-06, |dJcp|=3.0266e-09
Iteration 1825: J=5.4148e-01, Jf=4.1901e-05, Jcp =5.4144e-01, |dJ|=1.7592e-06, |dJcp|=1.4716e-06
Iteration 1830: J=4.9422e-05, Jf=4.7083e-05, Jcp =2.3391e-06, |dJ|=1.4419e-06, |dJcp|=3.0588e-09
Iteration 1835: J=4.9183e-05, Jf=4.6859e-05, Jcp =2.3238e-06, |dJ|=1.4350e-06, |dJcp|=3.0488e-09
Iteration 1840: J=4.3587e-03, Jf=4.5792e-05, Jcp =4.3129e-03, |dJ|=1.3710e-06, |dJcp|=1.3135e-07
Iteration 1845: J=4.9182e-05, Jf=4.6858e-05, Jcp =2.3237e-06, |dJ|=1.4350e-06, |dJcp|=3.0487e-09
Iteration 1850: J=1.1269e-04, Jf=4.6720e-05, Jcp =6.5966e-05, |dJ|=1.4264e-06, |dJcp|=1.6244e-08
Iteration 1855: J=4.9181e-05, Jf=4.6858e-05, Jcp =2.3235e-06, |dJ|=1.4349e-06, |dJcp|=3.0486e-09
Iteration 1860: J=4.9183e-05, Jf=4.6859e-05, Jcp =2.3238e-06, |dJ|=1.4350e-06, |dJcp|=3.0488e-09
Iteration 1865: J=4.9138e-05, Jf=4.6815e-05, Jcp =2.3238e-06, |dJ|=1.4133e-06, |dJcp|=3.0488e-09
Iteration 1870: J=4.7694e-05, Jf=4.5370e-05, Jcp =2.3236e-06, |dJ|=2.1909e-07, |dJcp|=3.0486e-09
Iteration 1875: J=4.7664e-05, Jf=4.5341e-05, Jcp =2.3234e-06, |dJ|=7.8721e-09, |dJcp|=3.0485e-09
Iteration 1880: J=4.7641e-05, Jf=4.5362e-05, Jcp =2.2789e-06, |dJ|=1.6513e-07, |dJcp|=3.0192e-09
Iteration 1885: J=4.6135e-05, Jf=4.5931e-05, Jcp =2.0467e-07, |dJ|=8.6112e-07, |dJcp|=9.0482e-10
Iteration 1890: J=4.5345e-05, Jf=4.5345e-05, Jcp =0.0000e+00, |dJ|=2.6442e-10, |dJcp|=0.0000e+00
Iteration 1895: J=4.5352e-05, Jf=4.5345e-05, Jcp =7.0170e-09, |dJ|=9.8636e-09, |dJcp|=1.6754e-10
Iteration 1900: J=4.5345e-05, Jf=4.5345e-05, Jcp =1.0034e-13, |dJ|=6.7715e-09, |dJcp|=6.3352e-13
Iteration 1905: J=4.5393e-05, Jf=4.5345e-05, Jcp =4.8570e-08, |dJ|=1.1318e-08, |dJcp|=4.4077e-10
Iteration 1910: J=4.5345e-05, Jf=4.5345e-05, Jcp =1.3709e-12, |dJ|=7.0633e-09, |dJcp|=2.3417e-12
Iteration 1915: J=4.5345e-05, Jf=4.5345e-05, Jcp =3.0949e-12, |dJ|=1.2748e-11, |dJcp|=3.5185e-12
Iteration 1920: J=4.5345e-05, Jf=4.5345e-05, Jcp =2.4021e-12, |dJ|=2.3911e-10, |dJcp|=3.0997e-12
Iteration 1925: J=4.5345e-05, Jf=4.5345e-05, Jcp =7.2964e-13, |dJ|=3.4612e-09, |dJcp|=1.7084e-12
Iteration 1930: J=4.5338e-05, Jf=4.5338e-05, Jcp =0.0000e+00, |dJ|=8.7985e-08, |dJcp|=0.0000e+00
Iteration 1935: J=4.5349e-05, Jf=4.5332e-05, Jcp =1.7189e-08, |dJ|=1.1620e-07, |dJcp|=2.6222e-10
Iteration 1940: J=4.5327e-05, Jf=4.5326e-05, Jcp =7.4031e-10, |dJ|=6.7464e-10, |dJcp|=5.4417e-11
Iteration 1945: J=4.5326e-05, Jf=4.5325e-05, Jcp =7.1229e-10, |dJ|=1.6068e-08, |dJcp|=5.3378e-11
Iteration 1950: J=4.5321e-05, Jf=4.5318e-05, Jcp =2.9591e-09, |dJ|=2.7766e-09, |dJcp|=1.0880e-10
Iteration 1955: J=4.5321e-05, Jf=4.5319e-05, Jcp =1.8579e-09, |dJ|=5.1558e-10, |dJcp|=8.6207e-11
Iteration 1960: J=4.5320e-05, Jf=4.5317e-05, Jcp =2.8615e-09, |dJ|=9.3353e-09, |dJcp|=1.0699e-10
Iteration 1965: J=4.5411e-05, Jf=4.5307e-05, Jcp =1.0389e-07, |dJ|=3.5568e-08, |dJcp|=6.4464e-10
Iteration 1970: J=4.5316e-05, Jf=4.5310e-05, Jcp =6.1863e-09, |dJ|=2.9168e-08, |dJcp|=1.5731e-10
Iteration 1975: J=4.6556e-05, Jf=4.5299e-05, Jcp =1.2576e-06, |dJ|=4.5383e-08, |dJcp|=2.2428e-09
Iteration 1980: J=4.5316e-05, Jf=4.5310e-05, Jcp =6.2486e-09, |dJ|=2.9471e-08, |dJcp|=1.5810e-10
Iteration 1985: J=4.5330e-05, Jf=4.5308e-05, Jcp =2.1148e-08, |dJ|=3.1505e-08, |dJcp|=2.9085e-10
Iteration 1990: J=4.5316e-05, Jf=4.5310e-05, Jcp =6.3265e-09, |dJ|=2.9845e-08, |dJcp|=1.5908e-10
Iteration 1995: J=4.5300e-05, Jf=4.5293e-05, Jcp =7.7223e-09, |dJ|=5.3603e-08, |dJcp|=1.7575e-10
Iteration 2000: J=4.3407e-05, Jf=4.3400e-05, Jcp =7.3623e-09, |dJ|=6.6883e-07, |dJcp|=1.7161e-10
Iteration 2005: J=7.6161e-02, Jf=3.9254e-05, Jcp =7.6122e-02, |dJ|=1.0234e-06, |dJcp|=5.5180e-07
Iteration 2010: J=4.2177e-05, Jf=4.2168e-05, Jcp =8.5372e-09, |dJ|=7.4801e-07, |dJcp|=1.8479e-10
Iteration 2015: J=5.2418e-01, Jf=3.6721e-05, Jcp =5.2414e-01, |dJ|=1.5930e-06, |dJcp|=1.4480e-06
Iteration 2020: J=4.1826e-05, Jf=4.1817e-05, Jcp =8.6661e-09, |dJ|=7.5959e-07, |dJcp|=1.8618e-10
Iteration 2025: J=6.6502e-05, Jf=4.1497e-05, Jcp =2.5004e-05, |dJ|=7.5868e-07, |dJcp|=1.0001e-08
Iteration 2030: J=7.0188e-01, Jf=3.6124e-05, Jcp =7.0185e-01, |dJ|=1.7142e-06, |dJcp|=1.6755e-06
Iteration 2035: J=4.1573e-05, Jf=4.1564e-05, Jcp =8.5896e-09, |dJ|=7.5883e-07, |dJcp|=1.8536e-10
Iteration 2040: J=6.6053e-04, Jf=4.1219e-05, Jcp =6.1931e-04, |dJ|=7.5217e-07, |dJcp|=4.9772e-08
Iteration 2045: J=4.1573e-05, Jf=4.1564e-05, Jcp =8.5892e-09, |dJ|=7.5882e-07, |dJcp|=1.8536e-10
Iteration 2050: J=4.1573e-05, Jf=4.1565e-05, Jcp =8.5898e-09, |dJ|=7.5884e-07, |dJcp|=1.8536e-10
Iteration 2055: J=4.1573e-05, Jf=4.1564e-05, Jcp =8.5898e-09, |dJ|=7.5836e-07, |dJcp|=1.8536e-10
Iteration 2060: J=4.0641e-05, Jf=4.0632e-05, Jcp =8.5897e-09, |dJ|=4.0920e-07, |dJcp|=1.8536e-10
Iteration 2065: J=3.9986e-05, Jf=3.9977e-05, Jcp =8.5891e-09, |dJ|=2.8433e-10, |dJcp|=1.8536e-10
Iteration 2070: J=3.9986e-05, Jf=3.9977e-05, Jcp =8.5720e-09, |dJ|=2.0910e-09, |dJcp|=1.8517e-10
Iteration 2075: J=3.9985e-05, Jf=3.9979e-05, Jcp =6.2892e-09, |dJ|=2.5269e-08, |dJcp|=1.5861e-10
Iteration 2080: J=3.9978e-05, Jf=3.9978e-05, Jcp =3.1481e-12, |dJ|=2.2139e-08, |dJcp|=3.5486e-12
Iteration 2085: J=3.9978e-05, Jf=3.9978e-05, Jcp =2.5918e-10, |dJ|=2.3584e-09, |dJcp|=3.2198e-11
Iteration 2090: J=3.9978e-05, Jf=3.9978e-05, Jcp =4.4601e-13, |dJ|=6.0009e-11, |dJcp|=1.3357e-12
Iteration 2095: J=3.9978e-05, Jf=3.9978e-05, Jcp =2.2268e-13, |dJ|=1.2539e-10, |dJcp|=9.4378e-13
Iteration 2100: J=3.9977e-05, Jf=3.9977e-05, Jcp =0.0000e+00, |dJ|=1.0904e-08, |dJcp|=0.0000e+00
Iteration 2105: J=3.9975e-05, Jf=3.9975e-05, Jcp =0.0000e+00, |dJ|=2.8609e-08, |dJcp|=0.0000e+00
Iteration 2110: J=4.0255e-05, Jf=3.9971e-05, Jcp =2.8326e-07, |dJ|=4.7904e-08, |dJcp|=1.0644e-09
Iteration 2115: J=3.9975e-05, Jf=3.9975e-05, Jcp =0.0000e+00, |dJ|=2.9511e-08, |dJcp|=0.0000e+00
Iteration 2120: J=3.9976e-05, Jf=3.9975e-05, Jcp =1.7247e-09, |dJ|=3.2076e-08, |dJcp|=8.3060e-11
Iteration 2125: J=3.9975e-05, Jf=3.9975e-05, Jcp =3.2279e-11, |dJ|=3.0710e-08, |dJcp|=1.1363e-11
Iteration 2130: J=3.9974e-05, Jf=3.9974e-05, Jcp =2.6005e-11, |dJ|=2.1452e-09, |dJcp|=1.0199e-11
Iteration 2135: J=3.9973e-05, Jf=3.9972e-05, Jcp =2.5309e-11, |dJ|=3.7195e-08, |dJcp|=1.0062e-11
Iteration 2140: J=4.0065e-05, Jf=3.9972e-05, Jcp =9.3622e-08, |dJ|=4.7943e-08, |dJcp|=6.1195e-10
Iteration 2145: J=3.9972e-05, Jf=3.9972e-05, Jcp =2.5219e-11, |dJ|=4.2205e-08, |dJcp|=1.0044e-11
Iteration 2150: J=3.9972e-05, Jf=3.9972e-05, Jcp =5.1606e-11, |dJ|=3.0113e-08, |dJcp|=1.4367e-11
Iteration 2155: J=3.9971e-05, Jf=3.9971e-05, Jcp =7.7754e-11, |dJ|=9.6681e-09, |dJcp|=1.7636e-11
Iteration 2160: J=3.9974e-05, Jf=3.9970e-05, Jcp =3.7248e-09, |dJ|=1.3936e-09, |dJcp|=1.2206e-10
Iteration 2165: J=3.9971e-05, Jf=3.9971e-05, Jcp =8.0533e-11, |dJ|=5.3019e-09, |dJcp|=1.7948e-11
Iteration 2170: J=4.0052e-05, Jf=3.9970e-05, Jcp =8.2122e-08, |dJ|=4.8457e-09, |dJcp|=5.7314e-10
Iteration 2175: J=3.9971e-05, Jf=3.9971e-05, Jcp =8.0682e-11, |dJ|=5.0713e-09, |dJcp|=1.7965e-11
Iteration 2180: J=3.9971e-05, Jf=3.9971e-05, Jcp =8.7486e-10, |dJ|=3.7894e-09, |dJcp|=5.9156e-11
Iteration 2185: J=3.9971e-05, Jf=3.9971e-05, Jcp =8.0507e-11, |dJ|=5.3427e-09, |dJcp|=1.7945e-11
Iteration 2190: J=3.9971e-05, Jf=3.9971e-05, Jcp =8.0507e-11, |dJ|=5.3209e-09, |dJcp|=1.7945e-11
Iteration 2195: J=3.9971e-05, Jf=3.9971e-05, Jcp =8.0506e-11, |dJ|=2.5927e-10, |dJcp|=1.7945e-11
Iteration 2200: J=3.9971e-05, Jf=3.9971e-05, Jcp =8.0500e-11, |dJ|=2.0577e-11, |dJcp|=1.7944e-11
Iteration 2205: J=3.9971e-05, Jf=3.9971e-05, Jcp =7.9236e-11, |dJ|=7.4653e-10, |dJcp|=1.7803e-11
Iteration 2210: J=3.9971e-05, Jf=3.9971e-05, Jcp =1.0166e-11, |dJ|=4.5322e-09, |dJcp|=6.3769e-12
Iteration 2215: J=3.9971e-05, Jf=3.9971e-05, Jcp =0.0000e+00, |dJ|=3.7817e-11, |dJcp|=0.0000e+00
Iteration 2220: J=3.9971e-05, Jf=3.9971e-05, Jcp =3.2933e-12, |dJ|=2.7519e-09, |dJcp|=3.6295e-12
Iteration 2225: J=3.9971e-05, Jf=3.9971e-05, Jcp =4.9959e-10, |dJ|=3.9015e-09, |dJcp|=4.4703e-11
Iteration 2230: J=3.9971e-05, Jf=3.9971e-05, Jcp =0.0000e+00, |dJ|=2.5035e-09, |dJcp|=0.0000e+00
Iteration 2235: J=3.9971e-05, Jf=3.9971e-05, Jcp =2.7612e-13, |dJ|=1.1067e-09, |dJcp|=1.0509e-12
Iteration 2240: J=3.9971e-05, Jf=3.9971e-05, Jcp =1.8952e-13, |dJ|=1.4114e-10, |dJcp|=8.7068e-13
Iteration 2245: J=3.9971e-05, Jf=3.9971e-05, Jcp =1.8353e-13, |dJ|=2.2105e-09, |dJcp|=8.5680e-13
Iteration 2250: J=3.9975e-05, Jf=3.9970e-05, Jcp =4.4586e-09, |dJ|=2.5149e-08, |dJcp|=1.3355e-10
Iteration 2255: J=3.9970e-05, Jf=3.9970e-05, Jcp =1.4071e-13, |dJ|=1.8412e-08, |dJcp|=7.5022e-13
Iteration 2260: J=3.9980e-05, Jf=3.9970e-05, Jcp =9.7526e-09, |dJ|=2.4942e-08, |dJcp|=1.9751e-10
Iteration 2265: J=3.9970e-05, Jf=3.9970e-05, Jcp =1.3911e-13, |dJ|=1.9085e-08, |dJcp|=7.4595e-13
Iteration 2270: J=3.9970e-05, Jf=3.9970e-05, Jcp =1.5449e-10, |dJ|=2.0131e-08, |dJcp|=2.4859e-11
Iteration 2275: J=3.9970e-05, Jf=3.9969e-05, Jcp =3.4422e-10, |dJ|=3.7447e-10, |dJcp|=3.7106e-11
Iteration 2280: J=3.9970e-05, Jf=3.9969e-05, Jcp =3.2870e-10, |dJ|=2.1735e-10, |dJcp|=3.6260e-11
Iteration 2285: J=3.9970e-05, Jf=3.9969e-05, Jcp =1.9966e-10, |dJ|=3.5336e-09, |dJcp|=2.8260e-11
Iteration 2290: J=3.9957e-05, Jf=3.9957e-05, Jcp =0.0000e+00, |dJ|=9.2809e-08, |dJcp|=0.0000e+00
Iteration 2295: J=3.9974e-05, Jf=3.9946e-05, Jcp =2.8353e-08, |dJ|=1.3327e-07, |dJcp|=3.3677e-10
Iteration 2300: J=3.9949e-05, Jf=3.9949e-05, Jcp =0.0000e+00, |dJ|=1.1878e-07, |dJcp|=0.0000e+00
Iteration 2305: J=4.0760e-05, Jf=3.9932e-05, Jcp =8.2821e-07, |dJ|=1.5431e-07, |dJcp|=1.8201e-09
Iteration 2310: J=3.9948e-05, Jf=3.9948e-05, Jcp =0.0000e+00, |dJ|=1.2088e-07, |dJcp|=0.0000e+00
Iteration 2315: J=3.9955e-05, Jf=3.9946e-05, Jcp =8.8453e-09, |dJ|=1.2540e-07, |dJcp|=1.8810e-10
Iteration 2320: J=3.9936e-05, Jf=3.9936e-05, Jcp =1.5245e-10, |dJ|=9.7250e-10, |dJcp|=2.4694e-11
Iteration 2325: J=4.0156e-05, Jf=3.9933e-05, Jcp =2.2255e-07, |dJ|=3.2830e-08, |dJcp|=9.4350e-10
Iteration 2330: J=3.9935e-05, Jf=3.9935e-05, Jcp =2.0306e-10, |dJ|=1.8294e-08, |dJcp|=2.8500e-11
Iteration 2335: J=4.0959e-05, Jf=3.9931e-05, Jcp =1.0275e-06, |dJ|=3.6718e-08, |dJcp|=2.0273e-09
Iteration 2340: J=3.9935e-05, Jf=3.9935e-05, Jcp =2.0373e-10, |dJ|=1.8511e-08, |dJcp|=2.8547e-11
Iteration 2345: J=3.9939e-05, Jf=3.9934e-05, Jcp =4.8718e-09, |dJ|=2.0898e-08, |dJcp|=1.3960e-10
Iteration 2350: J=3.9935e-05, Jf=3.9935e-05, Jcp =2.0720e-10, |dJ|=1.9630e-08, |dJcp|=2.8789e-11
Iteration 2355: J=3.9935e-05, Jf=3.9935e-05, Jcp =2.0306e-10, |dJ|=1.8290e-08, |dJcp|=2.8500e-11
Iteration 2360: J=3.9935e-05, Jf=3.9935e-05, Jcp =2.0306e-10, |dJ|=1.4310e-08, |dJcp|=2.8500e-11
Iteration 2365: J=3.9935e-05, Jf=3.9934e-05, Jcp =2.0305e-10, |dJ|=1.3115e-09, |dJcp|=2.8499e-11
Iteration 2370: J=3.9935e-05, Jf=3.9934e-05, Jcp =2.0300e-10, |dJ|=9.8963e-11, |dJcp|=2.8496e-11
Iteration 2375: J=3.9935e-05, Jf=3.9934e-05, Jcp =1.9542e-10, |dJ|=1.5475e-09, |dJcp|=2.7959e-11
Iteration 2380: J=3.9935e-05, Jf=3.9935e-05, Jcp =0.0000e+00, |dJ|=1.0800e-08, |dJcp|=0.0000e+00
Iteration 2385: J=3.9934e-05, Jf=3.9934e-05, Jcp =0.0000e+00, |dJ|=1.3010e-10, |dJcp|=0.0000e+00
Iteration 2390: J=3.9934e-05, Jf=3.9934e-05, Jcp =0.0000e+00, |dJ|=8.7323e-09, |dJcp|=0.0000e+00
Iteration 2395: J=3.9935e-05, Jf=3.9934e-05, Jcp =5.0676e-10, |dJ|=1.1463e-08, |dJcp|=4.5023e-11
Iteration 2400: J=3.9934e-05, Jf=3.9934e-05, Jcp =3.0574e-15, |dJ|=1.0108e-08, |dJcp|=1.1059e-13
Iteration 2405: J=3.9934e-05, Jf=3.9934e-05, Jcp =3.6955e-12, |dJ|=1.4818e-11, |dJcp|=3.8448e-12
Iteration 2410: J=3.9934e-05, Jf=3.9934e-05, Jcp =3.6957e-12, |dJ|=1.8649e-10, |dJcp|=3.8448e-12
Iteration 2415: J=3.9934e-05, Jf=3.9934e-05, Jcp =3.6974e-12, |dJ|=2.3401e-09, |dJcp|=3.8457e-12
Iteration 2420: J=3.9934e-05, Jf=3.9934e-05, Jcp =3.7180e-12, |dJ|=2.6225e-08, |dJcp|=3.8564e-12
Iteration 2425: J=3.9932e-05, Jf=3.9932e-05, Jcp =3.7442e-12, |dJ|=5.2774e-08, |dJcp|=3.8700e-12
Iteration 2430: J=3.9971e-05, Jf=3.9929e-05, Jcp =4.1337e-08, |dJ|=7.0148e-08, |dJcp|=4.0663e-10
Iteration 2435: J=3.9963e-05, Jf=3.9929e-05, Jcp =3.4369e-08, |dJ|=4.1222e-09, |dJcp|=3.7078e-10
Iteration 2440: J=3.9930e-05, Jf=3.9929e-05, Jcp =8.5350e-11, |dJ|=2.6282e-08, |dJcp|=1.8477e-11
Iteration 2445: J=3.9941e-05, Jf=3.9929e-05, Jcp =1.2199e-08, |dJ|=1.1943e-08, |dJcp|=2.2090e-10
Iteration 2450: J=3.9929e-05, Jf=3.9929e-05, Jcp =1.0001e-10, |dJ|=2.4360e-08, |dJcp|=2.0001e-11
Iteration 2455: J=3.9929e-05, Jf=3.9929e-05, Jcp =1.7802e-10, |dJ|=6.7499e-11, |dJcp|=2.6684e-11
Iteration 2460: J=3.9927e-05, Jf=3.9927e-05, Jcp =6.7560e-10, |dJ|=6.8297e-10, |dJcp|=5.1984e-11
Iteration 2465: J=3.9927e-05, Jf=3.9927e-05, Jcp =7.7609e-10, |dJ|=4.3868e-10, |dJcp|=5.5717e-11
Iteration 2470: J=3.9927e-05, Jf=3.9927e-05, Jcp =3.0364e-10, |dJ|=8.9155e-09, |dJcp|=3.4850e-11
Iteration 2475: J=3.9763e-05, Jf=3.9739e-05, Jcp =2.4243e-08, |dJ|=3.1499e-07, |dJcp|=3.1140e-10
Iteration 2480: J=5.7425e-03, Jf=3.8566e-05, Jcp =5.7039e-03, |dJ|=9.5348e-07, |dJcp|=1.5105e-07
Iteration 2485: J=3.9623e-05, Jf=3.9581e-05, Jcp =4.2292e-08, |dJ|=4.1793e-07, |dJcp|=4.1130e-10
Iteration 2490: J=5.5964e-05, Jf=3.9412e-05, Jcp =1.6552e-05, |dJ|=4.8573e-07, |dJcp|=8.1368e-09
Iteration 2495: J=3.9540e-05, Jf=3.9490e-05, Jcp =4.9812e-08, |dJ|=4.5384e-07, |dJcp|=4.4637e-10
Iteration 2500: J=3.9526e-05, Jf=3.9474e-05, Jcp =5.1168e-08, |dJ|=4.6004e-07, |dJcp|=4.5241e-10
Iteration 2505: J=1.1946e-03, Jf=3.8940e-05, Jcp =1.1557e-03, |dJ|=6.1302e-07, |dJcp|=6.7990e-08
Iteration 2510: J=3.9525e-05, Jf=3.9474e-05, Jcp =5.1206e-08, |dJ|=4.6021e-07, |dJcp|=4.5257e-10
Iteration 2515: J=5.7248e-05, Jf=3.9403e-05, Jcp =1.7844e-05, |dJ|=4.7876e-07, |dJcp|=8.4485e-09
Iteration 2520: J=3.9526e-05, Jf=3.9475e-05, Jcp =5.1153e-08, |dJ|=4.5994e-07, |dJcp|=4.5234e-10
Iteration 2525: J=3.9508e-05, Jf=3.9457e-05, Jcp =5.1153e-08, |dJ|=4.2780e-07, |dJcp|=4.5234e-10
Iteration 2530: J=3.9367e-05, Jf=3.9316e-05, Jcp =5.1148e-08, |dJ|=1.2837e-07, |dJcp|=4.5232e-10
Iteration 2535: J=3.9356e-05, Jf=3.9305e-05, Jcp =5.1146e-08, |dJ|=9.2430e-10, |dJcp|=4.5231e-10
Iteration 2540: J=3.9356e-05, Jf=3.9305e-05, Jcp =5.0370e-08, |dJ|=1.8273e-08, |dJcp|=4.4887e-10
Iteration 2545: J=3.9326e-05, Jf=3.9319e-05, Jcp =7.3100e-09, |dJ|=1.1127e-07, |dJcp|=1.7100e-10
Iteration 2550: J=3.9305e-05, Jf=3.9305e-05, Jcp =0.0000e+00, |dJ|=1.7784e-10, |dJcp|=0.0000e+00
Iteration 2555: J=3.9306e-05, Jf=3.9305e-05, Jcp =1.0077e-09, |dJ|=7.3151e-09, |dJcp|=6.3488e-11
Iteration 2560: J=3.9305e-05, Jf=3.9305e-05, Jcp =0.0000e+00, |dJ|=4.7174e-09, |dJcp|=0.0000e+00
Iteration 2565: J=3.9305e-05, Jf=3.9305e-05, Jcp =6.1707e-13, |dJ|=2.1444e-10, |dJcp|=1.5711e-12
Iteration 2570: J=3.9305e-05, Jf=3.9305e-05, Jcp =9.1028e-13, |dJ|=7.1432e-11, |dJcp|=1.9082e-12
Iteration 2575: J=3.9305e-05, Jf=3.9305e-05, Jcp =7.3361e-13, |dJ|=9.8389e-10, |dJcp|=1.7130e-12
Iteration 2580: J=3.9305e-05, Jf=3.9305e-05, Jcp =0.0000e+00, |dJ|=1.1118e-08, |dJcp|=0.0000e+00
Iteration 2585: J=3.9308e-05, Jf=3.9303e-05, Jcp =4.6324e-09, |dJ|=4.2156e-08, |dJcp|=1.3612e-10
Iteration 2590: J=3.9304e-05, Jf=3.9303e-05, Jcp =9.8345e-11, |dJ|=3.4685e-08, |dJcp|=1.9834e-11
Iteration 2595: J=3.9302e-05, Jf=3.9302e-05, Jcp =1.7265e-10, |dJ|=1.8190e-09, |dJcp|=2.6279e-11
Iteration 2600: J=3.9302e-05, Jf=3.9302e-05, Jcp =1.1330e-10, |dJ|=1.0138e-09, |dJcp|=2.1288e-11
Iteration 2605: J=3.9302e-05, Jf=3.9302e-05, Jcp =1.1664e-10, |dJ|=2.6509e-11, |dJcp|=2.1600e-11
Iteration 2610: J=3.9302e-05, Jf=3.9302e-05, Jcp =1.1075e-10, |dJ|=1.0347e-09, |dJcp|=2.1047e-11
Iteration 2615: J=3.9301e-05, Jf=3.9301e-05, Jcp =2.8299e-10, |dJ|=1.6267e-08, |dJcp|=3.3644e-11
Iteration 2620: J=9.1212e-05, Jf=3.9177e-05, Jcp =5.2035e-05, |dJ|=1.9572e-07, |dJcp|=1.4427e-08
Iteration 2625: J=3.9266e-05, Jf=3.9253e-05, Jcp =1.2945e-08, |dJ|=1.2070e-07, |dJcp|=2.2755e-10
Iteration 2630: J=3.9412e-05, Jf=3.9242e-05, Jcp =1.6983e-07, |dJ|=1.3083e-07, |dJcp|=8.2421e-10
Iteration 2635: J=3.9261e-05, Jf=3.9247e-05, Jcp =1.4204e-08, |dJ|=1.2652e-07, |dJcp|=2.3836e-10
Iteration 2640: J=3.9235e-05, Jf=3.9233e-05, Jcp =1.9320e-09, |dJ|=4.6280e-08, |dJcp|=8.7910e-11
Iteration 2645: J=4.6714e-05, Jf=3.9192e-05, Jcp =7.5223e-06, |dJ|=7.0212e-08, |dJcp|=5.4853e-09
Iteration 2650: J=3.9224e-05, Jf=3.9224e-05, Jcp =0.0000e+00, |dJ|=1.2051e-08, |dJcp|=0.0000e+00
Iteration 2655: J=3.9326e-05, Jf=3.9219e-05, Jcp =1.0679e-07, |dJ|=1.9397e-08, |dJcp|=6.5359e-10
Iteration 2660: J=3.9224e-05, Jf=3.9223e-05, Jcp =9.4342e-11, |dJ|=1.1787e-08, |dJcp|=1.9426e-11
Iteration 2665: J=3.9223e-05, Jf=3.9223e-05, Jcp =4.5723e-11, |dJ|=2.7257e-09, |dJcp|=1.3524e-11
Iteration 2670: J=3.9223e-05, Jf=3.9223e-05, Jcp =5.9083e-11, |dJ|=8.2528e-10, |dJcp|=1.5373e-11
Iteration 2675: J=3.9353e-05, Jf=3.9222e-05, Jcp =1.3048e-07, |dJ|=2.4616e-08, |dJcp|=7.2244e-10
Iteration 2680: J=3.9223e-05, Jf=3.9223e-05, Jcp =1.0221e-10, |dJ|=1.0217e-08, |dJcp|=2.0220e-11
Iteration 2685: J=3.9223e-05, Jf=3.9223e-05, Jcp =5.1370e-10, |dJ|=1.2217e-08, |dJcp|=4.5330e-11
Iteration 2690: J=3.9223e-05, Jf=3.9223e-05, Jcp =1.0844e-10, |dJ|=1.1382e-08, |dJcp|=2.0827e-11
Iteration 2695: J=3.9223e-05, Jf=3.9223e-05, Jcp =5.4855e-11, |dJ|=3.1190e-10, |dJcp|=1.4813e-11
Iteration 2700: J=3.9223e-05, Jf=3.9223e-05, Jcp =5.5592e-11, |dJ|=1.5263e-10, |dJcp|=1.4912e-11
Iteration 2705: J=3.9223e-05, Jf=3.9223e-05, Jcp =6.3390e-11, |dJ|=2.0537e-09, |dJcp|=1.5924e-11
Iteration 2710: J=3.9222e-05, Jf=3.9221e-05, Jcp =2.7947e-10, |dJ|=2.3136e-08, |dJcp|=3.3435e-11
Iteration 2715: J=3.9201e-05, Jf=3.9196e-05, Jcp =4.6970e-09, |dJ|=7.3904e-08, |dJcp|=1.3707e-10
Iteration 2720: J=6.4677e-02, Jf=3.1672e-05, Jcp =6.4646e-02, |dJ|=5.7790e-07, |dJcp|=5.0851e-07
Iteration 2725: J=3.4600e-05, Jf=3.4300e-05, Jcp =3.0001e-07, |dJ|=7.8741e-07, |dJcp|=1.0955e-09
Iteration 2730: J=6.0780e-05, Jf=3.3541e-05, Jcp =2.7240e-05, |dJ|=7.0753e-07, |dJcp|=1.0438e-08
Iteration 2735: J=3.4057e-05, Jf=3.3784e-05, Jcp =2.7328e-07, |dJ|=7.3454e-07, |dJcp|=1.0455e-09
Iteration 2740: J=1.9662e-04, Jf=3.3392e-05, Jcp =1.6323e-04, |dJ|=6.7520e-07, |dJcp|=2.5552e-08
Iteration 2745: J=3.3908e-05, Jf=3.3648e-05, Jcp =2.5951e-07, |dJ|=7.1449e-07, |dJcp|=1.0188e-09
Iteration 2750: J=3.3858e-05, Jf=3.3603e-05, Jcp =2.5490e-07, |dJ|=7.0765e-07, |dJcp|=1.0098e-09
Iteration 2755: J=9.6898e-04, Jf=3.3106e-05, Jcp =9.3587e-04, |dJ|=6.2458e-07, |dJcp|=6.1184e-08
Iteration 2760: J=3.3857e-05, Jf=3.3602e-05, Jcp =2.5481e-07, |dJ|=7.0751e-07, |dJcp|=1.0096e-09
Iteration 2765: J=4.7397e-05, Jf=3.3536e-05, Jcp =1.3860e-05, |dJ|=6.9679e-07, |dJcp|=7.4459e-09
Iteration 2770: J=3.3858e-05, Jf=3.3603e-05, Jcp =2.5492e-07, |dJ|=7.0767e-07, |dJcp|=1.0098e-09
Iteration 2775: J=3.3855e-05, Jf=3.3600e-05, Jcp =2.5492e-07, |dJ|=7.0496e-07, |dJcp|=1.0098e-09
Iteration 2780: J=3.3227e-05, Jf=3.2972e-05, Jcp =2.5492e-07, |dJ|=2.8352e-07, |dJcp|=1.0098e-09
Iteration 2785: J=3.3059e-05, Jf=3.2804e-05, Jcp =2.5490e-07, |dJ|=1.0189e-09, |dJcp|=1.0098e-09
Iteration 2790: J=3.3059e-05, Jf=3.2804e-05, Jcp =2.5430e-07, |dJ|=1.3827e-08, |dJcp|=1.0086e-09
Iteration 2795: J=3.3014e-05, Jf=3.2840e-05, Jcp =1.7336e-07, |dJ|=1.5675e-07, |dJcp|=8.3274e-10
Iteration 2800: J=3.2819e-05, Jf=3.2819e-05, Jcp =0.0000e+00, |dJ|=1.0150e-07, |dJcp|=0.0000e+00
Iteration 2805: J=3.2805e-05, Jf=3.2805e-05, Jcp =0.0000e+00, |dJ|=2.5836e-09, |dJcp|=0.0000e+00
Iteration 2810: J=3.2806e-05, Jf=3.2805e-05, Jcp =7.9349e-10, |dJ|=4.6772e-09, |dJcp|=5.6338e-11
Iteration 2815: J=3.2805e-05, Jf=3.2805e-05, Jcp =0.0000e+00, |dJ|=3.2438e-09, |dJcp|=0.0000e+00
Iteration 2820: J=3.2806e-05, Jf=3.2806e-05, Jcp =1.3195e-12, |dJ|=3.3057e-08, |dJcp|=2.2973e-12
Iteration 2825: J=3.2805e-05, Jf=3.2805e-05, Jcp =1.3433e-12, |dJ|=2.6444e-11, |dJcp|=2.3180e-12
Iteration 2830: J=3.2805e-05, Jf=3.2805e-05, Jcp =1.3422e-12, |dJ|=2.7694e-09, |dJcp|=2.3170e-12
Iteration 2835: J=3.2804e-05, Jf=3.2804e-05, Jcp =1.3293e-12, |dJ|=3.4649e-08, |dJcp|=2.3059e-12
Iteration 2840: J=3.2956e-05, Jf=3.2801e-05, Jcp =1.5508e-07, |dJ|=7.4746e-08, |dJcp|=7.8760e-10
Iteration 2845: J=3.2804e-05, Jf=3.2804e-05, Jcp =1.3253e-12, |dJ|=4.4624e-08, |dJcp|=2.3025e-12
Iteration 2850: J=3.2804e-05, Jf=3.2803e-05, Jcp =7.2627e-10, |dJ|=4.9170e-08, |dJcp|=5.3899e-11
Iteration 2855: J=3.2823e-05, Jf=3.2823e-05, Jcp =2.0165e-12, |dJ|=1.7815e-07, |dJcp|=2.8400e-12
Iteration 2860: J=3.2802e-05, Jf=3.2802e-05, Jcp =3.3365e-11, |dJ|=9.9099e-12, |dJcp|=1.1552e-11
Iteration 2865: J=3.2802e-05, Jf=3.2802e-05, Jcp =1.3980e-12, |dJ|=5.2331e-10, |dJcp|=2.3647e-12
Iteration 2870: J=3.2785e-05, Jf=3.2784e-05, Jcp =5.8158e-10, |dJ|=1.7756e-08, |dJcp|=4.8232e-11
Iteration 2875: J=3.2787e-05, Jf=3.2787e-05, Jcp =1.8544e-12, |dJ|=1.4260e-08, |dJcp|=2.7236e-12
Iteration 2880: J=3.2785e-05, Jf=3.2784e-05, Jcp =7.0027e-11, |dJ|=6.5894e-11, |dJcp|=1.6736e-11
Iteration 2885: J=3.4485e-05, Jf=3.2781e-05, Jcp =1.7039e-06, |dJ|=4.5520e-08, |dJcp|=2.6107e-09
Iteration 2890: J=3.2784e-05, Jf=3.2784e-05, Jcp =1.9690e-12, |dJ|=1.7383e-08, |dJcp|=2.8064e-12
Iteration 2895: J=3.2783e-05, Jf=3.2783e-05, Jcp =1.7997e-10, |dJ|=2.1825e-08, |dJcp|=2.6830e-11
Iteration 2900: J=3.2783e-05, Jf=3.2783e-05, Jcp =2.5592e-11, |dJ|=1.6601e-08, |dJcp|=1.0118e-11
Iteration 2905: J=3.2783e-05, Jf=3.2782e-05, Jcp =9.5366e-11, |dJ|=6.1818e-09, |dJcp|=1.9531e-11
Iteration 2910: J=3.2783e-05, Jf=3.2782e-05, Jcp =9.4757e-11, |dJ|=4.2927e-11, |dJcp|=1.9469e-11
Iteration 2915: J=3.2783e-05, Jf=3.2782e-05, Jcp =1.5426e-10, |dJ|=1.4717e-09, |dJcp|=2.4840e-11
Iteration 2920: J=3.2781e-05, Jf=3.2779e-05, Jcp =1.8536e-09, |dJ|=1.8230e-08, |dJcp|=8.6106e-11
Iteration 2925: J=3.2620e-05, Jf=3.2481e-05, Jcp =1.3834e-07, |dJ|=1.9515e-07, |dJcp|=7.4388e-10
Iteration 2930: J=5.8539e-05, Jf=3.2262e-05, Jcp =2.6278e-05, |dJ|=2.4750e-07, |dJcp|=1.0252e-08
Iteration 2935: J=3.2546e-05, Jf=3.2369e-05, Jcp =1.7682e-07, |dJ|=2.2139e-07, |dJcp|=8.4099e-10
Iteration 2940: J=3.7072e-05, Jf=3.2290e-05, Jcp =4.7820e-06, |dJ|=2.3297e-07, |dJcp|=4.3736e-09
Iteration 2945: J=3.2512e-05, Jf=3.2325e-05, Jcp =1.8698e-07, |dJ|=2.2782e-07, |dJcp|=8.6483e-10
Iteration 2950: J=3.2331e-05, Jf=3.2331e-05, Jcp =1.8274e-11, |dJ|=1.8332e-09, |dJcp|=8.5497e-12
Iteration 2955: J=4.8553e-05, Jf=3.2241e-05, Jcp =1.6312e-05, |dJ|=8.5724e-08, |dJcp|=8.0775e-09
Iteration 2960: J=3.2290e-05, Jf=3.2290e-05, Jcp =4.1070e-13, |dJ|=3.6676e-08, |dJcp|=1.2817e-12
Iteration 2965: J=9.2849e-03, Jf=3.1448e-05, Jcp =9.2534e-03, |dJ|=4.6977e-07, |dJcp|=1.9239e-07
Iteration 2970: J=3.2284e-05, Jf=3.2284e-05, Jcp =3.1900e-13, |dJ|=4.2308e-08, |dJcp|=1.1296e-12
Iteration 2975: J=1.7356e-04, Jf=3.2157e-05, Jcp =1.4141e-04, |dJ|=9.3075e-08, |dJcp|=2.3783e-08
Iteration 2980: J=3.2284e-05, Jf=3.2284e-05, Jcp =3.1726e-13, |dJ|=4.2420e-08, |dJcp|=1.1265e-12
Iteration 2985: J=3.2284e-05, Jf=3.2284e-05, Jcp =3.2000e-13, |dJ|=4.2244e-08, |dJcp|=1.1314e-12
Iteration 2990: J=3.2284e-05, Jf=3.2284e-05, Jcp =3.2000e-13, |dJ|=4.2197e-08, |dJcp|=1.1314e-12
Iteration 2995: J=3.2283e-05, Jf=3.2283e-05, Jcp =3.2001e-13, |dJ|=4.0139e-10, |dJcp|=1.1314e-12
Iteration 3000: J=3.2283e-05, Jf=3.2283e-05, Jcp =3.2003e-13, |dJ|=1.6268e-11, |dJcp|=1.1314e-12
Iteration 3005: J=3.2283e-05, Jf=3.2283e-05, Jcp =3.2061e-13, |dJ|=1.0066e-10, |dJcp|=1.1325e-12
Iteration 3010: J=3.2283e-05, Jf=3.2283e-05, Jcp =4.0607e-13, |dJ|=1.2892e-09, |dJcp|=1.2745e-12
Iteration 3015: J=3.2283e-05, Jf=3.2283e-05, Jcp =4.9127e-11, |dJ|=9.2859e-09, |dJcp|=1.4018e-11
Iteration 3020: J=3.2283e-05, Jf=3.2283e-05, Jcp =1.9850e-10, |dJ|=2.8634e-11, |dJcp|=2.8178e-11
Iteration 3025: J=3.2283e-05, Jf=3.2283e-05, Jcp =7.3240e-11, |dJ|=2.1817e-09, |dJcp|=1.7116e-11
Iteration 3030: J=3.2463e-05, Jf=3.2275e-05, Jcp =1.8858e-07, |dJ|=1.9142e-08, |dJcp|=8.6852e-10
Iteration 3035: J=3.2281e-05, Jf=3.2281e-05, Jcp =1.0214e-10, |dJ|=2.4320e-09, |dJcp|=2.0213e-11
Iteration 3040: J=3.2291e-05, Jf=3.2281e-05, Jcp =9.5694e-09, |dJ|=9.8482e-09, |dJcp|=1.9565e-10
Iteration 3045: J=3.2281e-05, Jf=3.2281e-05, Jcp =1.0240e-10, |dJ|=3.2619e-09, |dJcp|=2.0239e-11
Iteration 3050: J=3.2281e-05, Jf=3.2281e-05, Jcp =1.1525e-10, |dJ|=4.9321e-10, |dJcp|=2.1471e-11
Iteration 3055: J=3.2281e-05, Jf=3.2281e-05, Jcp =5.1930e-11, |dJ|=1.0061e-08, |dJcp|=1.4412e-11
Iteration 3060: J=3.2379e-05, Jf=3.2277e-05, Jcp =1.0186e-07, |dJ|=7.5866e-08, |dJcp|=6.3832e-10
Iteration 3065: J=3.2280e-05, Jf=3.2280e-05, Jcp =1.1690e-10, |dJ|=3.3493e-08, |dJcp|=2.1624e-11
Iteration 3070: J=3.2280e-05, Jf=3.2279e-05, Jcp =6.7398e-11, |dJ|=1.2556e-09, |dJcp|=1.6419e-11
Iteration 3075: J=3.2280e-05, Jf=3.2279e-05, Jcp =8.8179e-10, |dJ|=3.2857e-09, |dJcp|=5.9390e-11
Iteration 3080: J=3.2280e-05, Jf=3.2279e-05, Jcp =6.7186e-11, |dJ|=1.5482e-09, |dJcp|=1.6393e-11
Iteration 3085: J=3.2280e-05, Jf=3.2279e-05, Jcp =8.6674e-11, |dJ|=8.8699e-10, |dJcp|=1.8620e-11
Iteration 3090: J=3.2280e-05, Jf=3.2279e-05, Jcp =7.0538e-11, |dJ|=2.3903e-11, |dJcp|=1.6797e-11
Iteration 3095: J=3.2280e-05, Jf=3.2279e-05, Jcp =6.9553e-11, |dJ|=5.1713e-10, |dJcp|=1.6680e-11
Iteration 3100: J=3.2280e-05, Jf=3.2279e-05, Jcp =5.9110e-11, |dJ|=6.0533e-09, |dJcp|=1.5377e-11
Iteration 3105: J=3.2277e-05, Jf=3.2277e-05, Jcp =1.9000e-12, |dJ|=6.7421e-08, |dJcp|=2.7568e-12
Iteration 3110: J=3.9039e-05, Jf=3.2263e-05, Jcp =6.7751e-06, |dJ|=1.7848e-07, |dJcp|=5.2058e-09
Iteration 3115: J=3.2275e-05, Jf=3.2275e-05, Jcp =2.0118e-12, |dJ|=8.4426e-08, |dJcp|=2.8367e-12
Iteration 3120: J=3.2311e-05, Jf=3.2273e-05, Jcp =3.8050e-08, |dJ|=9.6474e-08, |dJcp|=3.9013e-10
Iteration 3125: J=3.2275e-05, Jf=3.2275e-05, Jcp =2.0735e-12, |dJ|=8.9057e-08, |dJcp|=2.8799e-12
Iteration 3130: J=3.2315e-05, Jf=3.2272e-05, Jcp =4.3338e-08, |dJ|=7.6328e-08, |dJcp|=4.1636e-10
Iteration 3135: J=3.2271e-05, Jf=3.2271e-05, Jcp =2.0801e-11, |dJ|=1.0005e-10, |dJcp|=9.1217e-12
Iteration 3140: J=3.2271e-05, Jf=3.2271e-05, Jcp =2.0945e-11, |dJ|=9.8308e-10, |dJcp|=9.1532e-12
Iteration 3145: J=3.2271e-05, Jf=3.2271e-05, Jcp =2.1774e-11, |dJ|=2.8013e-11, |dJcp|=9.3324e-12
Iteration 3150: J=3.2271e-05, Jf=3.2271e-05, Jcp =2.1653e-11, |dJ|=3.5517e-10, |dJcp|=9.3066e-12
Iteration 3155: J=3.2271e-05, Jf=3.2271e-05, Jcp =2.1564e-11, |dJ|=5.5895e-09, |dJcp|=9.2875e-12
Iteration 3160: J=3.2268e-05, Jf=3.2268e-05, Jcp =5.2357e-11, |dJ|=6.3695e-08, |dJcp|=1.4472e-11
Iteration 3165: J=3.1994e-05, Jf=3.1990e-05, Jcp =3.6721e-09, |dJ|=6.7325e-07, |dJcp|=1.2120e-10
Iteration 3170: J=2.8288e-05, Jf=2.8288e-05, Jcp =2.3813e-10, |dJ|=9.9977e-08, |dJcp|=3.0863e-11
Iteration 3175: J=2.8271e-05, Jf=2.8271e-05, Jcp =6.8779e-12, |dJ|=1.2659e-09, |dJcp|=5.2451e-12
Iteration 3180: J=2.8314e-05, Jf=2.8271e-05, Jcp =4.3153e-08, |dJ|=6.8134e-09, |dJcp|=4.1547e-10
Iteration 3185: J=2.8271e-05, Jf=2.8271e-05, Jcp =6.9332e-11, |dJ|=4.6282e-09, |dJcp|=1.6653e-11
Iteration 3190: J=2.8272e-05, Jf=2.8271e-05, Jcp =6.4880e-10, |dJ|=4.9054e-09, |dJcp|=5.0943e-11
Iteration 3195: J=2.8271e-05, Jf=2.8271e-05, Jcp =7.0517e-11, |dJ|=4.6627e-09, |dJcp|=1.6795e-11
Iteration 3200: J=2.8271e-05, Jf=2.8271e-05, Jcp =1.1926e-12, |dJ|=6.4033e-10, |dJcp|=2.1841e-12
Iteration 3205: J=2.8271e-05, Jf=2.8271e-05, Jcp =1.9736e-12, |dJ|=3.9205e-10, |dJcp|=2.8097e-12
Iteration 3210: J=2.8511e-05, Jf=2.8270e-05, Jcp =2.4049e-07, |dJ|=1.0751e-08, |dJcp|=9.8079e-10
Iteration 3215: J=2.8271e-05, Jf=2.8271e-05, Jcp =1.0263e-11, |dJ|=7.6601e-09, |dJcp|=6.4072e-12
Iteration 3220: J=2.9510e-05, Jf=2.8270e-05, Jcp =1.2402e-06, |dJ|=1.2159e-08, |dJcp|=2.2273e-09
Iteration 3225: J=2.8271e-05, Jf=2.8271e-05, Jcp =1.0276e-11, |dJ|=7.6679e-09, |dJcp|=6.4113e-12
Iteration 3230: J=2.8274e-05, Jf=2.8270e-05, Jcp =3.6254e-09, |dJ|=8.2436e-09, |dJcp|=1.2042e-10
Iteration 3235: J=2.8271e-05, Jf=2.8271e-05, Jcp =1.0813e-11, |dJ|=7.9852e-09, |dJcp|=6.5767e-12
Iteration 3240: J=2.8271e-05, Jf=2.8271e-05, Jcp =1.0263e-11, |dJ|=7.6580e-09, |dJcp|=6.4072e-12
Iteration 3245: J=2.8271e-05, Jf=2.8271e-05, Jcp =1.0263e-11, |dJ|=5.6465e-09, |dJcp|=6.4072e-12
Iteration 3250: J=2.8270e-05, Jf=2.8270e-05, Jcp =1.0263e-11, |dJ|=4.2457e-10, |dJcp|=6.4071e-12
Iteration 3255: J=2.8270e-05, Jf=2.8270e-05, Jcp =1.0261e-11, |dJ|=3.0068e-11, |dJcp|=6.4067e-12
Iteration 3260: J=2.8270e-05, Jf=2.8270e-05, Jcp =1.0042e-11, |dJ|=4.6119e-10, |dJcp|=6.3378e-12
Iteration 3265: J=2.8270e-05, Jf=2.8270e-05, Jcp =7.2438e-13, |dJ|=3.7456e-09, |dJcp|=1.7022e-12
Iteration 3270: J=2.8266e-05, Jf=2.8264e-05, Jcp =1.6298e-09, |dJ|=1.8921e-08, |dJcp|=8.0741e-11
Iteration 3275: J=2.8265e-05, Jf=2.8263e-05, Jcp =1.9314e-09, |dJ|=8.7043e-11, |dJcp|=8.7896e-11
Iteration 3280: J=2.8265e-05, Jf=2.8263e-05, Jcp =1.9466e-09, |dJ|=3.1656e-09, |dJcp|=8.8241e-11
Iteration 3285: J=2.8264e-05, Jf=2.8263e-05, Jcp =1.2970e-09, |dJ|=2.9100e-08, |dJcp|=7.2028e-11
Iteration 3290: J=2.8262e-05, Jf=2.8261e-05, Jcp =1.1833e-09, |dJ|=4.3228e-09, |dJcp|=6.8798e-11
Iteration 3295: J=2.8241e-05, Jf=2.8241e-05, Jcp =0.0000e+00, |dJ|=1.4957e-07, |dJcp|=0.0000e+00
Iteration 3300: J=2.7566e-05, Jf=2.7566e-05, Jcp =0.0000e+00, |dJ|=2.5386e-07, |dJcp|=0.0000e+00
Iteration 3305: J=2.7518e-05, Jf=2.7518e-05, Jcp =0.0000e+00, |dJ|=9.6427e-09, |dJcp|=0.0000e+00
Iteration 3310: J=2.8920e-05, Jf=2.7486e-05, Jcp =1.4343e-06, |dJ|=5.5866e-08, |dJcp|=2.3952e-09
Iteration 3315: J=2.7502e-05, Jf=2.7502e-05, Jcp =0.0000e+00, |dJ|=4.0216e-08, |dJcp|=0.0000e+00
Iteration 3320: J=2.7501e-05, Jf=2.7499e-05, Jcp =1.6382e-09, |dJ|=4.2690e-08, |dJcp|=8.0949e-11
Iteration 3325: J=2.7499e-05, Jf=2.7499e-05, Jcp =3.7042e-12, |dJ|=4.2226e-08, |dJcp|=3.8493e-12
Iteration 3330: J=2.7505e-05, Jf=2.7477e-05, Jcp =2.7860e-08, |dJ|=3.1571e-08, |dJcp|=3.3383e-10
Iteration 3335: J=2.7479e-05, Jf=2.7479e-05, Jcp =1.1342e-10, |dJ|=2.7371e-11, |dJcp|=2.1300e-11
Iteration 3340: J=2.7479e-05, Jf=2.7479e-05, Jcp =1.0588e-10, |dJ|=6.1182e-10, |dJcp|=2.0580e-11
Iteration 3345: J=2.7479e-05, Jf=2.7479e-05, Jcp =3.8462e-11, |dJ|=7.7471e-09, |dJcp|=1.2404e-11
Iteration 3350: J=2.7463e-05, Jf=2.7463e-05, Jcp =0.0000e+00, |dJ|=1.0335e-07, |dJcp|=0.0000e+00
Iteration 3355: J=2.7188e-05, Jf=2.7188e-05, Jcp =0.0000e+00, |dJ|=3.6313e-07, |dJcp|=0.0000e+00
Iteration 3360: J=2.7107e-05, Jf=2.7107e-05, Jcp =0.0000e+00, |dJ|=3.5125e-07, |dJcp|=0.0000e+00
Iteration 3365: J=6.3525e-05, Jf=2.7082e-05, Jcp =3.6443e-05, |dJ|=3.4384e-07, |dJcp|=1.2074e-08
Iteration 3370: J=2.7107e-05, Jf=2.7107e-05, Jcp =0.0000e+00, |dJ|=3.5122e-07, |dJcp|=0.0000e+00
Iteration 3375: J=2.7143e-05, Jf=2.7103e-05, Jcp =4.0330e-08, |dJ|=3.5002e-07, |dJcp|=4.0165e-10
Iteration 3380: J=2.7107e-05, Jf=2.7107e-05, Jcp =0.0000e+00, |dJ|=3.5125e-07, |dJcp|=0.0000e+00
Iteration 3385: J=2.7106e-05, Jf=2.7106e-05, Jcp =0.0000e+00, |dJ|=3.4973e-07, |dJcp|=0.0000e+00
Iteration 3390: J=2.6986e-05, Jf=2.6986e-05, Jcp =0.0000e+00, |dJ|=1.2561e-07, |dJcp|=0.0000e+00
Iteration 3395: J=2.6954e-05, Jf=2.6954e-05, Jcp =0.0000e+00, |dJ|=1.2602e-10, |dJcp|=0.0000e+00
Iteration 3400: J=2.6954e-05, Jf=2.6954e-05, Jcp =0.0000e+00, |dJ|=3.3661e-11, |dJcp|=0.0000e+00
Iteration 3405: J=2.6954e-05, Jf=2.6954e-05, Jcp =0.0000e+00, |dJ|=4.8764e-10, |dJcp|=0.0000e+00
Iteration 3410: J=2.6954e-05, Jf=2.6954e-05, Jcp =0.0000e+00, |dJ|=5.8804e-09, |dJcp|=0.0000e+00
Iteration 3415: J=2.6947e-05, Jf=2.6947e-05, Jcp =0.0000e+00, |dJ|=6.5226e-08, |dJcp|=0.0000e+00
Iteration 3420: J=2.6940e-05, Jf=2.6940e-05, Jcp =0.0000e+00, |dJ|=8.2948e-08, |dJcp|=0.0000e+00
Iteration 3425: J=2.6957e-05, Jf=2.6929e-05, Jcp =2.7935e-08, |dJ|=7.4431e-08, |dJcp|=3.3428e-10
Iteration 3430: J=2.6925e-05, Jf=2.6925e-05, Jcp =2.3084e-10, |dJ|=3.1818e-11, |dJcp|=3.0387e-11
Iteration 3435: J=2.6925e-05, Jf=2.6925e-05, Jcp =2.3075e-10, |dJ|=1.2489e-09, |dJcp|=3.0381e-11
Iteration 3440: J=2.6925e-05, Jf=2.6925e-05, Jcp =2.2972e-10, |dJ|=1.4797e-08, |dJcp|=3.0313e-11
Iteration 3445: J=5.7489e-05, Jf=2.6868e-05, Jcp =3.0622e-05, |dJ|=1.5931e-07, |dJcp|=1.1067e-08
Iteration 3450: J=2.6903e-05, Jf=2.6903e-05, Jcp =2.1818e-10, |dJ|=1.0041e-07, |dJcp|=2.9542e-11
Iteration 3455: J=2.7098e-05, Jf=2.6897e-05, Jcp =2.0033e-07, |dJ|=1.0786e-07, |dJcp|=8.9517e-10
Iteration 3460: J=2.6901e-05, Jf=2.6901e-05, Jcp =2.1768e-10, |dJ|=1.0266e-07, |dJcp|=2.9508e-11
Iteration 3465: J=2.6903e-05, Jf=2.6903e-05, Jcp =2.1822e-10, |dJ|=1.0026e-07, |dJcp|=2.9544e-11
Iteration 3470: J=2.6903e-05, Jf=2.6903e-05, Jcp =2.1822e-10, |dJ|=1.0018e-07, |dJcp|=2.9544e-11
Iteration 3475: J=2.6889e-05, Jf=2.6889e-05, Jcp =2.1822e-10, |dJ|=5.8930e-08, |dJcp|=2.9544e-11
Iteration 3480: J=2.6881e-05, Jf=2.6881e-05, Jcp =2.1821e-10, |dJ|=4.3768e-10, |dJcp|=2.9544e-11
Iteration 3485: J=2.6881e-05, Jf=2.6881e-05, Jcp =2.1811e-10, |dJ|=2.5726e-10, |dJcp|=2.9537e-11
Iteration 3490: J=2.6881e-05, Jf=2.6881e-05, Jcp =2.0265e-10, |dJ|=3.7896e-09, |dJcp|=2.8471e-11
Iteration 3495: J=2.6881e-05, Jf=2.6881e-05, Jcp =0.0000e+00, |dJ|=4.2294e-09, |dJcp|=0.0000e+00
Iteration 3500: J=2.6881e-05, Jf=2.6881e-05, Jcp =0.0000e+00, |dJ|=4.4638e-12, |dJcp|=0.0000e+00
Iteration 3505: J=2.6881e-05, Jf=2.6881e-05, Jcp =3.4328e-13, |dJ|=7.9748e-11, |dJcp|=1.1718e-12
Iteration 3510: J=2.6881e-05, Jf=2.6881e-05, Jcp =0.0000e+00, |dJ|=4.6147e-11, |dJcp|=0.0000e+00
Iteration 3515: J=2.6881e-05, Jf=2.6881e-05, Jcp =1.0856e-13, |dJ|=6.1269e-11, |dJcp|=6.5897e-13
Iteration 3520: J=2.6881e-05, Jf=2.6881e-05, Jcp =0.0000e+00, |dJ|=5.4113e-11, |dJcp|=0.0000e+00
Iteration 3525: J=2.6881e-05, Jf=2.6881e-05, Jcp =8.6999e-17, |dJ|=1.0182e-10, |dJcp|=1.8655e-14
Iteration 3530: J=2.6881e-05, Jf=2.6881e-05, Jcp =1.7669e-16, |dJ|=1.3488e-10, |dJcp|=2.6585e-14
Iteration 3535: J=2.6881e-05, Jf=2.6881e-05, Jcp =4.4383e-16, |dJ|=1.8649e-09, |dJcp|=4.2135e-14
Iteration 3540: J=2.6880e-05, Jf=2.6880e-05, Jcp =1.1530e-14, |dJ|=2.1068e-08, |dJcp|=2.1476e-13
Iteration 3545: J=2.6879e-05, Jf=2.6879e-05, Jcp =2.9878e-14, |dJ|=3.5605e-08, |dJcp|=3.4571e-13
Iteration 3550: J=2.6879e-05, Jf=2.6878e-05, Jcp =7.7212e-10, |dJ|=4.0311e-08, |dJcp|=5.5574e-11
Iteration 3555: J=2.6879e-05, Jf=2.6878e-05, Jcp =1.3994e-10, |dJ|=3.7574e-08, |dJcp|=2.3660e-11
Iteration 3560: J=2.6877e-05, Jf=2.6877e-05, Jcp =3.6205e-11, |dJ|=1.7604e-11, |dJcp|=1.2034e-11
Iteration 3565: J=2.6877e-05, Jf=2.6877e-05, Jcp =3.6169e-11, |dJ|=7.6526e-10, |dJcp|=1.2028e-11
Iteration 3570: J=2.6877e-05, Jf=2.6877e-05, Jcp =3.6000e-11, |dJ|=9.1183e-09, |dJcp|=1.2000e-11
Iteration 3575: J=2.6858e-05, Jf=2.6858e-05, Jcp =3.4223e-11, |dJ|=1.0186e-07, |dJcp|=1.1700e-11
Iteration 3580: J=2.6826e-05, Jf=2.6826e-05, Jcp =3.2249e-11, |dJ|=1.6639e-07, |dJcp|=1.1358e-11
Iteration 3585: J=2.6979e-05, Jf=2.6805e-05, Jcp =1.7378e-07, |dJ|=1.8865e-07, |dJcp|=8.3374e-10
Iteration 3590: J=2.6808e-05, Jf=2.6807e-05, Jcp =4.4694e-10, |dJ|=1.8608e-07, |dJcp|=4.2282e-11
Iteration 3595: J=2.6754e-05, Jf=2.6754e-05, Jcp =6.5391e-14, |dJ|=2.5483e-08, |dJcp|=5.1143e-13
Iteration 3600: J=2.6751e-05, Jf=2.6751e-05, Jcp =2.7078e-14, |dJ|=3.3429e-08, |dJcp|=3.2911e-13
Iteration 3605: J=4.0035e-05, Jf=2.6720e-05, Jcp =1.3315e-05, |dJ|=6.8343e-08, |dJcp|=7.2981e-09
Iteration 3610: J=2.6750e-05, Jf=2.6750e-05, Jcp =2.6242e-14, |dJ|=3.3655e-08, |dJcp|=3.2399e-13
Iteration 3615: J=2.6890e-05, Jf=2.6746e-05, Jcp =1.4352e-07, |dJ|=3.8010e-08, |dJcp|=7.5769e-10
Iteration 3620: J=2.6751e-05, Jf=2.6751e-05, Jcp =2.7234e-14, |dJ|=3.3387e-08, |dJcp|=3.3005e-13
Iteration 3625: J=2.6751e-05, Jf=2.6751e-05, Jcp =2.7234e-14, |dJ|=3.3257e-08, |dJcp|=3.3005e-13
Iteration 3630: J=2.6749e-05, Jf=2.6749e-05, Jcp =2.7235e-14, |dJ|=1.6572e-08, |dJcp|=3.3006e-13
Iteration 3635: J=2.6749e-05, Jf=2.6749e-05, Jcp =2.7239e-14, |dJ|=9.9673e-12, |dJcp|=3.3009e-13
Iteration 3640: J=2.6749e-05, Jf=2.6749e-05, Jcp =2.7311e-14, |dJ|=4.9882e-11, |dJcp|=3.3052e-13
Iteration 3645: J=2.6749e-05, Jf=2.6749e-05, Jcp =3.8519e-14, |dJ|=6.5317e-10, |dJcp|=3.9253e-13
Iteration 3650: J=2.6749e-05, Jf=2.6749e-05, Jcp =9.7832e-12, |dJ|=5.0542e-09, |dJcp|=6.2556e-12
Iteration 3655: J=2.6749e-05, Jf=2.6749e-05, Jcp =5.2818e-11, |dJ|=1.9217e-11, |dJcp|=1.4535e-11
Iteration 3660: J=2.6749e-05, Jf=2.6749e-05, Jcp =4.0450e-11, |dJ|=5.8767e-10, |dJcp|=1.2720e-11
Iteration 3665: J=2.6748e-05, Jf=2.6748e-05, Jcp =0.0000e+00, |dJ|=8.0774e-09, |dJcp|=0.0000e+00
Iteration 3670: J=2.6748e-05, Jf=2.6748e-05, Jcp =0.0000e+00, |dJ|=2.1441e-08, |dJcp|=0.0000e+00
Iteration 3675: J=2.6751e-05, Jf=2.6747e-05, Jcp =3.6933e-09, |dJ|=2.7398e-08, |dJcp|=1.2155e-10
Iteration 3680: J=2.6748e-05, Jf=2.6747e-05, Jcp =2.1696e-11, |dJ|=3.4817e-10, |dJcp|=9.3159e-12
Iteration 3685: J=2.6747e-05, Jf=2.6747e-05, Jcp =2.0037e-11, |dJ|=2.8112e-09, |dJcp|=8.9525e-12
Iteration 3690: J=2.6770e-05, Jf=2.6747e-05, Jcp =2.2929e-08, |dJ|=1.2053e-08, |dJcp|=3.0285e-10
Iteration 3695: J=2.6747e-05, Jf=2.6747e-05, Jcp =1.9544e-11, |dJ|=3.7756e-09, |dJcp|=8.8416e-12
Iteration 3700: J=2.6748e-05, Jf=2.6747e-05, Jcp =2.4851e-10, |dJ|=4.8493e-09, |dJcp|=3.1529e-11
Iteration 3705: J=2.6747e-05, Jf=2.6747e-05, Jcp =1.9416e-11, |dJ|=4.0549e-09, |dJcp|=8.8128e-12
Iteration 3710: J=2.6747e-05, Jf=2.6747e-05, Jcp =2.8319e-11, |dJ|=3.1851e-09, |dJcp|=1.0643e-11
Iteration 3715: J=2.6746e-05, Jf=2.6746e-05, Jcp =4.6705e-11, |dJ|=4.7771e-08, |dJcp|=1.3668e-11
Iteration 3720: J=2.6744e-05, Jf=2.6744e-05, Jcp =6.3102e-11, |dJ|=8.0932e-08, |dJcp|=1.5887e-11
Iteration 3725: J=2.6746e-05, Jf=2.6742e-05, Jcp =3.9809e-09, |dJ|=9.1159e-08, |dJcp|=1.2619e-10
Iteration 3730: J=2.6743e-05, Jf=2.6742e-05, Jcp =4.1496e-10, |dJ|=8.2584e-08, |dJcp|=4.0741e-11
Iteration 3735: J=2.6739e-05, Jf=2.6739e-05, Jcp =1.0383e-10, |dJ|=1.2284e-09, |dJcp|=2.0379e-11
Iteration 3740: J=2.6739e-05, Jf=2.6739e-05, Jcp =1.0581e-10, |dJ|=1.1130e-09, |dJcp|=2.0573e-11
Iteration 3745: J=2.6739e-05, Jf=2.6739e-05, Jcp =1.0150e-10, |dJ|=4.6169e-11, |dJcp|=2.0150e-11
Iteration 3750: J=2.6739e-05, Jf=2.6739e-05, Jcp =1.0350e-10, |dJ|=8.1209e-10, |dJcp|=2.0347e-11
Iteration 3755: J=2.6739e-05, Jf=2.6739e-05, Jcp =1.2695e-10, |dJ|=9.4283e-09, |dJcp|=2.2534e-11
Iteration 3760: J=2.6733e-05, Jf=2.6732e-05, Jcp =5.4291e-10, |dJ|=1.0432e-07, |dJcp|=4.6601e-11
Iteration 3765: J=2.6230e-05, Jf=2.6221e-05, Jcp =9.0508e-09, |dJ|=7.1025e-07, |dJcp|=1.9027e-10
Iteration 3770: J=1.3781e-03, Jf=2.5792e-05, Jcp =1.3523e-03, |dJ|=3.9500e-07, |dJcp|=7.3548e-08
Iteration 3775: J=2.5993e-05, Jf=2.5987e-05, Jcp =6.1405e-09, |dJ|=5.9042e-07, |dJcp|=1.5672e-10
Iteration 3780: J=1.5471e-03, Jf=2.5730e-05, Jcp =1.5214e-03, |dJ|=2.1452e-07, |dJcp|=7.8010e-08
Iteration 3785: J=2.5913e-05, Jf=2.5909e-05, Jcp =4.5979e-09, |dJ|=5.1034e-07, |dJcp|=1.3562e-10
Iteration 3790: J=3.7056e-04, Jf=2.5783e-05, Jcp =3.4478e-04, |dJ|=3.2481e-07, |dJcp|=3.7136e-08
Iteration 3795: J=2.5890e-05, Jf=2.5886e-05, Jcp =4.1241e-09, |dJ|=4.8299e-07, |dJcp|=1.2844e-10
Iteration 3800: J=2.5930e-05, Jf=2.5867e-05, Jcp =6.3592e-08, |dJ|=4.5786e-07, |dJcp|=5.0435e-10
Iteration 3805: J=4.0219e-04, Jf=2.5777e-05, Jcp =3.7641e-04, |dJ|=3.1216e-07, |dJcp|=3.8803e-08
Iteration 3810: J=2.5872e-05, Jf=2.5869e-05, Jcp =3.7494e-09, |dJ|=4.6024e-07, |dJcp|=1.2247e-10
Iteration 3815: J=3.1437e-05, Jf=2.5855e-05, Jcp =5.5816e-06, |dJ|=4.4153e-07, |dJcp|=4.7251e-09
Iteration 3820: J=2.5872e-05, Jf=2.5868e-05, Jcp =3.7474e-09, |dJ|=4.6011e-07, |dJcp|=1.2243e-10
Iteration 3825: J=2.5872e-05, Jf=2.5869e-05, Jcp =3.7509e-09, |dJ|=4.6032e-07, |dJcp|=1.2249e-10
Iteration 3830: J=2.5868e-05, Jf=2.5864e-05, Jcp =3.7509e-09, |dJ|=4.4964e-07, |dJcp|=1.2249e-10
Iteration 3835: J=2.5757e-05, Jf=2.5753e-05, Jcp =3.7507e-09, |dJ|=1.1248e-08, |dJcp|=1.2249e-10
Iteration 3840: J=2.5757e-05, Jf=2.5753e-05, Jcp =3.7506e-09, |dJ|=1.3002e-10, |dJcp|=1.2248e-10
Iteration 3845: J=2.5757e-05, Jf=2.5753e-05, Jcp =3.7342e-09, |dJ|=3.9446e-09, |dJcp|=1.2222e-10
Iteration 3850: J=2.5756e-05, Jf=2.5754e-05, Jcp =2.0627e-09, |dJ|=3.9539e-08, |dJcp|=9.0834e-11
Iteration 3855: J=2.5753e-05, Jf=2.5753e-05, Jcp =2.0780e-13, |dJ|=1.3793e-10, |dJcp|=9.1169e-13
Iteration 3860: J=2.5753e-05, Jf=2.5753e-05, Jcp =6.7635e-13, |dJ|=4.9715e-10, |dJcp|=1.6448e-12
Iteration 3865: J=2.5753e-05, Jf=2.5753e-05, Jcp =9.6896e-11, |dJ|=1.2247e-09, |dJcp|=1.9687e-11
Iteration 3870: J=2.5753e-05, Jf=2.5753e-05, Jcp =1.3454e-12, |dJ|=6.6491e-10, |dJcp|=2.3198e-12
Iteration 3875: J=2.5753e-05, Jf=2.5753e-05, Jcp =1.3981e-12, |dJ|=3.3939e-12, |dJcp|=2.3648e-12
Iteration 3880: J=2.5753e-05, Jf=2.5753e-05, Jcp =1.3352e-12, |dJ|=6.6126e-11, |dJcp|=2.3111e-12
Iteration 3885: J=2.5753e-05, Jf=2.5753e-05, Jcp =8.6008e-13, |dJ|=9.3490e-10, |dJcp|=1.8548e-12
Iteration 3890: J=2.5753e-05, Jf=2.5753e-05, Jcp =6.3795e-11, |dJ|=5.4242e-09, |dJcp|=1.5974e-11
Iteration 3895: J=2.5753e-05, Jf=2.5753e-05, Jcp =7.0257e-12, |dJ|=1.9780e-10, |dJcp|=5.3012e-12
Iteration 3900: J=2.5754e-05, Jf=2.5753e-05, Jcp =1.3660e-09, |dJ|=8.7971e-09, |dJcp|=7.3920e-11
Iteration 3905: J=2.5753e-05, Jf=2.5753e-05, Jcp =7.0404e-12, |dJ|=6.0747e-09, |dJcp|=5.3068e-12
Iteration 3910: J=2.5753e-05, Jf=2.5753e-05, Jcp =1.9299e-10, |dJ|=6.3374e-09, |dJcp|=2.7784e-11
Iteration 3915: J=2.5753e-05, Jf=2.5753e-05, Jcp =1.0801e-11, |dJ|=5.8961e-09, |dJcp|=6.5731e-12
Iteration 3920: J=2.5753e-05, Jf=2.5753e-05, Jcp =3.1139e-11, |dJ|=2.3799e-10, |dJcp|=1.1160e-11
Iteration 3925: J=2.5753e-05, Jf=2.5753e-05, Jcp =3.2746e-11, |dJ|=4.2833e-10, |dJcp|=1.1445e-11
Iteration 3930: J=2.5753e-05, Jf=2.5753e-05, Jcp =6.9828e-11, |dJ|=8.1382e-09, |dJcp|=1.6713e-11
Iteration 3935: J=2.5749e-05, Jf=2.5746e-05, Jcp =2.8305e-09, |dJ|=9.5752e-08, |dJcp|=1.0641e-10
Iteration 3940: J=2.5743e-05, Jf=2.5741e-05, Jcp =2.0196e-09, |dJ|=4.0041e-10, |dJcp|=8.9881e-11
Iteration 3945: J=2.5743e-05, Jf=2.5739e-05, Jcp =3.6698e-09, |dJ|=6.7990e-09, |dJcp|=1.2116e-10
Iteration 3950: J=2.6842e-05, Jf=2.5733e-05, Jcp =1.1092e-06, |dJ|=1.8112e-08, |dJcp|=2.1064e-09
Iteration 3955: J=2.5742e-05, Jf=2.5738e-05, Jcp =3.7739e-09, |dJ|=5.8713e-09, |dJcp|=1.2286e-10
Iteration 3960: J=2.5742e-05, Jf=2.5740e-05, Jcp =2.2393e-09, |dJ|=9.7821e-10, |dJcp|=9.4642e-11
Iteration 3965: J=2.5718e-05, Jf=2.5713e-05, Jcp =5.4239e-09, |dJ|=1.3956e-08, |dJcp|=1.4729e-10
Iteration 3970: J=2.5470e-05, Jf=2.5463e-05, Jcp =6.5140e-09, |dJ|=1.2062e-08, |dJcp|=1.6142e-10
Iteration 3975: J=2.5602e-05, Jf=2.5432e-05, Jcp =1.6992e-07, |dJ|=1.6631e-08, |dJcp|=8.2444e-10
Iteration 3980: J=2.5447e-05, Jf=2.5447e-05, Jcp =0.0000e+00, |dJ|=7.0838e-09, |dJcp|=0.0000e+00
Iteration 3985: J=2.5480e-05, Jf=2.5430e-05, Jcp =5.0178e-08, |dJ|=1.2149e-08, |dJcp|=4.4801e-10
Iteration 3990: J=2.9709e-05, Jf=2.5394e-05, Jcp =4.3146e-06, |dJ|=1.9608e-08, |dJcp|=4.1543e-09
Iteration 3995: J=2.5434e-05, Jf=2.5434e-05, Jcp =0.0000e+00, |dJ|=1.0697e-08, |dJcp|=0.0000e+00
Iteration 4000: J=2.5428e-05, Jf=2.5427e-05, Jcp =8.1194e-10, |dJ|=1.2487e-08, |dJcp|=5.6989e-11
Iteration 4005: J=2.5420e-05, Jf=2.5420e-05, Jcp =8.4491e-12, |dJ|=6.3655e-09, |dJcp|=5.8135e-12
Iteration 4010: J=2.5419e-05, Jf=2.5419e-05, Jcp =2.1832e-10, |dJ|=1.3800e-08, |dJcp|=2.9551e-11
Iteration 4015: J=2.5672e-05, Jf=2.5386e-05, Jcp =2.8608e-07, |dJ|=2.2664e-07, |dJcp|=1.0697e-09
Iteration 4020: J=2.5403e-05, Jf=2.5402e-05, Jcp =4.6027e-10, |dJ|=1.5683e-07, |dJcp|=4.2908e-11
Iteration 4025: J=2.5387e-05, Jf=2.5386e-05, Jcp =8.0026e-10, |dJ|=2.4073e-08, |dJcp|=5.6578e-11
Iteration 4030: J=3.2128e-05, Jf=2.5261e-05, Jcp =6.8668e-06, |dJ|=2.6550e-07, |dJcp|=5.2409e-09
Iteration 4035: J=2.5269e-05, Jf=2.5269e-05, Jcp =6.1216e-10, |dJ|=2.1795e-07, |dJcp|=4.9484e-11
Iteration 4040: J=2.5268e-05, Jf=2.5268e-05, Jcp =6.0843e-10, |dJ|=2.1756e-07, |dJcp|=4.9333e-11
Iteration 4045: J=2.5272e-05, Jf=2.5263e-05, Jcp =8.7864e-09, |dJ|=2.1565e-07, |dJcp|=1.8747e-10
Iteration 4050: J=1.9926e-02, Jf=2.5140e-05, Jcp =1.9901e-02, |dJ|=2.8827e-07, |dJcp|=2.8214e-07
Iteration 4055: J=2.5264e-05, Jf=2.5263e-05, Jcp =5.9337e-10, |dJ|=2.1592e-07, |dJcp|=4.8718e-11
Iteration 4060: J=2.5225e-05, Jf=2.5225e-05, Jcp =1.8689e-12, |dJ|=2.6621e-10, |dJcp|=2.7342e-12
Iteration 4065: J=2.5225e-05, Jf=2.5225e-05, Jcp =1.0982e-11, |dJ|=7.5822e-10, |dJcp|=6.6277e-12
Iteration 4070: J=2.5229e-05, Jf=2.5225e-05, Jcp =3.6817e-09, |dJ|=2.7154e-09, |dJcp|=1.2135e-10
Iteration 4075: J=2.5225e-05, Jf=2.5225e-05, Jcp =1.0011e-11, |dJ|=1.5517e-09, |dJcp|=6.3280e-12
Iteration 4080: J=2.5814e-05, Jf=2.5224e-05, Jcp =5.9024e-07, |dJ|=1.0074e-08, |dJcp|=1.5365e-09
Iteration 4085: J=2.5225e-05, Jf=2.5225e-05, Jcp =9.8937e-12, |dJ|=1.6769e-09, |dJcp|=6.2909e-12
Iteration 4090: J=2.5225e-05, Jf=2.5225e-05, Jcp =1.1112e-11, |dJ|=8.8838e-11, |dJcp|=6.6668e-12
Iteration 4095: J=2.5225e-05, Jf=2.5225e-05, Jcp =3.0202e-11, |dJ|=3.3614e-09, |dJcp|=1.0991e-11
Iteration 4100: J=2.5219e-05, Jf=2.5218e-05, Jcp =9.3693e-10, |dJ|=4.1267e-08, |dJcp|=6.1219e-11
Iteration 4105: J=1.1300e-03, Jf=2.5168e-05, Jcp =1.1048e-03, |dJ|=1.1165e-07, |dJcp|=6.6477e-08
Iteration 4110: J=6.0984e-05, Jf=2.5181e-05, Jcp =3.5803e-05, |dJ|=8.7920e-08, |dJcp|=1.1967e-08
Iteration 4115: J=2.5189e-05, Jf=2.5185e-05, Jcp =3.5895e-09, |dJ|=8.6356e-08, |dJcp|=1.1982e-10
Iteration 4120: J=2.5188e-05, Jf=2.5184e-05, Jcp =3.5990e-09, |dJ|=8.6510e-08, |dJcp|=1.1998e-10
Iteration 4125: J=2.5188e-05, Jf=2.5184e-05, Jcp =3.8093e-09, |dJ|=8.6489e-08, |dJcp|=1.2344e-10
Iteration 4130: J=2.0833e-02, Jf=2.5129e-05, Jcp =2.0808e-02, |dJ|=2.9013e-07, |dJcp|=2.8850e-07
Iteration 4135: J=2.5188e-05, Jf=2.5184e-05, Jcp =3.5975e-09, |dJ|=8.6492e-08, |dJcp|=1.1996e-10
Iteration 4140: J=2.5202e-05, Jf=2.5184e-05, Jcp =1.8426e-08, |dJ|=8.6445e-08, |dJcp|=2.7148e-10
Iteration 4145: J=2.5188e-05, Jf=2.5184e-05, Jcp =3.5974e-09, |dJ|=8.6492e-08, |dJcp|=1.1996e-10
Iteration 4150: J=2.5171e-05, Jf=2.5171e-05, Jcp =0.0000e+00, |dJ|=1.0476e-09, |dJcp|=0.0000e+00
Iteration 4155: J=2.5171e-05, Jf=2.5171e-05, Jcp =1.0793e-11, |dJ|=3.2634e-09, |dJcp|=6.5706e-12
Iteration 4160: J=2.5171e-05, Jf=2.5171e-05, Jcp =1.0286e-10, |dJ|=3.3946e-09, |dJcp|=2.0284e-11
Iteration 4165: J=2.5171e-05, Jf=2.5171e-05, Jcp =1.0677e-13, |dJ|=1.9698e-10, |dJcp|=6.5351e-13
Iteration 4170: J=2.5171e-05, Jf=2.5171e-05, Jcp =1.8114e-12, |dJ|=6.5657e-10, |dJcp|=2.6918e-12
Iteration 4175: J=2.5177e-05, Jf=2.5171e-05, Jcp =6.4016e-09, |dJ|=4.1121e-09, |dJcp|=1.6002e-10
Iteration 4180: J=2.5171e-05, Jf=2.5171e-05, Jcp =8.2922e-13, |dJ|=2.3142e-09, |dJcp|=1.8212e-12
Iteration 4185: J=2.5171e-05, Jf=2.5171e-05, Jcp =2.4807e-11, |dJ|=2.5806e-09, |dJcp|=9.9614e-12
Iteration 4190: J=2.5171e-05, Jf=2.5171e-05, Jcp =9.5198e-13, |dJ|=2.4897e-09, |dJcp|=1.9514e-12
Iteration 4195: J=2.5171e-05, Jf=2.5171e-05, Jcp =2.0133e-11, |dJ|=7.5035e-10, |dJcp|=8.9740e-12
Iteration 4200: J=2.5171e-05, Jf=2.5171e-05, Jcp =1.8283e-13, |dJ|=2.9174e-10, |dJcp|=8.5516e-13
Iteration 4205: J=2.5170e-05, Jf=2.5170e-05, Jcp =0.0000e+00, |dJ|=8.9780e-09, |dJcp|=0.0000e+00
Iteration 4210: J=2.5155e-05, Jf=2.5155e-05, Jcp =0.0000e+00, |dJ|=5.4697e-08, |dJcp|=0.0000e+00
Iteration 4215: J=2.5144e-05, Jf=2.5144e-05, Jcp =0.0000e+00, |dJ|=5.4820e-11, |dJcp|=0.0000e+00
Iteration 4220: J=2.5144e-05, Jf=2.5144e-05, Jcp =0.0000e+00, |dJ|=1.6895e-09, |dJcp|=0.0000e+00
Iteration 4225: J=2.5484e-05, Jf=2.5143e-05, Jcp =3.4113e-07, |dJ|=6.6921e-09, |dJcp|=1.1681e-09
Iteration 4230: J=2.5143e-05, Jf=2.5143e-05, Jcp =0.0000e+00, |dJ|=5.3701e-09, |dJcp|=0.0000e+00
Iteration 4235: J=2.5167e-05, Jf=2.5143e-05, Jcp =2.3599e-08, |dJ|=5.7902e-09, |dJcp|=3.0724e-10
Iteration 4240: J=2.5143e-05, Jf=2.5143e-05, Jcp =0.0000e+00, |dJ|=5.5386e-09, |dJcp|=0.0000e+00
Iteration 4245: J=2.5143e-05, Jf=2.5143e-05, Jcp =1.4761e-11, |dJ|=5.5811e-09, |dJcp|=7.6839e-12
Iteration 4250: J=2.5142e-05, Jf=2.5142e-05, Jcp =0.0000e+00, |dJ|=7.1101e-10, |dJcp|=0.0000e+00
Iteration 4255: J=2.5441e-05, Jf=2.5141e-05, Jcp =2.9948e-07, |dJ|=2.8270e-09, |dJcp|=1.0945e-09
Iteration 4260: J=2.5142e-05, Jf=2.5142e-05, Jcp =0.0000e+00, |dJ|=7.3111e-10, |dJcp|=0.0000e+00
Iteration 4265: J=2.5143e-05, Jf=2.5142e-05, Jcp =1.0095e-09, |dJ|=9.8138e-10, |dJcp|=6.3545e-11
Iteration 4270: J=2.5142e-05, Jf=2.5142e-05, Jcp =0.0000e+00, |dJ|=8.5514e-10, |dJcp|=0.0000e+00
Iteration 4275: J=2.5142e-05, Jf=2.5142e-05, Jcp =0.0000e+00, |dJ|=7.1076e-10, |dJcp|=0.0000e+00
Iteration 4280: J=2.5142e-05, Jf=2.5142e-05, Jcp =0.0000e+00, |dJ|=4.6589e-10, |dJcp|=0.0000e+00
Iteration 4285: J=2.5142e-05, Jf=2.5142e-05, Jcp =0.0000e+00, |dJ|=4.7457e-12, |dJcp|=0.0000e+00
Iteration 4290: J=2.5142e-05, Jf=2.5142e-05, Jcp =0.0000e+00, |dJ|=4.2088e-11, |dJcp|=0.0000e+00
Iteration 4295: J=2.5142e-05, Jf=2.5142e-05, Jcp =0.0000e+00, |dJ|=5.6641e-10, |dJcp|=0.0000e+00
Iteration 4300: J=2.5142e-05, Jf=2.5142e-05, Jcp =0.0000e+00, |dJ|=6.4388e-09, |dJcp|=0.0000e+00
Iteration 4305: J=2.5141e-05, Jf=2.5140e-05, Jcp =1.5616e-10, |dJ|=3.1560e-08, |dJcp|=2.4993e-11
Iteration 4310: J=2.5139e-05, Jf=2.5139e-05, Jcp =5.9123e-10, |dJ|=6.0360e-10, |dJcp|=4.8630e-11
Iteration 4315: J=2.5139e-05, Jf=2.5139e-05, Jcp =4.9952e-10, |dJ|=1.2113e-09, |dJcp|=4.4700e-11
Iteration 4320: J=2.5138e-05, Jf=2.5136e-05, Jcp =1.3971e-09, |dJ|=2.8472e-08, |dJcp|=7.4757e-11
Iteration 4325: J=2.5136e-05, Jf=2.5136e-05, Jcp =1.3930e-10, |dJ|=4.1049e-09, |dJcp|=2.3605e-11
Iteration 4330: J=2.5136e-05, Jf=2.5136e-05, Jcp =1.6592e-10, |dJ|=8.2056e-10, |dJcp|=2.5762e-11
Iteration 4335: J=2.5136e-05, Jf=2.5136e-05, Jcp =1.5667e-10, |dJ|=1.3651e-09, |dJcp|=2.5034e-11
Iteration 4340: J=2.5137e-05, Jf=2.5136e-05, Jcp =2.5380e-10, |dJ|=1.7222e-09, |dJcp|=3.1863e-11
Iteration 4345: J=2.5136e-05, Jf=2.5136e-05, Jcp =1.5585e-10, |dJ|=1.4143e-09, |dJcp|=2.4968e-11
Iteration 4350: J=2.5136e-05, Jf=2.5136e-05, Jcp =1.5539e-10, |dJ|=1.4623e-09, |dJcp|=2.4931e-11
Iteration 4355: J=2.5136e-05, Jf=2.5136e-05, Jcp =1.8201e-10, |dJ|=1.1819e-10, |dJcp|=2.6982e-11
Iteration 4360: J=2.5136e-05, Jf=2.5136e-05, Jcp =2.1236e-10, |dJ|=1.5813e-09, |dJcp|=2.9145e-11
Iteration 4365: J=2.5136e-05, Jf=2.5135e-05, Jcp =8.0506e-10, |dJ|=2.0288e-08, |dJcp|=5.6747e-11
Iteration 4370: J=4.1857e-05, Jf=2.5028e-05, Jcp =1.6828e-05, |dJ|=2.1306e-07, |dJcp|=8.2045e-09
Iteration 4375: J=2.5093e-05, Jf=2.5077e-05, Jcp =1.5804e-08, |dJ|=1.5296e-07, |dJcp|=2.5143e-10
Iteration 4380: J=1.6869e-04, Jf=2.4942e-05, Jcp =1.4375e-04, |dJ|=2.5745e-07, |dJcp|=2.3979e-08
Iteration 4385: J=2.5090e-05, Jf=2.5073e-05, Jcp =1.6594e-08, |dJ|=1.5721e-07, |dJcp|=2.5764e-10
Iteration 4390: J=2.6329e-05, Jf=2.5054e-05, Jcp =1.2749e-06, |dJ|=1.6961e-07, |dJcp|=2.2583e-09
Iteration 4395: J=2.5087e-05, Jf=2.5070e-05, Jcp =1.6995e-08, |dJ|=1.5933e-07, |dJcp|=2.6073e-10
Iteration 4400: J=2.5090e-05, Jf=2.5074e-05, Jcp =1.6556e-08, |dJ|=1.5700e-07, |dJcp|=2.5734e-10
Iteration 4405: J=2.5090e-05, Jf=2.5073e-05, Jcp =1.6556e-08, |dJ|=1.5362e-07, |dJcp|=2.5734e-10
Iteration 4410: J=2.5064e-05, Jf=2.5048e-05, Jcp =1.6556e-08, |dJ|=2.1924e-08, |dJcp|=2.5734e-10
Iteration 4415: J=2.5064e-05, Jf=2.5048e-05, Jcp =1.6555e-08, |dJ|=2.6081e-10, |dJcp|=2.5734e-10
Iteration 4420: J=2.5064e-05, Jf=2.5048e-05, Jcp =1.6509e-08, |dJ|=4.2944e-09, |dJcp|=2.5698e-10
Iteration 4425: J=2.5061e-05, Jf=2.5050e-05, Jcp =1.1051e-08, |dJ|=4.7242e-08, |dJcp|=2.1024e-10
Iteration 4430: J=2.5048e-05, Jf=2.5048e-05, Jcp =0.0000e+00, |dJ|=2.4179e-08, |dJcp|=0.0000e+00
Iteration 4435: J=2.5048e-05, Jf=2.5048e-05, Jcp =0.0000e+00, |dJ|=1.4642e-09, |dJcp|=0.0000e+00
Iteration 4440: J=2.5048e-05, Jf=2.5048e-05, Jcp =1.1454e-10, |dJ|=2.2895e-09, |dJcp|=2.1405e-11
Iteration 4445: J=2.5048e-05, Jf=2.5048e-05, Jcp =2.5020e-14, |dJ|=1.5372e-09, |dJcp|=3.1636e-13
Iteration 4450: J=2.5048e-05, Jf=2.5048e-05, Jcp =6.7883e-14, |dJ|=4.2442e-12, |dJcp|=5.2109e-13
Iteration 4455: J=2.5048e-05, Jf=2.5048e-05, Jcp =0.0000e+00, |dJ|=1.0234e-10, |dJcp|=0.0000e+00
Iteration 4460: J=2.5122e-05, Jf=2.5041e-05, Jcp =8.1259e-08, |dJ|=4.5171e-08, |dJcp|=5.7012e-10
Iteration 4465: J=2.5044e-05, Jf=2.5044e-05, Jcp =0.0000e+00, |dJ|=1.8451e-08, |dJcp|=0.0000e+00
Iteration 4470: J=2.5433e-05, Jf=2.5037e-05, Jcp =3.9561e-07, |dJ|=4.1964e-08, |dJcp|=1.2579e-09
Iteration 4475: J=2.5044e-05, Jf=2.5044e-05, Jcp =0.0000e+00, |dJ|=2.0831e-08, |dJcp|=0.0000e+00
Iteration 4480: J=2.5044e-05, Jf=2.5043e-05, Jcp =1.0576e-09, |dJ|=2.4156e-08, |dJcp|=6.5041e-11
Iteration 4485: J=2.5045e-05, Jf=2.5045e-05, Jcp =0.0000e+00, |dJ|=1.8101e-08, |dJcp|=0.0000e+00
Iteration 4490: J=2.5045e-05, Jf=2.5045e-05, Jcp =0.0000e+00, |dJ|=1.6476e-08, |dJcp|=0.0000e+00
Iteration 4495: J=2.5044e-05, Jf=2.5044e-05, Jcp =0.0000e+00, |dJ|=4.6860e-09, |dJcp|=0.0000e+00
Iteration 4500: J=2.5044e-05, Jf=2.5044e-05, Jcp =0.0000e+00, |dJ|=4.3109e-12, |dJcp|=0.0000e+00
Iteration 4505: J=2.5044e-05, Jf=2.5044e-05, Jcp =0.0000e+00, |dJ|=1.2650e-10, |dJcp|=0.0000e+00
Iteration 4510: J=2.5044e-05, Jf=2.5044e-05, Jcp =0.0000e+00, |dJ|=1.5102e-09, |dJcp|=0.0000e+00
Iteration 4515: J=2.5044e-05, Jf=2.5044e-05, Jcp =0.0000e+00, |dJ|=1.6855e-08, |dJcp|=0.0000e+00
Iteration 4520: J=2.5052e-05, Jf=2.5042e-05, Jcp =9.5360e-09, |dJ|=6.2509e-08, |dJcp|=1.9530e-10
Iteration 4525: J=2.5043e-05, Jf=2.5043e-05, Jcp =0.0000e+00, |dJ|=4.9652e-08, |dJcp|=0.0000e+00
Iteration 4530: J=2.5042e-05, Jf=2.5042e-05, Jcp =0.0000e+00, |dJ|=3.1059e-09, |dJcp|=0.0000e+00
Iteration 4535: J=2.5042e-05, Jf=2.5042e-05, Jcp =5.6453e-11, |dJ|=2.1162e-11, |dJcp|=1.5027e-11
Iteration 4540: J=2.5042e-05, Jf=2.5042e-05, Jcp =5.4659e-11, |dJ|=4.0909e-10, |dJcp|=1.4786e-11
Iteration 4545: J=2.5042e-05, Jf=2.5042e-05, Jcp =3.6182e-11, |dJ|=5.1625e-09, |dJcp|=1.2030e-11
Iteration 4550: J=2.5040e-05, Jf=2.5040e-05, Jcp =0.0000e+00, |dJ|=6.0616e-08, |dJcp|=0.0000e+00
Iteration 4555: J=2.5568e-05, Jf=2.5007e-05, Jcp =5.6108e-07, |dJ|=2.4389e-07, |dJcp|=1.4981e-09
Iteration 4560: J=2.5017e-05, Jf=2.5017e-05, Jcp =0.0000e+00, |dJ|=2.0142e-07, |dJcp|=0.0000e+00
Iteration 4565: J=2.9088e-05, Jf=2.4988e-05, Jcp =4.0996e-06, |dJ|=2.6534e-07, |dJcp|=4.0495e-09
Iteration 4570: J=2.5016e-05, Jf=2.5016e-05, Jcp =0.0000e+00, |dJ|=2.0311e-07, |dJcp|=0.0000e+00
Iteration 4575: J=2.5025e-05, Jf=2.5012e-05, Jcp =1.2997e-08, |dJ|=2.1219e-07, |dJcp|=2.2801e-10
Iteration 4580: J=2.5017e-05, Jf=2.5017e-05, Jcp =0.0000e+00, |dJ|=2.0121e-07, |dJcp|=0.0000e+00
Iteration 4585: J=2.5017e-05, Jf=2.5017e-05, Jcp =0.0000e+00, |dJ|=2.0010e-07, |dJcp|=0.0000e+00
Iteration 4590: J=2.4997e-05, Jf=2.4997e-05, Jcp =0.0000e+00, |dJ|=2.1182e-09, |dJcp|=0.0000e+00
Iteration 4595: J=2.4997e-05, Jf=2.4997e-05, Jcp =0.0000e+00, |dJ|=8.4318e-11, |dJcp|=0.0000e+00
Iteration 4600: J=2.4997e-05, Jf=2.4997e-05, Jcp =0.0000e+00, |dJ|=1.2247e-11, |dJcp|=0.0000e+00
Iteration 4605: J=2.4997e-05, Jf=2.4997e-05, Jcp =0.0000e+00, |dJ|=1.2689e-09, |dJcp|=0.0000e+00
Iteration 4610: J=2.4997e-05, Jf=2.4997e-05, Jcp =0.0000e+00, |dJ|=1.5107e-08, |dJcp|=0.0000e+00
Iteration 4615: J=2.4995e-05, Jf=2.4995e-05, Jcp =0.0000e+00, |dJ|=6.7224e-08, |dJcp|=0.0000e+00
Iteration 4620: J=2.4996e-05, Jf=2.4994e-05, Jcp =1.7884e-09, |dJ|=8.1017e-08, |dJcp|=8.4579e-11
Iteration 4625: J=2.4995e-05, Jf=2.4995e-05, Jcp =0.0000e+00, |dJ|=7.6307e-08, |dJcp|=0.0000e+00
Iteration 4630: J=2.4992e-05, Jf=2.4992e-05, Jcp =0.0000e+00, |dJ|=4.4511e-10, |dJcp|=0.0000e+00
Iteration 4635: J=2.4992e-05, Jf=2.4992e-05, Jcp =5.0124e-11, |dJ|=1.4095e-11, |dJcp|=1.4160e-11
Iteration 4640: J=2.4992e-05, Jf=2.4992e-05, Jcp =5.4734e-11, |dJ|=4.9293e-10, |dJcp|=1.4797e-11
Iteration 4645: J=2.4992e-05, Jf=2.4992e-05, Jcp =1.3181e-10, |dJ|=6.7678e-09, |dJcp|=2.2962e-11
Iteration 4650: J=2.4992e-05, Jf=2.4992e-05, Jcp =3.5074e-10, |dJ|=1.6156e-08, |dJcp|=3.7456e-11
Iteration 4655: J=2.4992e-05, Jf=2.4992e-05, Jcp =1.1994e-10, |dJ|=2.1851e-11, |dJcp|=2.1904e-11
Iteration 4660: J=2.4992e-05, Jf=2.4992e-05, Jcp =1.2047e-10, |dJ|=4.2144e-10, |dJcp|=2.1952e-11
Iteration 4665: J=2.4992e-05, Jf=2.4991e-05, Jcp =1.4863e-10, |dJ|=5.1834e-09, |dJcp|=2.4383e-11
Iteration 4670: J=2.4991e-05, Jf=2.4990e-05, Jcp =3.9182e-10, |dJ|=5.2237e-10, |dJcp|=3.9589e-11
Iteration 4675: J=2.4991e-05, Jf=2.4990e-05, Jcp =5.8811e-10, |dJ|=1.2670e-09, |dJcp|=4.8502e-11
Iteration 4680: J=2.4991e-05, Jf=2.4990e-05, Jcp =3.9958e-10, |dJ|=2.7519e-10, |dJcp|=3.9979e-11
Iteration 4685: J=2.4984e-05, Jf=2.4983e-05, Jcp =1.0645e-09, |dJ|=6.3070e-08, |dJcp|=6.5254e-11
Iteration 4690: J=5.3465e-03, Jf=2.4466e-05, Jcp =5.3220e-03, |dJ|=5.1424e-07, |dJcp|=1.4590e-07
Iteration 4695: J=2.6588e-05, Jf=2.4643e-05, Jcp =1.9457e-06, |dJ|=4.6431e-07, |dJcp|=2.7898e-09
Iteration 4700: J=2.4684e-05, Jf=2.4649e-05, Jcp =3.5477e-08, |dJ|=4.6353e-07, |dJcp|=3.7671e-10
Iteration 4705: J=3.6700e-05, Jf=2.4633e-05, Jcp =1.2068e-05, |dJ|=4.6008e-07, |dJcp|=6.9477e-09
Iteration 4710: J=2.4684e-05, Jf=2.4649e-05, Jcp =3.5472e-08, |dJ|=4.6350e-07, |dJcp|=3.7668e-10
Iteration 4715: J=2.4698e-05, Jf=2.4646e-05, Jcp =5.1465e-08, |dJ|=4.6296e-07, |dJcp|=4.5372e-10
Iteration 4720: J=2.4684e-05, Jf=2.4649e-05, Jcp =3.5477e-08, |dJ|=4.6353e-07, |dJcp|=3.7671e-10
Iteration 4725: J=2.4683e-05, Jf=2.4648e-05, Jcp =3.5477e-08, |dJ|=4.6070e-07, |dJcp|=3.7671e-10
Iteration 4730: J=2.4569e-05, Jf=2.4534e-05, Jcp =3.5477e-08, |dJ|=9.1767e-08, |dJcp|=3.7671e-10
Iteration 4735: J=2.4546e-05, Jf=2.4510e-05, Jcp =3.5475e-08, |dJ|=4.6233e-10, |dJcp|=3.7670e-10
Iteration 4740: J=2.4546e-05, Jf=2.4510e-05, Jcp =3.5441e-08, |dJ|=3.7294e-09, |dJcp|=3.7652e-10
Iteration 4745: J=2.4543e-05, Jf=2.4512e-05, Jcp =3.0832e-08, |dJ|=4.5754e-08, |dJcp|=3.5118e-10
Iteration 4750: J=2.4518e-05, Jf=2.4518e-05, Jcp =3.2904e-10, |dJ|=7.2902e-08, |dJcp|=3.6279e-11
Iteration 4755: J=2.4510e-05, Jf=2.4510e-05, Jcp =0.0000e+00, |dJ|=6.0386e-10, |dJcp|=0.0000e+00
Iteration 4760: J=2.4510e-05, Jf=2.4510e-05, Jcp =7.6915e-13, |dJ|=9.8472e-11, |dJcp|=1.7540e-12
Iteration 4765: J=2.4510e-05, Jf=2.4510e-05, Jcp =1.9963e-13, |dJ|=1.2853e-11, |dJcp|=8.9361e-13
Iteration 4770: J=2.4510e-05, Jf=2.4510e-05, Jcp =1.7297e-13, |dJ|=1.9523e-10, |dJcp|=8.3180e-13
Iteration 4775: J=2.4510e-05, Jf=2.4510e-05, Jcp =5.1733e-15, |dJ|=2.2280e-09, |dJcp|=1.4385e-13
Iteration 4780: J=2.4510e-05, Jf=2.4510e-05, Jcp =1.3497e-11, |dJ|=1.1546e-08, |dJcp|=7.3476e-12
Iteration 4785: J=2.4510e-05, Jf=2.4510e-05, Jcp =5.0864e-11, |dJ|=2.4093e-10, |dJcp|=1.4264e-11
Iteration 4790: J=2.4510e-05, Jf=2.4510e-05, Jcp =2.6418e-10, |dJ|=6.0338e-10, |dJcp|=3.2507e-11
Iteration 4795: J=2.4510e-05, Jf=2.4510e-05, Jcp =5.2803e-11, |dJ|=2.9449e-10, |dJcp|=1.4533e-11
Iteration 4800: J=2.4510e-05, Jf=2.4510e-05, Jcp =3.8658e-11, |dJ|=5.1845e-11, |dJcp|=1.2435e-11
Iteration 4805: J=2.4510e-05, Jf=2.4510e-05, Jcp =2.6226e-11, |dJ|=1.0570e-09, |dJcp|=1.0242e-11
Iteration 4810: J=2.4518e-05, Jf=2.4508e-05, Jcp =9.9912e-09, |dJ|=1.8454e-08, |dJcp|=1.9991e-10
Iteration 4815: J=2.4509e-05, Jf=2.4509e-05, Jcp =2.7695e-10, |dJ|=1.1308e-08, |dJcp|=3.3283e-11
Iteration 4820: J=2.4518e-05, Jf=2.4508e-05, Jcp =1.0061e-08, |dJ|=1.6048e-08, |dJcp|=2.0061e-10
Iteration 4825: J=2.4509e-05, Jf=2.4508e-05, Jcp =4.4435e-10, |dJ|=1.4369e-08, |dJcp|=4.2159e-11
Iteration 4830: J=2.4508e-05, Jf=2.4508e-05, Jcp =2.0389e-10, |dJ|=9.5265e-09, |dJcp|=2.8558e-11
Iteration 4835: J=2.4508e-05, Jf=2.4508e-05, Jcp =4.5663e-12, |dJ|=3.2490e-10, |dJcp|=4.2738e-12
Iteration 4840: J=2.4508e-05, Jf=2.4508e-05, Jcp =4.1980e-12, |dJ|=3.7862e-10, |dJcp|=4.0978e-12
Iteration 4845: J=2.4508e-05, Jf=2.4508e-05, Jcp =4.5179e-12, |dJ|=1.6390e-09, |dJcp|=4.2511e-12
Iteration 4850: J=2.4515e-05, Jf=2.4508e-05, Jcp =7.0397e-09, |dJ|=4.2623e-09, |dJcp|=1.6781e-10
Iteration 4855: J=2.4508e-05, Jf=2.4508e-05, Jcp =4.5576e-12, |dJ|=1.7908e-09, |dJcp|=4.2697e-12
Iteration 4860: J=2.4508e-05, Jf=2.4508e-05, Jcp =1.3162e-11, |dJ|=2.1843e-09, |dJcp|=7.2559e-12
Iteration 4865: J=2.4508e-05, Jf=2.4508e-05, Jcp =4.5161e-12, |dJ|=1.6324e-09, |dJcp|=4.2502e-12
Iteration 4870: J=2.4508e-05, Jf=2.4508e-05, Jcp =4.5161e-12, |dJ|=1.6228e-09, |dJcp|=4.2502e-12
Iteration 4875: J=2.4508e-05, Jf=2.4508e-05, Jcp =4.5161e-12, |dJ|=9.0048e-12, |dJcp|=4.2502e-12
Iteration 4880: J=2.4508e-05, Jf=2.4508e-05, Jcp =4.5153e-12, |dJ|=1.1438e-11, |dJcp|=4.2498e-12
Iteration 4885: J=2.4508e-05, Jf=2.4508e-05, Jcp =4.3837e-12, |dJ|=2.7366e-10, |dJcp|=4.1874e-12
Iteration 4890: J=2.4508e-05, Jf=2.4508e-05, Jcp =4.9841e-14, |dJ|=1.1016e-09, |dJcp|=4.4650e-13
Iteration 4895: J=2.4508e-05, Jf=2.4508e-05, Jcp =2.6022e-14, |dJ|=7.3025e-10, |dJcp|=3.2262e-13
Iteration 4900: J=2.4508e-05, Jf=2.4508e-05, Jcp =2.0475e-13, |dJ|=3.2569e-12, |dJcp|=9.0498e-13
Iteration 4905: J=2.4508e-05, Jf=2.4508e-05, Jcp =2.0561e-13, |dJ|=8.2660e-11, |dJcp|=9.0690e-13
Iteration 4910: J=2.4508e-05, Jf=2.4508e-05, Jcp =2.1529e-13, |dJ|=9.7306e-10, |dJcp|=9.2798e-13
Iteration 4915: J=2.4508e-05, Jf=2.4508e-05, Jcp =8.0452e-13, |dJ|=4.8605e-09, |dJcp|=1.7939e-12
Iteration 4920: J=2.4508e-05, Jf=2.4508e-05, Jcp =4.4392e-11, |dJ|=2.7880e-11, |dJcp|=1.3325e-11
Iteration 4925: J=2.4508e-05, Jf=2.4508e-05, Jcp =4.5482e-11, |dJ|=2.2056e-10, |dJcp|=1.3488e-11
Iteration 4930: J=2.4508e-05, Jf=2.4508e-05, Jcp =5.8533e-11, |dJ|=2.7967e-09, |dJcp|=1.5301e-11
Iteration 4935: J=2.4508e-05, Jf=2.4508e-05, Jcp =2.1206e-11, |dJ|=5.5958e-09, |dJcp|=9.2100e-12
Iteration 4940: J=2.4508e-05, Jf=2.4508e-05, Jcp =1.8003e-11, |dJ|=8.0772e-12, |dJcp|=8.4860e-12
Iteration 4945: J=2.4508e-05, Jf=2.4508e-05, Jcp =1.8312e-11, |dJ|=3.7476e-10, |dJcp|=8.5585e-12
Iteration 4950: J=2.4508e-05, Jf=2.4508e-05, Jcp =2.8359e-11, |dJ|=4.4727e-09, |dJcp|=1.0651e-11
Iteration 4955: J=2.4507e-05, Jf=2.4507e-05, Jcp =2.6969e-10, |dJ|=1.4524e-09, |dJcp|=3.2844e-11
Iteration 4960: J=2.4507e-05, Jf=2.4507e-05, Jcp =1.0433e-10, |dJ|=7.9376e-11, |dJcp|=2.0428e-11
Iteration 4965: J=2.4507e-05, Jf=2.4507e-05, Jcp =1.0242e-10, |dJ|=9.6705e-11, |dJcp|=2.0240e-11
Iteration 4970: J=2.4507e-05, Jf=2.4507e-05, Jcp =1.0837e-10, |dJ|=1.0327e-09, |dJcp|=2.0820e-11
Iteration 4975: J=2.4507e-05, Jf=2.4507e-05, Jcp =4.6732e-10, |dJ|=1.2615e-08, |dJcp|=4.3235e-11
Iteration 4980: J=2.4453e-05, Jf=2.4417e-05, Jcp =3.6540e-08, |dJ|=1.3427e-07, |dJcp|=3.8231e-10
Iteration 4985: J=2.3782e-05, Jf=2.3780e-05, Jcp =1.7693e-09, |dJ|=2.3253e-08, |dJcp|=8.4126e-11
Iteration 4990: J=2.3777e-05, Jf=2.3777e-05, Jcp =1.0728e-12, |dJ|=1.9415e-11, |dJcp|=2.0715e-12
Iteration 4995: J=2.3777e-05, Jf=2.3777e-05, Jcp =1.0358e-12, |dJ|=8.5934e-11, |dJcp|=2.0354e-12
Iteration 5000: J=2.3777e-05, Jf=2.3777e-05, Jcp =6.9330e-13, |dJ|=1.4172e-09, |dJcp|=1.6653e-12
Iteration 5005: J=2.3777e-05, Jf=2.3777e-05, Jcp =1.7594e-11, |dJ|=1.7498e-08, |dJcp|=8.3889e-12
Iteration 5010: J=2.3757e-05, Jf=2.3755e-05, Jcp =2.1753e-09, |dJ|=1.9696e-07, |dJcp|=9.3279e-11
Iteration 5015: J=2.2952e-05, Jf=2.2938e-05, Jcp =1.4174e-08, |dJ|=4.7570e-07, |dJcp|=2.3811e-10
Iteration 5020: J=2.2843e-05, Jf=2.2843e-05, Jcp =0.0000e+00, |dJ|=9.7913e-10, |dJcp|=0.0000e+00
Iteration 5025: J=2.2842e-05, Jf=2.2842e-05, Jcp =0.0000e+00, |dJ|=1.5015e-08, |dJcp|=0.0000e+00
Iteration 5030: J=3.6923e-03, Jf=2.2734e-05, Jcp =3.6696e-03, |dJ|=1.8112e-07, |dJcp|=1.2115e-07
Iteration 5035: J=2.2796e-05, Jf=2.2796e-05, Jcp =0.0000e+00, |dJ|=9.5615e-08, |dJcp|=0.0000e+00
Iteration 5040: J=2.5108e-05, Jf=2.2792e-05, Jcp =2.3159e-06, |dJ|=9.7990e-08, |dJcp|=3.0436e-09
Iteration 5045: J=2.2794e-05, Jf=2.2794e-05, Jcp =0.0000e+00, |dJ|=9.6722e-08, |dJcp|=0.0000e+00
Iteration 5050: J=2.2794e-05, Jf=2.2794e-05, Jcp =0.0000e+00, |dJ|=9.6974e-08, |dJcp|=0.0000e+00
Iteration 5055: J=2.5591e-05, Jf=2.2791e-05, Jcp =2.8005e-06, |dJ|=9.7639e-08, |dJcp|=3.3469e-09
Iteration 5060: J=2.2794e-05, Jf=2.2794e-05, Jcp =0.0000e+00, |dJ|=9.6976e-08, |dJcp|=0.0000e+00
Iteration 5065: J=2.2830e-05, Jf=2.2793e-05, Jcp =3.7283e-08, |dJ|=9.7053e-08, |dJcp|=3.8617e-10
Iteration 5070: J=2.2794e-05, Jf=2.2794e-05, Jcp =0.0000e+00, |dJ|=9.6964e-08, |dJcp|=0.0000e+00
Iteration 5075: J=2.2793e-05, Jf=2.2793e-05, Jcp =0.0000e+00, |dJ|=8.6591e-08, |dJcp|=0.0000e+00
Iteration 5080: J=2.2790e-05, Jf=2.2790e-05, Jcp =0.0000e+00, |dJ|=4.1618e-11, |dJcp|=0.0000e+00
Iteration 5085: J=2.2790e-05, Jf=2.2790e-05, Jcp =0.0000e+00, |dJ|=1.6767e-11, |dJcp|=0.0000e+00
Iteration 5090: J=2.2790e-05, Jf=2.2790e-05, Jcp =0.0000e+00, |dJ|=2.4907e-10, |dJcp|=0.0000e+00
Iteration 5095: J=2.2790e-05, Jf=2.2790e-05, Jcp =0.0000e+00, |dJ|=2.8248e-09, |dJcp|=0.0000e+00
Iteration 5100: J=2.2790e-05, Jf=2.2790e-05, Jcp =0.0000e+00, |dJ|=1.2366e-08, |dJcp|=0.0000e+00
Iteration 5105: J=2.2790e-05, Jf=2.2789e-05, Jcp =1.6923e-11, |dJ|=4.6778e-10, |dJcp|=8.2276e-12
Iteration 5110: J=2.2790e-05, Jf=2.2790e-05, Jcp =7.3135e-12, |dJ|=4.7578e-12, |dJcp|=5.4087e-12
STOP: TOTAL NO. OF ITERATIONS REACHED LIMIT
Saving results to /burg-archive/home/tg2998/simsopt/examples/outputs/TG_warmstarter_stage2results_unfixed_True/TF_a_0.375...
Warning: coils_to_vtk will not save forces and torques for coils that do not have a model for their cross section. Please use the RegularizedCoil class.

---> Running optimization for TF_a = 0.400
---> Saving outputs to: /burg-archive/home/tg2998/simsopt/examples/outputs/TG_warmstarter_stage2results_unfixed_True/TF_a_0.400

Warning: coils_to_vtk will not save forces and torques for coils that do not have a model for their cross section. Please use the RegularizedCoil class.
     Number of Toroidal Dipoles: 8
     Number of Poroidal Dipoles: 10
Initialized 10x8 (npol x ntor) windowpane coils with Rpol=0.058, Rtor_min=0.050, Rtor_max=0.102

===== Starting optimization =====
Current673:x0 1
Current674:x0 1
Current675:x0 1
Current676:x0 1
Current677:x0 1
Current678:x0 1
Current679:x0 1
Current680:x0 1
Current681:x0 1
Current682:x0 1
Current683:x0 1
Current684:x0 1
Current685:x0 1
Current686:x0 1
Current687:x0 1
Current688:x0 1
Current689:x0 1
Current690:x0 1
Current691:x0 1
Current692:x0 1
Current693:x0 1
Current694:x0 1
Current695:x0 1
Current696:x0 1
Current697:x0 1
Current698:x0 1
Current699:x0 1
Current700:x0 1
Current701:x0 1
Current702:x0 1
Current703:x0 1
Current704:x0 1
Current705:x0 1
Current706:x0 1
Current707:x0 1
Current708:x0 1
Current709:x0 1
Current710:x0 1
Current711:x0 1
Current712:x0 1
Current713:x0 1
Current714:x0 1
Current715:x0 1
Current716:x0 1
Current717:x0 1
Current718:x0 1
Current719:x0 1
Current720:x0 1
Current721:x0 1
Current722:x0 1
Current723:x0 1
Current724:x0 1
Current725:x0 1
Current726:x0 1
Current727:x0 1
Current728:x0 1
Current729:x0 1
Current730:x0 1
Current731:x0 1
Current732:x0 1
Current733:x0 1
Current734:x0 1
Current735:x0 1
Current736:x0 1
Current737:x0 1
Current738:x0 1
Current739:x0 1
Current740:x0 1
Current741:x0 1
Current742:x0 1
Current743:x0 1
Current744:x0 1
Current745:x0 1
Current746:x0 1
Current747:x0 1
Current748:x0 1
Current749:x0 1
Current750:x0 1
Current751:x0 1
Current752:x0 1
Current753:x0 1
Current754:x0 1
Current755:x0 1
Current756:x0 1
Iteration 5: J=9.6455e-04, Jf=9.6455e-04, Jcp =0.0000e+00, |dJ|=6.4730e-11, |dJcp|=0.0000e+00
Iteration 10: J=9.6454e-04, Jf=9.6454e-04, Jcp =0.0000e+00, |dJ|=5.9405e-14, |dJcp|=0.0000e+00
Iteration 15: J=9.6454e-04, Jf=9.6454e-04, Jcp =0.0000e+00, |dJ|=2.4748e-12, |dJcp|=0.0000e+00
Iteration 20: J=9.6454e-04, Jf=9.6454e-04, Jcp =0.0000e+00, |dJ|=3.0853e-11, |dJcp|=0.0000e+00
Iteration 25: J=9.6407e-04, Jf=9.6407e-04, Jcp =0.0000e+00, |dJ|=3.4383e-10, |dJcp|=0.0000e+00
Iteration 30: J=1.0095e+01, Jf=9.6364e-04, Jcp =1.0094e+01, |dJ|=6.3541e-06, |dJcp|=6.3541e-06
Iteration 35: J=9.6392e-04, Jf=9.6392e-04, Jcp =0.0000e+00, |dJ|=3.7811e-10, |dJcp|=0.0000e+00
Iteration 40: J=2.4082e-02, Jf=9.6389e-04, Jcp =2.3118e-02, |dJ|=3.0410e-07, |dJcp|=3.0410e-07
Iteration 45: J=9.6392e-04, Jf=9.6392e-04, Jcp =0.0000e+00, |dJ|=3.7917e-10, |dJcp|=0.0000e+00
Iteration 50: J=9.6392e-04, Jf=9.6392e-04, Jcp =0.0000e+00, |dJ|=3.7917e-10, |dJcp|=0.0000e+00
Iteration 55: J=3.0543e+01, Jf=9.6342e-04, Jcp =3.0542e+01, |dJ|=1.1053e-05, |dJcp|=1.1053e-05
Iteration 60: J=9.6392e-04, Jf=9.6392e-04, Jcp =0.0000e+00, |dJ|=3.7928e-10, |dJcp|=0.0000e+00
Iteration 65: J=9.6392e-04, Jf=9.6392e-04, Jcp =0.0000e+00, |dJ|=3.7928e-10, |dJcp|=0.0000e+00
Iteration 70: J=9.6392e-04, Jf=9.6392e-04, Jcp =0.0000e+00, |dJ|=3.7917e-10, |dJcp|=0.0000e+00
Iteration 75: J=9.6392e-04, Jf=9.6392e-04, Jcp =0.0000e+00, |dJ|=3.7917e-10, |dJcp|=0.0000e+00
Iteration 80: J=9.6392e-04, Jf=9.6392e-04, Jcp =0.0000e+00, |dJ|=3.7916e-10, |dJcp|=0.0000e+00
Iteration 85: J=9.6335e-04, Jf=9.6335e-04, Jcp =0.0000e+00, |dJ|=3.7412e-12, |dJcp|=0.0000e+00
Iteration 90: J=9.6332e-04, Jf=9.6332e-04, Jcp =0.0000e+00, |dJ|=9.8574e-11, |dJcp|=0.0000e+00
Iteration 95: J=9.6493e-04, Jf=9.6493e-04, Jcp =0.0000e+00, |dJ|=9.1073e-12, |dJcp|=0.0000e+00
Iteration 100: J=9.6604e-04, Jf=9.6604e-04, Jcp =0.0000e+00, |dJ|=2.8870e-10, |dJcp|=0.0000e+00
Iteration 105: J=9.6131e-04, Jf=9.6131e-04, Jcp =0.0000e+00, |dJ|=1.9098e-08, |dJcp|=0.0000e+00
Iteration 110: J=9.7434e-04, Jf=9.7434e-04, Jcp =0.0000e+00, |dJ|=2.7296e-09, |dJcp|=0.0000e+00
Iteration 115: J=9.5973e-04, Jf=9.5973e-04, Jcp =0.0000e+00, |dJ|=4.8116e-08, |dJcp|=0.0000e+00
Iteration 120: J=9.8695e-04, Jf=9.8695e-04, Jcp =0.0000e+00, |dJ|=5.5056e-09, |dJcp|=0.0000e+00
Iteration 125: J=9.5824e-04, Jf=9.5824e-04, Jcp =0.0000e+00, |dJ|=8.5109e-08, |dJcp|=0.0000e+00
Iteration 130: J=9.5670e-04, Jf=9.5670e-04, Jcp =0.0000e+00, |dJ|=2.2731e-07, |dJcp|=0.0000e+00
Iteration 135: J=1.1968e-03, Jf=1.1968e-03, Jcp =0.0000e+00, |dJ|=5.7481e-07, |dJcp|=0.0000e+00
Iteration 140: J=9.5431e-04, Jf=9.5431e-04, Jcp =0.0000e+00, |dJ|=2.3946e-07, |dJcp|=0.0000e+00
Iteration 145: J=1.0480e-03, Jf=1.0480e-03, Jcp =0.0000e+00, |dJ|=8.6191e-08, |dJcp|=0.0000e+00
Iteration 150: J=9.4480e-04, Jf=9.4480e-04, Jcp =0.0000e+00, |dJ|=6.8240e-07, |dJcp|=0.0000e+00
Iteration 155: J=1.6795e-03, Jf=1.6795e-03, Jcp =0.0000e+00, |dJ|=2.8452e-06, |dJcp|=0.0000e+00
Iteration 160: J=1.1452e-03, Jf=1.1452e-03, Jcp =0.0000e+00, |dJ|=2.3541e-07, |dJcp|=0.0000e+00
Iteration 165: J=1.0008e-02, Jf=1.0008e-02, Jcp =0.0000e+00, |dJ|=2.9673e-04, |dJcp|=0.0000e+00
Iteration 170: J=8.7896e-04, Jf=8.7896e-04, Jcp =0.0000e+00, |dJ|=4.3249e-06, |dJcp|=0.0000e+00
Iteration 175: J=8.4927e-04, Jf=8.4927e-04, Jcp =0.0000e+00, |dJ|=7.7376e-06, |dJcp|=0.0000e+00
Iteration 180: J=9.0115e-02, Jf=9.0115e-02, Jcp =0.0000e+00, |dJ|=4.2530e-03, |dJcp|=0.0000e+00
Iteration 185: J=5.6604e-04, Jf=5.6604e-04, Jcp =0.0000e+00, |dJ|=5.9777e-06, |dJcp|=0.0000e+00
Iteration 190: J=2.7615e-04, Jf=2.7615e-04, Jcp =0.0000e+00, |dJ|=3.8027e-06, |dJcp|=0.0000e+00
Iteration 195: J=2.3990e-04, Jf=2.3990e-04, Jcp =0.0000e+00, |dJ|=4.6020e-09, |dJcp|=0.0000e+00
Iteration 200: J=2.3990e-04, Jf=2.3990e-04, Jcp =0.0000e+00, |dJ|=8.8935e-11, |dJcp|=0.0000e+00
Iteration 205: J=2.3990e-04, Jf=2.3990e-04, Jcp =0.0000e+00, |dJ|=1.4815e-09, |dJcp|=0.0000e+00
Iteration 210: J=2.3990e-04, Jf=2.3990e-04, Jcp =0.0000e+00, |dJ|=1.6999e-08, |dJcp|=0.0000e+00
Iteration 215: J=2.3980e-04, Jf=2.3980e-04, Jcp =0.0000e+00, |dJ|=1.8703e-07, |dJcp|=0.0000e+00
Iteration 220: J=2.3759e-04, Jf=2.3759e-04, Jcp =0.0000e+00, |dJ|=8.2659e-07, |dJcp|=0.0000e+00
Iteration 225: J=7.2644e-03, Jf=2.3069e-04, Jcp =7.0337e-03, |dJ|=1.5057e-06, |dJcp|=1.6773e-07
Iteration 230: J=2.3718e-04, Jf=2.3718e-04, Jcp =0.0000e+00, |dJ|=8.8119e-07, |dJcp|=0.0000e+00
Iteration 235: J=2.5335e-04, Jf=2.3610e-04, Jcp =1.7249e-05, |dJ|=9.6816e-07, |dJcp|=8.3064e-09
Iteration 240: J=2.3649e-04, Jf=2.3649e-04, Jcp =0.0000e+00, |dJ|=9.3598e-07, |dJcp|=0.0000e+00
Iteration 245: J=2.4333e-04, Jf=2.3325e-04, Jcp =1.0075e-05, |dJ|=1.6791e-07, |dJcp|=6.3482e-09
Iteration 250: J=2.3364e-04, Jf=2.3364e-04, Jcp =0.0000e+00, |dJ|=8.2695e-08, |dJcp|=0.0000e+00
Iteration 255: J=2.3576e-04, Jf=2.3338e-04, Jcp =2.3802e-06, |dJ|=3.1107e-08, |dJcp|=3.0856e-09
Iteration 260: J=2.3357e-04, Jf=2.3357e-04, Jcp =4.0507e-09, |dJ|=2.9622e-10, |dJcp|=1.2729e-10
Iteration 265: J=2.3357e-04, Jf=2.3357e-04, Jcp =4.0352e-09, |dJ|=6.4602e-09, |dJcp|=1.2705e-10
Iteration 270: J=2.3356e-04, Jf=2.3355e-04, Jcp =3.8626e-09, |dJ|=7.5695e-08, |dJcp|=1.2430e-10
Iteration 275: J=2.3168e-04, Jf=2.3168e-04, Jcp =2.0482e-09, |dJ|=8.9321e-07, |dJcp|=9.0515e-11
Iteration 280: J=2.0102e-04, Jf=2.0102e-04, Jcp =0.0000e+00, |dJ|=4.1379e-06, |dJcp|=0.0000e+00
Iteration 285: J=9.4908e-03, Jf=1.8606e-04, Jcp =9.3048e-03, |dJ|=4.4974e-06, |dJcp|=1.9292e-07
Iteration 290: J=1.9382e-04, Jf=1.9382e-04, Jcp =0.0000e+00, |dJ|=4.2977e-06, |dJcp|=0.0000e+00
Iteration 295: J=1.9214e-04, Jf=1.9214e-04, Jcp =0.0000e+00, |dJ|=4.3375e-06, |dJcp|=0.0000e+00
Iteration 300: J=1.0429e-01, Jf=1.6661e-04, Jcp =1.0412e-01, |dJ|=4.2480e-06, |dJcp|=6.4537e-07
Iteration 305: J=1.9212e-04, Jf=1.9212e-04, Jcp =0.0000e+00, |dJ|=4.3374e-06, |dJcp|=0.0000e+00
Iteration 310: J=1.7689e-03, Jf=1.8867e-04, Jcp =1.5803e-03, |dJ|=4.3212e-06, |dJcp|=7.9506e-08
Iteration 315: J=1.9215e-04, Jf=1.9215e-04, Jcp =0.0000e+00, |dJ|=4.3374e-06, |dJcp|=0.0000e+00
Iteration 320: J=1.9054e-04, Jf=1.9054e-04, Jcp =0.0000e+00, |dJ|=4.1730e-06, |dJcp|=0.0000e+00
Iteration 325: J=1.6534e-04, Jf=1.6534e-04, Jcp =0.0000e+00, |dJ|=1.6349e-07, |dJcp|=0.0000e+00
Iteration 330: J=1.6527e-04, Jf=1.6527e-04, Jcp =0.0000e+00, |dJ|=2.3209e-11, |dJcp|=0.0000e+00
Iteration 335: J=1.6527e-04, Jf=1.6527e-04, Jcp =0.0000e+00, |dJ|=4.3533e-10, |dJcp|=0.0000e+00
Iteration 340: J=1.6527e-04, Jf=1.6527e-04, Jcp =0.0000e+00, |dJ|=5.8793e-09, |dJcp|=0.0000e+00
Iteration 345: J=1.6526e-04, Jf=1.6526e-04, Jcp =1.1623e-09, |dJ|=3.7536e-08, |dJcp|=6.8186e-11
Iteration 350: J=1.6526e-04, Jf=1.6526e-04, Jcp =2.3926e-09, |dJ|=1.8856e-10, |dJcp|=9.7829e-11
Iteration 355: J=1.6526e-04, Jf=1.6526e-04, Jcp =1.3072e-09, |dJ|=5.1775e-09, |dJcp|=7.2311e-11
Iteration 360: J=1.6520e-04, Jf=1.6519e-04, Jcp =1.2958e-08, |dJ|=9.5953e-08, |dJcp|=2.2767e-10
Iteration 365: J=1.6522e-04, Jf=1.6522e-04, Jcp =0.0000e+00, |dJ|=5.7068e-08, |dJcp|=0.0000e+00
Iteration 370: J=1.6598e-04, Jf=1.6513e-04, Jcp =8.4972e-07, |dJ|=1.0689e-07, |dJcp|=1.8436e-09
Iteration 375: J=1.6519e-04, Jf=1.6519e-04, Jcp =0.0000e+00, |dJ|=7.1183e-08, |dJcp|=0.0000e+00
Iteration 380: J=1.6519e-04, Jf=1.6519e-04, Jcp =3.0555e-10, |dJ|=5.7875e-08, |dJcp|=3.4960e-11
Iteration 385: J=1.6518e-04, Jf=1.6518e-04, Jcp =1.4925e-09, |dJ|=1.5318e-09, |dJcp|=7.7265e-11
Iteration 390: J=1.6524e-04, Jf=1.6518e-04, Jcp =6.5939e-08, |dJ|=2.5881e-08, |dJcp|=5.1357e-10
Iteration 395: J=1.6518e-04, Jf=1.6518e-04, Jcp =1.5877e-09, |dJ|=1.9146e-08, |dJcp|=7.9692e-11
Iteration 400: J=1.7032e-04, Jf=1.6517e-04, Jcp =5.1516e-06, |dJ|=5.5059e-08, |dJcp|=4.5394e-09
Iteration 405: J=1.6518e-04, Jf=1.6518e-04, Jcp =1.6543e-09, |dJ|=3.2511e-09, |dJcp|=8.1346e-11
Iteration 410: J=1.6518e-04, Jf=1.6518e-04, Jcp =1.5756e-09, |dJ|=1.7382e-09, |dJcp|=7.9387e-11
Iteration 415: J=1.6517e-04, Jf=1.6517e-04, Jcp =3.8599e-09, |dJ|=2.5151e-08, |dJcp|=1.2426e-10
Iteration 420: J=1.6451e-04, Jf=1.6419e-04, Jcp =3.2161e-07, |dJ|=2.8369e-07, |dJcp|=1.1342e-09
Iteration 425: J=7.5502e-02, Jf=1.0518e-04, Jcp =7.5397e-02, |dJ|=2.0355e-06, |dJcp|=5.4917e-07
Iteration 430: J=1.3129e-04, Jf=1.2149e-04, Jcp =9.8025e-06, |dJ|=1.7148e-06, |dJcp|=6.2618e-09
Iteration 435: J=2.5468e-02, Jf=1.0548e-04, Jcp =2.5362e-02, |dJ|=1.6834e-06, |dJcp|=3.1851e-07
Iteration 440: J=1.2601e-04, Jf=1.1643e-04, Jcp =9.5776e-06, |dJ|=1.7011e-06, |dJcp|=6.1895e-09
Iteration 445: J=1.2384e-04, Jf=1.1436e-04, Jcp =9.4810e-06, |dJ|=1.6943e-06, |dJcp|=6.1582e-09
Iteration 450: J=4.2427e-02, Jf=1.0128e-04, Jcp =4.2326e-02, |dJ|=1.5388e-06, |dJcp|=4.1147e-07
Iteration 455: J=1.2383e-04, Jf=1.1435e-04, Jcp =9.4791e-06, |dJ|=1.6941e-06, |dJcp|=6.1576e-09
Iteration 460: J=7.3814e-04, Jf=1.1251e-04, Jcp =6.2563e-04, |dJ|=1.6716e-06, |dJcp|=5.0025e-08
Iteration 465: J=1.2385e-04, Jf=1.1437e-04, Jcp =9.4814e-06, |dJ|=1.6943e-06, |dJcp|=6.1584e-09
Iteration 470: J=1.2383e-04, Jf=1.1435e-04, Jcp =9.4814e-06, |dJ|=1.6916e-06, |dJcp|=6.1584e-09
Iteration 475: J=1.1636e-04, Jf=1.0688e-04, Jcp =9.4809e-06, |dJ|=7.1425e-07, |dJcp|=6.1582e-09
Iteration 480: J=1.1145e-04, Jf=1.0197e-04, Jcp =9.4792e-06, |dJ|=8.9862e-09, |dJcp|=6.1577e-09
Iteration 485: J=1.1143e-04, Jf=1.0198e-04, Jcp =9.4488e-06, |dJ|=6.6696e-08, |dJcp|=6.1478e-09
Iteration 490: J=1.0947e-04, Jf=1.0358e-04, Jcp =5.8844e-06, |dJ|=6.9577e-07, |dJcp|=4.8516e-09
Iteration 495: J=1.0198e-04, Jf=1.0198e-04, Jcp =0.0000e+00, |dJ|=1.7201e-09, |dJcp|=0.0000e+00
Iteration 500: J=1.0204e-04, Jf=1.0198e-04, Jcp =5.4829e-08, |dJ|=9.6244e-09, |dJcp|=4.6831e-10
Iteration 505: J=1.0198e-04, Jf=1.0198e-04, Jcp =0.0000e+00, |dJ|=4.3054e-09, |dJcp|=0.0000e+00
Iteration 510: J=1.0198e-04, Jf=1.0198e-04, Jcp =3.5593e-10, |dJ|=5.0396e-09, |dJcp|=3.7732e-11
Iteration 515: J=1.0198e-04, Jf=1.0198e-04, Jcp =4.8041e-12, |dJ|=4.6436e-09, |dJcp|=4.3837e-12
Iteration 520: J=1.0198e-04, Jf=1.0198e-04, Jcp =4.6301e-12, |dJ|=4.3110e-10, |dJcp|=4.3035e-12
Iteration 525: J=1.0198e-04, Jf=1.0198e-04, Jcp =4.1376e-12, |dJ|=1.5990e-08, |dJcp|=4.0682e-12
Iteration 530: J=1.0194e-04, Jf=1.0194e-04, Jcp =2.0299e-12, |dJ|=9.9021e-08, |dJcp|=2.8495e-12
Iteration 535: J=1.0348e-04, Jf=1.0187e-04, Jcp =1.6057e-06, |dJ|=1.5319e-07, |dJcp|=2.5343e-09
Iteration 540: J=1.0193e-04, Jf=1.0193e-04, Jcp =1.8618e-12, |dJ|=1.0717e-07, |dJcp|=2.7290e-12
Iteration 545: J=1.0243e-04, Jf=1.0187e-04, Jcp =5.5540e-07, |dJ|=1.0711e-07, |dJcp|=1.4905e-09
Iteration 550: J=1.0188e-04, Jf=1.0188e-04, Jcp =1.2589e-09, |dJ|=1.3984e-09, |dJcp|=7.0961e-11
Iteration 555: J=1.0188e-04, Jf=1.0188e-04, Jcp =1.2529e-09, |dJ|=1.7149e-08, |dJcp|=7.0793e-11
Iteration 560: J=1.2413e-04, Jf=1.0167e-04, Jcp =2.2457e-05, |dJ|=1.8550e-07, |dJcp|=9.4777e-09
Iteration 565: J=1.0177e-04, Jf=1.0177e-04, Jcp =1.2074e-09, |dJ|=1.2865e-07, |dJcp|=6.9494e-11
Iteration 570: J=5.9457e-04, Jf=1.0134e-04, Jcp =4.9323e-04, |dJ|=2.9550e-07, |dJcp|=4.4418e-08
Iteration 575: J=1.0176e-04, Jf=1.0176e-04, Jcp =1.2043e-09, |dJ|=1.3557e-07, |dJcp|=6.9406e-11
Iteration 580: J=1.0875e-04, Jf=1.0169e-04, Jcp =7.0658e-06, |dJ|=1.5583e-07, |dJcp|=5.3163e-09
Iteration 585: J=1.0176e-04, Jf=1.0176e-04, Jcp =1.2040e-09, |dJ|=1.3612e-07, |dJcp|=6.9398e-11
Iteration 590: J=1.0176e-04, Jf=1.0176e-04, Jcp =1.2044e-09, |dJ|=1.3528e-07, |dJcp|=6.9410e-11
Iteration 595: J=1.0176e-04, Jf=1.0176e-04, Jcp =1.2044e-09, |dJ|=1.3524e-07, |dJcp|=6.9410e-11
Iteration 600: J=1.0174e-04, Jf=1.0174e-04, Jcp =1.2044e-09, |dJ|=9.8804e-08, |dJcp|=6.9410e-11
Iteration 605: J=1.0165e-04, Jf=1.0165e-04, Jcp =1.2043e-09, |dJ|=9.4234e-09, |dJcp|=6.9406e-11
Iteration 610: J=1.0165e-04, Jf=1.0165e-04, Jcp =1.2042e-09, |dJ|=9.3261e-11, |dJcp|=6.9403e-11
Iteration 615: J=1.0165e-04, Jf=1.0165e-04, Jcp =1.1629e-09, |dJ|=3.0033e-09, |dJcp|=6.8203e-11
Iteration 620: J=1.0165e-04, Jf=1.0165e-04, Jcp =1.3367e-11, |dJ|=9.2949e-09, |dJcp|=7.3122e-12
Iteration 625: J=1.0165e-04, Jf=1.0165e-04, Jcp =4.6849e-12, |dJ|=2.6309e-11, |dJcp|=4.3289e-12
Iteration 630: J=1.0165e-04, Jf=1.0165e-04, Jcp =4.1218e-12, |dJ|=2.1052e-09, |dJcp|=4.0604e-12
Iteration 635: J=1.0166e-04, Jf=1.0165e-04, Jcp =9.7387e-09, |dJ|=7.9922e-09, |dJcp|=1.9737e-10
Iteration 640: J=1.0165e-04, Jf=1.0165e-04, Jcp =9.4625e-13, |dJ|=6.2690e-09, |dJcp|=1.9455e-12
Iteration 645: J=1.0165e-04, Jf=1.0165e-04, Jcp =2.1737e-12, |dJ|=6.5413e-09, |dJcp|=2.9487e-12
Iteration 650: J=1.0165e-04, Jf=1.0165e-04, Jcp =7.4155e-13, |dJ|=6.9847e-10, |dJcp|=1.7223e-12
Iteration 655: J=1.0165e-04, Jf=1.0165e-04, Jcp =2.0722e-11, |dJ|=3.7767e-10, |dJcp|=9.1043e-12
Iteration 660: J=1.0165e-04, Jf=1.0165e-04, Jcp =1.0153e-12, |dJ|=2.5575e-11, |dJcp|=2.0153e-12
Iteration 665: J=1.0165e-04, Jf=1.0165e-04, Jcp =9.9542e-13, |dJ|=1.7720e-09, |dJcp|=1.9954e-12
Iteration 670: J=1.0165e-04, Jf=1.0165e-04, Jcp =1.7028e-10, |dJ|=1.8619e-08, |dJcp|=2.6098e-11
Iteration 675: J=1.0167e-04, Jf=1.0164e-04, Jcp =2.8702e-08, |dJ|=1.6684e-09, |dJcp|=3.3883e-10
Iteration 680: J=1.0164e-04, Jf=1.0164e-04, Jcp =2.7951e-09, |dJ|=8.5559e-09, |dJcp|=1.0574e-10
Iteration 685: J=1.0164e-04, Jf=1.0164e-04, Jcp =3.7959e-09, |dJ|=2.4237e-10, |dJcp|=1.2322e-10
Iteration 690: J=1.0164e-04, Jf=1.0164e-04, Jcp =3.0116e-09, |dJ|=2.0181e-09, |dJcp|=1.0976e-10
Iteration 695: J=1.0164e-04, Jf=1.0164e-04, Jcp =3.2534e-09, |dJ|=6.5190e-10, |dJcp|=1.1408e-10
Iteration 700: J=1.0164e-04, Jf=1.0164e-04, Jcp =4.6031e-09, |dJ|=2.5136e-09, |dJcp|=1.3569e-10
Iteration 705: J=1.0164e-04, Jf=1.0164e-04, Jcp =4.1231e-10, |dJ|=3.5632e-09, |dJcp|=4.0611e-11
Iteration 710: J=1.0164e-04, Jf=1.0164e-04, Jcp =4.4734e-10, |dJ|=2.4425e-09, |dJcp|=4.2301e-11
Iteration 715: J=1.0164e-04, Jf=1.0164e-04, Jcp =4.8135e-10, |dJ|=4.0301e-11, |dJcp|=4.3879e-11
Iteration 720: J=1.0164e-04, Jf=1.0164e-04, Jcp =3.1986e-10, |dJ|=1.0294e-08, |dJcp|=3.5770e-11
Iteration 725: J=1.0159e-04, Jf=1.0159e-04, Jcp =2.5803e-10, |dJ|=1.6011e-07, |dJcp|=3.2126e-11
Iteration 730: J=9.6973e-05, Jf=9.6956e-05, Jcp =1.7343e-08, |dJ|=1.6272e-06, |dJcp|=2.6339e-10
Iteration 735: J=4.0083e-02, Jf=8.8048e-05, Jcp =3.9995e-02, |dJ|=1.7144e-06, |dJcp|=3.9998e-07
Iteration 740: J=9.3074e-05, Jf=9.3055e-05, Jcp =1.9751e-08, |dJ|=1.7267e-06, |dJcp|=2.8108e-10
Iteration 745: J=8.8941e-03, Jf=8.8681e-05, Jcp =8.8055e-03, |dJ|=1.4990e-06, |dJcp|=1.8767e-07
Iteration 750: J=9.1586e-05, Jf=9.1568e-05, Jcp =1.8287e-08, |dJ|=1.6570e-06, |dJcp|=2.7046e-10
Iteration 755: J=9.1043e-05, Jf=9.1025e-05, Jcp =1.7731e-08, |dJ|=1.6291e-06, |dJcp|=2.6632e-10
Iteration 760: J=1.1964e-02, Jf=8.7944e-05, Jcp =1.1877e-02, |dJ|=1.3614e-06, |dJcp|=2.1796e-07
Iteration 765: J=9.1040e-05, Jf=9.1023e-05, Jcp =1.7727e-08, |dJ|=1.6289e-06, |dJcp|=2.6629e-10
Iteration 770: J=2.4625e-04, Jf=9.0591e-05, Jcp =1.5566e-04, |dJ|=1.5946e-06, |dJcp|=2.4953e-08
Iteration 775: J=9.1043e-05, Jf=9.1026e-05, Jcp =1.7732e-08, |dJ|=1.6292e-06, |dJcp|=2.6632e-10
Iteration 780: J=9.1029e-05, Jf=9.1011e-05, Jcp =1.7732e-08, |dJ|=1.6258e-06, |dJcp|=2.6632e-10
Iteration 785: J=8.7537e-05, Jf=8.7520e-05, Jcp =1.7732e-08, |dJ|=3.5998e-08, |dJcp|=2.6632e-10
Iteration 790: J=8.7525e-05, Jf=8.7507e-05, Jcp =1.7730e-08, |dJ|=2.5563e-09, |dJcp|=2.6630e-10
Iteration 795: J=8.7525e-05, Jf=8.7507e-05, Jcp =1.7716e-08, |dJ|=1.5294e-09, |dJcp|=2.6620e-10
Iteration 800: J=8.7524e-05, Jf=8.7508e-05, Jcp =1.5651e-08, |dJ|=2.0706e-08, |dJcp|=2.5021e-10
Iteration 805: J=8.7508e-05, Jf=8.7508e-05, Jcp =0.0000e+00, |dJ|=7.9137e-09, |dJcp|=0.0000e+00
Iteration 810: J=8.7508e-05, Jf=8.7508e-05, Jcp =8.2729e-11, |dJ|=1.7837e-09, |dJcp|=1.8191e-11
Iteration 815: J=8.7508e-05, Jf=8.7508e-05, Jcp =2.1759e-12, |dJ|=1.2097e-10, |dJcp|=2.9502e-12
Iteration 820: J=8.7508e-05, Jf=8.7508e-05, Jcp =2.6121e-12, |dJ|=1.9096e-09, |dJcp|=3.2324e-12
Iteration 825: J=8.7507e-05, Jf=8.7506e-05, Jcp =1.1388e-11, |dJ|=2.5013e-08, |dJcp|=6.7492e-12
Iteration 830: J=9.1304e-05, Jf=8.7379e-05, Jcp =3.9246e-06, |dJ|=2.7760e-07, |dJcp|=3.9621e-09
Iteration 835: J=8.7455e-05, Jf=8.7454e-05, Jcp =2.2271e-10, |dJ|=1.7681e-07, |dJcp|=2.9847e-11
Iteration 840: J=8.7592e-05, Jf=8.7407e-05, Jcp =1.8493e-07, |dJ|=1.5465e-07, |dJcp|=8.6008e-10
Iteration 845: J=8.7398e-05, Jf=8.7397e-05, Jcp =1.3864e-09, |dJ|=7.2871e-11, |dJcp|=7.4470e-11
Iteration 850: J=8.7398e-05, Jf=8.7397e-05, Jcp =1.3969e-09, |dJ|=3.1955e-09, |dJcp|=7.4749e-11
Iteration 855: J=8.7394e-05, Jf=8.7392e-05, Jcp =1.5344e-09, |dJ|=4.3344e-08, |dJcp|=7.8343e-11
Iteration 860: J=8.6859e-05, Jf=8.6856e-05, Jcp =3.6934e-09, |dJ|=4.6820e-07, |dJcp|=1.2155e-10
Iteration 865: J=3.4561e-04, Jf=8.6441e-05, Jcp =2.5917e-04, |dJ|=5.8577e-07, |dJcp|=3.2198e-08
Iteration 870: J=8.6856e-05, Jf=8.6853e-05, Jcp =3.6982e-09, |dJ|=4.6896e-07, |dJcp|=1.2162e-10
Iteration 875: J=8.7296e-05, Jf=8.6787e-05, Jcp =5.0855e-07, |dJ|=4.8616e-07, |dJcp|=1.4262e-09
Iteration 880: J=8.6814e-05, Jf=8.6810e-05, Jcp =3.7686e-09, |dJ|=4.8007e-07, |dJcp|=1.2278e-10
Iteration 885: J=8.6859e-05, Jf=8.6855e-05, Jcp =3.6934e-09, |dJ|=4.6814e-07, |dJcp|=1.2155e-10
Iteration 890: J=8.6787e-05, Jf=8.6784e-05, Jcp =3.6934e-09, |dJ|=4.0977e-07, |dJcp|=1.2155e-10
Iteration 895: J=8.6321e-05, Jf=8.6318e-05, Jcp =3.6929e-09, |dJ|=2.8445e-08, |dJcp|=1.2154e-10
Iteration 900: J=8.6319e-05, Jf=8.6315e-05, Jcp =3.6925e-09, |dJ|=1.9771e-10, |dJcp|=1.2153e-10
Iteration 905: J=8.6319e-05, Jf=8.6315e-05, Jcp =3.6461e-09, |dJ|=4.0572e-09, |dJcp|=1.2077e-10
Iteration 910: J=8.6317e-05, Jf=8.6316e-05, Jcp =7.5396e-10, |dJ|=2.7147e-08, |dJcp|=5.4917e-11
Iteration 915: J=8.6315e-05, Jf=8.6315e-05, Jcp =1.7816e-12, |dJ|=5.9369e-10, |dJcp|=2.6695e-12
Iteration 920: J=8.6315e-05, Jf=8.6315e-05, Jcp =2.8599e-12, |dJ|=5.1744e-10, |dJcp|=3.3822e-12
Iteration 925: J=8.6315e-05, Jf=8.6315e-05, Jcp =4.3868e-12, |dJ|=9.3647e-09, |dJcp|=4.1889e-12
Iteration 930: J=8.6301e-05, Jf=8.6299e-05, Jcp =1.9155e-09, |dJ|=9.8575e-08, |dJcp|=8.7533e-11
Iteration 935: J=8.6279e-05, Jf=8.6271e-05, Jcp =8.6123e-09, |dJ|=1.4793e-07, |dJcp|=1.8561e-10
Iteration 940: J=8.6320e-05, Jf=8.6255e-05, Jcp =6.5435e-08, |dJ|=1.5946e-07, |dJcp|=5.1160e-10
Iteration 945: J=8.6273e-05, Jf=8.6262e-05, Jcp =1.0631e-08, |dJ|=1.5420e-07, |dJcp|=2.0622e-10
Iteration 950: J=8.6252e-05, Jf=8.6244e-05, Jcp =8.5652e-09, |dJ|=9.7399e-08, |dJcp|=1.8510e-10
Iteration 955: J=8.6233e-05, Jf=8.6233e-05, Jcp =4.2623e-10, |dJ|=6.3613e-11, |dJcp|=4.1291e-11
Iteration 960: J=8.6233e-05, Jf=8.6233e-05, Jcp =4.3081e-10, |dJ|=1.2476e-09, |dJcp|=4.1512e-11
Iteration 965: J=8.6233e-05, Jf=8.6232e-05, Jcp =5.1634e-10, |dJ|=1.6706e-08, |dJcp|=4.5446e-11
Iteration 970: J=8.6184e-05, Jf=8.6179e-05, Jcp =4.9614e-09, |dJ|=1.8817e-07, |dJcp|=1.4087e-10
Iteration 975: J=8.1122e-05, Jf=8.0768e-05, Jcp =3.5402e-07, |dJ|=1.8113e-06, |dJcp|=1.1900e-09
Iteration 980: J=7.3357e-05, Jf=7.2880e-05, Jcp =4.7779e-07, |dJ|=2.0604e-06, |dJcp|=1.3824e-09
Iteration 985: J=3.9061e-02, Jf=6.6857e-05, Jcp =3.8994e-02, |dJ|=7.6202e-07, |dJcp|=3.9494e-07
Iteration 990: J=7.0425e-05, Jf=7.0115e-05, Jcp =3.0985e-07, |dJ|=1.6274e-06, |dJcp|=1.1133e-09
Iteration 995: J=2.4398e-03, Jf=6.8112e-05, Jcp =2.3717e-03, |dJ|=1.1382e-06, |dJcp|=9.7399e-08
Iteration 1000: J=6.9461e-05, Jf=6.9218e-05, Jcp =2.4235e-07, |dJ|=1.4303e-06, |dJcp|=9.8458e-10
Iteration 1005: J=7.7231e-04, Jf=6.8395e-05, Jcp =7.0391e-04, |dJ|=1.2149e-06, |dJcp|=5.3063e-08
Iteration 1010: J=6.9153e-05, Jf=6.8933e-05, Jcp =2.1977e-07, |dJ|=1.3596e-06, |dJcp|=9.3760e-10
Iteration 1015: J=6.9050e-05, Jf=6.8837e-05, Jcp =2.1216e-07, |dJ|=1.3349e-06, |dJcp|=9.2121e-10
Iteration 1020: J=1.1639e-03, Jf=6.8284e-05, Jcp =1.0956e-03, |dJ|=1.1818e-06, |dJcp|=6.6199e-08
Iteration 1025: J=6.9049e-05, Jf=6.8837e-05, Jcp =2.1209e-07, |dJ|=1.3347e-06, |dJcp|=9.2105e-10
Iteration 1030: J=8.2736e-05, Jf=6.8763e-05, Jcp =1.3973e-05, |dJ|=1.3153e-06, |dJcp|=7.4761e-09
Iteration 1035: J=6.9050e-05, Jf=6.8838e-05, Jcp =2.1217e-07, |dJ|=1.3349e-06, |dJcp|=9.2124e-10
Iteration 1040: J=6.9040e-05, Jf=6.8828e-05, Jcp =2.1217e-07, |dJ|=1.3314e-06, |dJcp|=9.2124e-10
Iteration 1045: J=6.7213e-05, Jf=6.7001e-05, Jcp =2.1216e-07, |dJ|=3.2582e-08, |dJcp|=9.2123e-10
Iteration 1050: J=6.7205e-05, Jf=6.6993e-05, Jcp =2.1214e-07, |dJ|=2.6278e-09, |dJcp|=9.2118e-10
Iteration 1055: J=6.7205e-05, Jf=6.6993e-05, Jcp =2.1199e-07, |dJ|=7.9816e-09, |dJcp|=9.2085e-10
Iteration 1060: J=6.7194e-05, Jf=6.7003e-05, Jcp =1.9099e-07, |dJ|=1.0026e-07, |dJcp|=8.7405e-10
Iteration 1065: J=6.6997e-05, Jf=6.6997e-05, Jcp =7.9496e-12, |dJ|=5.7179e-08, |dJcp|=5.6390e-12
Iteration 1070: J=6.6994e-05, Jf=6.6994e-05, Jcp =7.9708e-12, |dJ|=3.7397e-09, |dJcp|=5.6465e-12
Iteration 1075: J=6.6995e-05, Jf=6.6993e-05, Jcp =1.6319e-09, |dJ|=6.1348e-09, |dJcp|=8.0794e-11
Iteration 1080: J=6.6994e-05, Jf=6.6994e-05, Jcp =7.9779e-12, |dJ|=4.0108e-09, |dJcp|=5.6490e-12
Iteration 1085: J=6.6994e-05, Jf=6.6994e-05, Jcp =7.9754e-12, |dJ|=1.0470e-09, |dJcp|=5.6481e-12
Iteration 1090: J=6.6994e-05, Jf=6.6994e-05, Jcp =9.1029e-12, |dJ|=2.2844e-11, |dJcp|=6.0342e-12
Iteration 1095: J=6.6994e-05, Jf=6.6993e-05, Jcp =7.9703e-12, |dJ|=1.1971e-09, |dJcp|=5.6464e-12
Iteration 1100: J=6.6978e-05, Jf=6.6977e-05, Jcp =3.5004e-10, |dJ|=1.1531e-07, |dJcp|=3.7418e-11
Iteration 1105: J=6.6965e-05, Jf=6.6965e-05, Jcp =1.5298e-10, |dJ|=1.5598e-08, |dJcp|=2.4737e-11
Iteration 1110: J=6.6964e-05, Jf=6.6964e-05, Jcp =5.1041e-10, |dJ|=1.2020e-09, |dJcp|=4.5185e-11
Iteration 1115: J=6.6961e-05, Jf=6.6961e-05, Jcp =4.3720e-12, |dJ|=1.6930e-08, |dJcp|=4.1819e-12
Iteration 1120: J=4.9641e-03, Jf=6.6895e-05, Jcp =4.8972e-03, |dJ|=2.0539e-07, |dJcp|=1.3996e-07
Iteration 1125: J=6.6957e-05, Jf=6.6957e-05, Jcp =8.1003e-12, |dJ|=2.8032e-08, |dJcp|=5.6922e-12
Iteration 1130: J=6.6956e-05, Jf=6.6956e-05, Jcp =9.4881e-12, |dJ|=2.9804e-08, |dJcp|=6.1605e-12
Iteration 1135: J=1.5468e-02, Jf=6.6843e-05, Jcp =1.5401e-02, |dJ|=2.9404e-07, |dJcp|=2.4820e-07
Iteration 1140: J=6.6956e-05, Jf=6.6956e-05, Jcp =9.4917e-12, |dJ|=2.9807e-08, |dJcp|=6.1617e-12
Iteration 1145: J=6.7017e-05, Jf=6.6956e-05, Jcp =6.1615e-08, |dJ|=3.0132e-08, |dJcp|=4.9645e-10
Iteration 1150: J=6.6956e-05, Jf=6.6956e-05, Jcp =9.5251e-12, |dJ|=2.9831e-08, |dJcp|=6.1726e-12
Iteration 1155: J=6.6956e-05, Jf=6.6956e-05, Jcp =9.4881e-12, |dJ|=2.9804e-08, |dJcp|=6.1605e-12
Iteration 1160: J=6.6956e-05, Jf=6.6956e-05, Jcp =9.4881e-12, |dJ|=2.9469e-08, |dJcp|=6.1605e-12
Iteration 1165: J=6.6955e-05, Jf=6.6955e-05, Jcp =9.4881e-12, |dJ|=2.5423e-11, |dJcp|=6.1605e-12
Iteration 1170: J=6.6955e-05, Jf=6.6955e-05, Jcp =9.4876e-12, |dJ|=4.4859e-11, |dJcp|=6.1604e-12
Iteration 1175: J=6.6955e-05, Jf=6.6955e-05, Jcp =9.4425e-12, |dJ|=8.5111e-10, |dJcp|=6.1457e-12
Iteration 1180: J=6.6955e-05, Jf=6.6955e-05, Jcp =4.6505e-12, |dJ|=9.8221e-09, |dJcp|=4.3130e-12
Iteration 1185: J=6.6952e-05, Jf=6.6952e-05, Jcp =4.4700e-11, |dJ|=1.7646e-08, |dJcp|=1.3372e-11
Iteration 1190: J=6.6951e-05, Jf=6.6950e-05, Jcp =8.3573e-10, |dJ|=5.9751e-11, |dJcp|=5.7818e-11
Iteration 1195: J=6.6951e-05, Jf=6.6950e-05, Jcp =8.2663e-10, |dJ|=1.1799e-09, |dJcp|=5.7502e-11
Iteration 1200: J=6.6951e-05, Jf=6.6950e-05, Jcp =7.2721e-10, |dJ|=1.4630e-08, |dJcp|=5.3934e-11
Iteration 1205: J=6.6947e-05, Jf=6.6946e-05, Jcp =1.4517e-09, |dJ|=1.1590e-09, |dJcp|=7.6201e-11
Iteration 1210: J=6.6948e-05, Jf=6.6945e-05, Jcp =2.6573e-09, |dJ|=3.5211e-09, |dJcp|=1.0310e-10
Iteration 1215: J=6.6947e-05, Jf=6.6946e-05, Jcp =1.5077e-09, |dJ|=5.7302e-10, |dJcp|=7.7658e-11
Iteration 1220: J=6.6947e-05, Jf=6.6946e-05, Jcp =1.0728e-09, |dJ|=2.1977e-09, |dJcp|=6.5508e-11
Iteration 1225: J=6.6922e-05, Jf=6.6918e-05, Jcp =4.3190e-09, |dJ|=4.3072e-08, |dJcp|=1.3144e-10
Iteration 1230: J=6.0568e-05, Jf=5.7405e-05, Jcp =3.1628e-06, |dJ|=1.1745e-06, |dJcp|=3.5568e-09
Iteration 1235: J=5.1615e-05, Jf=4.7799e-05, Jcp =3.8168e-06, |dJ|=1.2060e-06, |dJcp|=3.9073e-09
Iteration 1240: J=4.3526e-02, Jf=4.4772e-05, Jcp =4.3481e-02, |dJ|=5.7549e-07, |dJcp|=4.1704e-07
Iteration 1245: J=4.8672e-05, Jf=4.6314e-05, Jcp =2.3582e-06, |dJ|=9.3761e-07, |dJcp|=3.0713e-09
Iteration 1250: J=2.9299e-03, Jf=4.5386e-05, Jcp =2.8845e-03, |dJ|=6.6817e-07, |dJcp|=1.0742e-07
Iteration 1255: J=4.7745e-05, Jf=4.5905e-05, Jcp =1.8400e-06, |dJ|=8.2751e-07, |dJcp|=2.7129e-09
Iteration 1260: J=1.7070e-03, Jf=4.5449e-05, Jcp =1.6616e-03, |dJ|=6.8272e-07, |dJcp|=8.1524e-08
Iteration 1265: J=4.7471e-05, Jf=4.5787e-05, Jcp =1.6845e-06, |dJ|=7.9155e-07, |dJcp|=2.5958e-09
Iteration 1270: J=4.7328e-05, Jf=4.5725e-05, Jcp =1.6027e-06, |dJ|=7.7195e-07, |dJcp|=2.5320e-09
Iteration 1275: J=2.4097e-03, Jf=8.7193e-04, Jcp =1.5378e-03, |dJ|=1.0223e-06, |dJcp|=7.8429e-08
Iteration 1280: J=4.5135e-05, Jf=4.5135e-05, Jcp =0.0000e+00, |dJ|=1.9729e-08, |dJcp|=0.0000e+00
Iteration 1285: J=4.5134e-05, Jf=4.5134e-05, Jcp =9.0161e-11, |dJ|=1.8901e-09, |dJcp|=1.8991e-11
Iteration 1290: J=4.9034e-05, Jf=4.5126e-05, Jcp =3.9083e-06, |dJ|=1.6030e-08, |dJcp|=3.9539e-09
Iteration 1295: J=4.5133e-05, Jf=4.5133e-05, Jcp =2.4497e-10, |dJ|=4.4290e-09, |dJcp|=3.1303e-11
Iteration 1300: J=4.5155e-05, Jf=4.5132e-05, Jcp =2.3375e-08, |dJ|=5.8287e-09, |dJcp|=3.0578e-10
Iteration 1305: J=4.5133e-05, Jf=4.5133e-05, Jcp =2.9905e-10, |dJ|=4.9153e-09, |dJcp|=3.4586e-11
Iteration 1310: J=4.5133e-05, Jf=4.5133e-05, Jcp =2.4122e-10, |dJ|=4.3935e-09, |dJcp|=3.1063e-11
Iteration 1315: J=4.5133e-05, Jf=4.5133e-05, Jcp =2.4122e-10, |dJ|=4.3908e-09, |dJcp|=3.1063e-11
Iteration 1320: J=4.5133e-05, Jf=4.5133e-05, Jcp =2.4122e-10, |dJ|=2.3513e-09, |dJcp|=3.1062e-11
Iteration 1325: J=4.5133e-05, Jf=4.5133e-05, Jcp =2.4120e-10, |dJ|=3.5177e-11, |dJcp|=3.1061e-11
Iteration 1330: J=4.5133e-05, Jf=4.5133e-05, Jcp =2.4091e-10, |dJ|=4.1925e-10, |dJcp|=3.1043e-11
Iteration 1335: J=4.5133e-05, Jf=4.5133e-05, Jcp =2.0398e-10, |dJ|=4.9109e-09, |dJcp|=2.8564e-11
Iteration 1340: J=4.5133e-05, Jf=4.5133e-05, Jcp =0.0000e+00, |dJ|=1.8543e-09, |dJcp|=0.0000e+00
Iteration 1345: J=4.5132e-05, Jf=4.5132e-05, Jcp =0.0000e+00, |dJ|=2.2982e-08, |dJcp|=0.0000e+00
Iteration 1350: J=4.5131e-05, Jf=4.5131e-05, Jcp =4.0815e-11, |dJ|=4.1634e-08, |dJcp|=1.2777e-11
Iteration 1355: J=4.5130e-05, Jf=4.5129e-05, Jcp =1.7583e-10, |dJ|=3.7489e-11, |dJcp|=2.6520e-11
Iteration 1360: J=4.5130e-05, Jf=4.5129e-05, Jcp =1.8270e-10, |dJ|=3.1431e-10, |dJcp|=2.7033e-11
Iteration 1365: J=4.5130e-05, Jf=4.5129e-05, Jcp =2.6817e-10, |dJ|=4.1001e-09, |dJcp|=3.2752e-11
Iteration 1370: J=4.5127e-05, Jf=4.5125e-05, Jcp =2.3055e-09, |dJ|=4.6034e-08, |dJcp|=9.6031e-11
Iteration 1375: J=4.4830e-05, Jf=4.4715e-05, Jcp =1.1521e-07, |dJ|=4.3661e-07, |dJcp|=6.7884e-10
Iteration 1380: J=9.7416e-05, Jf=4.4513e-05, Jcp =5.2903e-05, |dJ|=4.8806e-07, |dJcp|=1.4547e-08
Iteration 1385: J=4.4813e-05, Jf=4.4696e-05, Jcp =1.1740e-07, |dJ|=4.4105e-07, |dJcp|=6.8527e-10
Iteration 1390: J=4.4798e-05, Jf=4.4665e-05, Jcp =1.3336e-07, |dJ|=4.4846e-07, |dJcp|=7.3037e-10
Iteration 1395: J=4.4524e-05, Jf=4.4524e-05, Jcp =0.0000e+00, |dJ|=1.3064e-08, |dJcp|=0.0000e+00
Iteration 1400: J=4.7092e-05, Jf=4.4480e-05, Jcp =2.6112e-06, |dJ|=6.9762e-08, |dJcp|=3.2319e-09
Iteration 1405: J=4.4522e-05, Jf=4.4522e-05, Jcp =0.0000e+00, |dJ|=1.6002e-08, |dJcp|=0.0000e+00
Iteration 1410: J=4.4534e-05, Jf=4.4516e-05, Jcp =1.7688e-08, |dJ|=2.3479e-08, |dJcp|=2.6599e-10
Iteration 1415: J=4.4519e-05, Jf=4.4519e-05, Jcp =1.9576e-10, |dJ|=1.9128e-08, |dJcp|=2.7983e-11
Iteration 1420: J=4.4519e-05, Jf=4.4519e-05, Jcp =1.7077e-10, |dJ|=1.5392e-09, |dJcp|=2.6136e-11
Iteration 1425: J=4.4519e-05, Jf=4.4519e-05, Jcp =4.7153e-10, |dJ|=4.3137e-09, |dJcp|=4.3430e-11
Iteration 1430: J=4.4519e-05, Jf=4.4519e-05, Jcp =1.6985e-10, |dJ|=2.5834e-09, |dJcp|=2.6066e-11
Iteration 1435: J=4.4519e-05, Jf=4.4519e-05, Jcp =1.7587e-10, |dJ|=1.0475e-10, |dJcp|=2.6523e-11
Iteration 1440: J=4.4519e-05, Jf=4.4519e-05, Jcp =1.7650e-10, |dJ|=4.1274e-09, |dJcp|=2.6571e-11
Iteration 1445: J=4.4516e-05, Jf=4.4516e-05, Jcp =1.8487e-10, |dJ|=4.9620e-08, |dJcp|=2.7193e-11
Iteration 1450: J=4.4275e-05, Jf=4.4275e-05, Jcp =1.7948e-10, |dJ|=4.4995e-07, |dJcp|=2.6794e-11
Iteration 1455: J=4.3630e-05, Jf=4.3630e-05, Jcp =0.0000e+00, |dJ|=3.4559e-10, |dJcp|=0.0000e+00
Iteration 1460: J=4.3630e-05, Jf=4.3630e-05, Jcp =6.5325e-15, |dJ|=1.2611e-09, |dJcp|=1.6165e-13
Iteration 1465: J=4.3630e-05, Jf=4.3630e-05, Jcp =1.3240e-12, |dJ|=1.7768e-08, |dJcp|=2.3013e-12
Iteration 1470: J=4.3587e-05, Jf=4.3587e-05, Jcp =3.7008e-12, |dJ|=6.0214e-08, |dJcp|=3.8475e-12
Iteration 1475: J=4.3577e-05, Jf=4.3577e-05, Jcp =2.4173e-15, |dJ|=1.3048e-11, |dJcp|=9.8332e-14
Iteration 1480: J=4.3577e-05, Jf=4.3577e-05, Jcp =1.8299e-14, |dJ|=3.0549e-09, |dJcp|=2.7055e-13
Iteration 1485: J=4.3571e-05, Jf=4.3571e-05, Jcp =1.2609e-12, |dJ|=3.8078e-08, |dJcp|=2.2458e-12
Iteration 1490: J=1.5306e-02, Jf=4.3269e-05, Jcp =1.5263e-02, |dJ|=3.5819e-07, |dJcp|=2.4709e-07
Iteration 1495: J=4.3454e-05, Jf=4.3454e-05, Jcp =1.6560e-11, |dJ|=1.4222e-07, |dJcp|=8.1388e-12
Iteration 1500: J=4.3418e-05, Jf=4.3418e-05, Jcp =1.9654e-11, |dJ|=1.5501e-07, |dJcp|=8.8665e-12
Iteration 1505: J=2.1310e-04, Jf=4.3381e-05, Jcp =1.6972e-04, |dJ|=1.6867e-07, |dJcp|=2.6055e-08
Iteration 1510: J=4.3418e-05, Jf=4.3418e-05, Jcp =1.9656e-11, |dJ|=1.5502e-07, |dJcp|=8.8671e-12
Iteration 1515: J=4.3638e-05, Jf=4.3413e-05, Jcp =2.2586e-07, |dJ|=1.5680e-07, |dJcp|=9.5049e-10
Iteration 1520: J=4.3415e-05, Jf=4.3415e-05, Jcp =1.9909e-11, |dJ|=1.5601e-07, |dJcp|=8.9238e-12
Iteration 1525: J=1.7777e-04, Jf=4.3375e-05, Jcp =1.3440e-04, |dJ|=1.6668e-07, |dJcp|=2.3186e-08
Iteration 1530: J=4.3415e-05, Jf=4.3415e-05, Jcp =1.9911e-11, |dJ|=1.5602e-07, |dJcp|=8.9243e-12
Iteration 1535: J=4.4408e-05, Jf=4.3410e-05, Jcp =9.9791e-07, |dJ|=1.5717e-07, |dJcp|=1.9979e-09
Iteration 1540: J=4.3415e-05, Jf=4.3415e-05, Jcp =1.9908e-11, |dJ|=1.5600e-07, |dJcp|=8.9237e-12
Iteration 1545: J=4.3413e-05, Jf=4.3413e-05, Jcp =1.9908e-11, |dJ|=1.4786e-07, |dJcp|=8.9237e-12
Iteration 1550: J=4.3377e-05, Jf=4.3377e-05, Jcp =1.9907e-11, |dJ|=7.0035e-08, |dJcp|=8.9234e-12
Iteration 1555: J=4.3374e-05, Jf=4.3374e-05, Jcp =1.9907e-11, |dJ|=1.1445e-11, |dJcp|=8.9234e-12
Iteration 1560: J=4.3374e-05, Jf=4.3374e-05, Jcp =1.9793e-11, |dJ|=1.6422e-10, |dJcp|=8.8979e-12
Iteration 1565: J=4.3374e-05, Jf=4.3374e-05, Jcp =7.9804e-12, |dJ|=1.8064e-09, |dJcp|=5.6499e-12
Iteration 1570: J=4.3371e-05, Jf=4.3371e-05, Jcp =0.0000e+00, |dJ|=1.6431e-08, |dJcp|=0.0000e+00
Iteration 1575: J=4.3368e-05, Jf=4.3368e-05, Jcp =0.0000e+00, |dJ|=2.7915e-08, |dJcp|=0.0000e+00
Iteration 1580: J=4.3373e-05, Jf=4.3365e-05, Jcp =7.2347e-09, |dJ|=2.9329e-08, |dJcp|=1.7011e-10
Iteration 1585: J=4.3364e-05, Jf=4.3364e-05, Jcp =7.5746e-11, |dJ|=8.0433e-11, |dJcp|=1.7406e-11
Iteration 1590: J=4.3364e-05, Jf=4.3364e-05, Jcp =7.3971e-11, |dJ|=2.2245e-10, |dJcp|=1.7201e-11
Iteration 1595: J=4.3364e-05, Jf=4.3364e-05, Jcp =5.9233e-11, |dJ|=2.9580e-09, |dJcp|=1.5393e-11
Iteration 1600: J=4.3363e-05, Jf=4.3363e-05, Jcp =0.0000e+00, |dJ|=3.3368e-08, |dJcp|=0.0000e+00
Iteration 1605: J=4.3130e-05, Jf=4.3130e-05, Jcp =0.0000e+00, |dJ|=3.9352e-07, |dJcp|=0.0000e+00
Iteration 1610: J=3.9007e-05, Jf=3.9007e-05, Jcp =0.0000e+00, |dJ|=1.6202e-07, |dJcp|=0.0000e+00
Iteration 1615: J=3.8965e-05, Jf=3.8965e-05, Jcp =0.0000e+00, |dJ|=1.6008e-10, |dJcp|=0.0000e+00
Iteration 1620: J=3.8965e-05, Jf=3.8965e-05, Jcp =0.0000e+00, |dJ|=5.3953e-09, |dJcp|=0.0000e+00
Iteration 1625: J=3.8932e-05, Jf=3.8932e-05, Jcp =0.0000e+00, |dJ|=3.7322e-08, |dJcp|=0.0000e+00
Iteration 1630: J=3.8903e-05, Jf=3.8903e-05, Jcp =0.0000e+00, |dJ|=1.6097e-11, |dJcp|=0.0000e+00
Iteration 1635: J=3.8903e-05, Jf=3.8903e-05, Jcp =0.0000e+00, |dJ|=8.4713e-10, |dJcp|=0.0000e+00
Iteration 1640: J=3.8901e-05, Jf=3.8901e-05, Jcp =0.0000e+00, |dJ|=1.1691e-08, |dJcp|=0.0000e+00
Iteration 1645: J=3.9702e-04, Jf=3.8652e-05, Jcp =3.5837e-04, |dJ|=1.3477e-07, |dJcp|=3.7861e-08
Iteration 1650: J=3.8754e-05, Jf=3.8754e-05, Jcp =0.0000e+00, |dJ|=9.4649e-08, |dJcp|=0.0000e+00
Iteration 1655: J=8.1652e-05, Jf=3.8595e-05, Jcp =4.3056e-05, |dJ|=1.2218e-07, |dJcp|=1.3123e-08
Iteration 1660: J=3.8636e-05, Jf=3.8636e-05, Jcp =0.0000e+00, |dJ|=1.1416e-07, |dJcp|=0.0000e+00
Iteration 1665: J=7.1633e-04, Jf=3.8485e-05, Jcp =6.7784e-04, |dJ|=1.4138e-07, |dJcp|=5.2071e-08
Iteration 1670: J=3.8625e-05, Jf=3.8625e-05, Jcp =0.0000e+00, |dJ|=1.1535e-07, |dJcp|=0.0000e+00
Iteration 1675: J=3.8626e-05, Jf=3.8602e-05, Jcp =2.3260e-08, |dJ|=1.1788e-07, |dJcp|=3.0503e-10
Iteration 1680: J=8.7606e-02, Jf=3.7201e-05, Jcp =8.7568e-02, |dJ|=6.5283e-07, |dJcp|=5.9184e-07
Iteration 1685: J=3.8604e-05, Jf=3.8604e-05, Jcp =0.0000e+00, |dJ|=1.1768e-07, |dJcp|=0.0000e+00
Iteration 1690: J=1.5458e-04, Jf=3.8535e-05, Jcp =1.1605e-04, |dJ|=1.2511e-07, |dJcp|=2.1545e-08
Iteration 1695: J=3.8604e-05, Jf=3.8604e-05, Jcp =0.0000e+00, |dJ|=1.1769e-07, |dJcp|=0.0000e+00
Iteration 1700: J=3.8604e-05, Jf=3.8604e-05, Jcp =0.0000e+00, |dJ|=1.1767e-07, |dJcp|=0.0000e+00
Iteration 1705: J=3.8604e-05, Jf=3.8604e-05, Jcp =0.0000e+00, |dJ|=1.1662e-07, |dJcp|=0.0000e+00
Iteration 1710: J=3.8573e-05, Jf=3.8573e-05, Jcp =0.0000e+00, |dJ|=1.2938e-07, |dJcp|=0.0000e+00
Iteration 1715: J=3.8563e-05, Jf=3.8563e-05, Jcp =0.0000e+00, |dJ|=2.8613e-11, |dJcp|=0.0000e+00
Iteration 1720: J=3.8563e-05, Jf=3.8563e-05, Jcp =0.0000e+00, |dJ|=8.8904e-11, |dJcp|=0.0000e+00
Iteration 1725: J=3.8563e-05, Jf=3.8563e-05, Jcp =0.0000e+00, |dJ|=1.3629e-09, |dJcp|=0.0000e+00
Iteration 1730: J=3.8562e-05, Jf=3.8562e-05, Jcp =0.0000e+00, |dJ|=1.5511e-08, |dJcp|=0.0000e+00
Iteration 1735: J=3.8559e-05, Jf=3.8559e-05, Jcp =0.0000e+00, |dJ|=6.8116e-08, |dJcp|=0.0000e+00
Iteration 1740: J=3.8568e-05, Jf=3.8554e-05, Jcp =1.4004e-08, |dJ|=6.7419e-08, |dJcp|=2.3667e-10
Iteration 1745: J=3.8554e-05, Jf=3.8554e-05, Jcp =3.1432e-10, |dJ|=3.7448e-11, |dJcp|=3.5458e-11
Iteration 1750: J=3.8554e-05, Jf=3.8554e-05, Jcp =3.1418e-10, |dJ|=1.4935e-09, |dJcp|=3.5450e-11
Iteration 1755: J=3.8553e-05, Jf=3.8553e-05, Jcp =3.1240e-10, |dJ|=1.8758e-08, |dJcp|=3.5350e-11
Iteration 1760: J=3.8433e-05, Jf=3.8433e-05, Jcp =2.8358e-10, |dJ|=2.0321e-07, |dJcp|=3.3679e-11
Iteration 1765: J=3.6192e-05, Jf=3.6192e-05, Jcp =9.2217e-11, |dJ|=6.8269e-07, |dJcp|=1.9206e-11
Iteration 1770: J=1.9478e-02, Jf=3.3906e-05, Jcp =1.9444e-02, |dJ|=7.8012e-07, |dJcp|=2.7889e-07
Iteration 1775: J=3.4852e-05, Jf=3.4852e-05, Jcp =5.0057e-11, |dJ|=5.5550e-07, |dJcp|=1.4150e-11
Iteration 1780: J=1.4122e-03, Jf=3.4153e-05, Jcp =1.3781e-03, |dJ|=4.9362e-07, |dJcp|=7.4245e-08
Iteration 1785: J=3.4851e-05, Jf=3.4851e-05, Jcp =5.0013e-11, |dJ|=5.5534e-07, |dJcp|=1.4144e-11
Iteration 1790: J=3.8998e-05, Jf=3.4749e-05, Jcp =4.2489e-06, |dJ|=5.4653e-07, |dJcp|=4.1226e-09
Iteration 1795: J=3.4947e-05, Jf=3.4946e-05, Jcp =5.2316e-11, |dJ|=5.6344e-07, |dJcp|=1.4466e-11
Iteration 1800: J=3.4919e-05, Jf=3.4919e-05, Jcp =5.2316e-11, |dJ|=5.4578e-07, |dJcp|=1.4466e-11
Iteration 1805: J=3.3741e-05, Jf=3.3741e-05, Jcp =5.2312e-11, |dJ|=5.8695e-08, |dJcp|=1.4465e-11
Iteration 1810: J=3.3739e-05, Jf=3.3739e-05, Jcp =5.2311e-11, |dJ|=1.3786e-11, |dJcp|=1.4465e-11
Iteration 1815: J=3.3739e-05, Jf=3.3739e-05, Jcp =5.1888e-11, |dJ|=5.2003e-10, |dJcp|=1.4407e-11
Iteration 1820: J=3.3739e-05, Jf=3.3739e-05, Jcp =1.8037e-11, |dJ|=4.3536e-09, |dJcp|=8.4939e-12
Iteration 1825: J=3.3739e-05, Jf=3.3739e-05, Jcp =0.0000e+00, |dJ|=3.6393e-10, |dJcp|=0.0000e+00
Iteration 1830: J=3.3739e-05, Jf=3.3739e-05, Jcp =0.0000e+00, |dJ|=1.3052e-08, |dJcp|=0.0000e+00
Iteration 1835: J=3.3726e-05, Jf=3.3726e-05, Jcp =0.0000e+00, |dJ|=1.2126e-07, |dJcp|=0.0000e+00
Iteration 1840: J=3.4562e-05, Jf=3.3718e-05, Jcp =8.4352e-07, |dJ|=1.3008e-07, |dJcp|=1.8369e-09
Iteration 1845: J=3.3722e-05, Jf=3.3722e-05, Jcp =0.0000e+00, |dJ|=1.2499e-07, |dJcp|=0.0000e+00
Iteration 1850: J=3.6034e-05, Jf=3.3715e-05, Jcp =2.3191e-06, |dJ|=1.2140e-07, |dJcp|=3.0457e-09
Iteration 1855: J=3.3721e-05, Jf=3.3721e-05, Jcp =0.0000e+00, |dJ|=1.2413e-07, |dJcp|=0.0000e+00
Iteration 1860: J=3.3720e-05, Jf=3.3720e-05, Jcp =0.0000e+00, |dJ|=1.2373e-07, |dJcp|=0.0000e+00
Iteration 1865: J=7.2694e-05, Jf=3.3702e-05, Jcp =3.8992e-05, |dJ|=9.6387e-08, |dJcp|=1.2489e-08
Iteration 1870: J=3.3720e-05, Jf=3.3720e-05, Jcp =0.0000e+00, |dJ|=1.2369e-07, |dJcp|=0.0000e+00
Iteration 1875: J=3.4292e-05, Jf=3.3717e-05, Jcp =5.7519e-07, |dJ|=1.2018e-07, |dJcp|=1.5168e-09
Iteration 1880: J=3.3720e-05, Jf=3.3720e-05, Jcp =0.0000e+00, |dJ|=1.2364e-07, |dJcp|=0.0000e+00
Iteration 1885: J=3.3720e-05, Jf=3.3720e-05, Jcp =0.0000e+00, |dJ|=1.2370e-07, |dJcp|=0.0000e+00
Iteration 1890: J=3.3715e-05, Jf=3.3715e-05, Jcp =0.0000e+00, |dJ|=9.2276e-08, |dJcp|=0.0000e+00
Iteration 1895: J=3.3709e-05, Jf=3.3709e-05, Jcp =0.0000e+00, |dJ|=1.7977e-09, |dJcp|=0.0000e+00
Iteration 1900: J=3.3709e-05, Jf=3.3709e-05, Jcp =0.0000e+00, |dJ|=7.6588e-12, |dJcp|=0.0000e+00
Iteration 1905: J=3.3709e-05, Jf=3.3709e-05, Jcp =0.0000e+00, |dJ|=1.9937e-10, |dJcp|=0.0000e+00
Iteration 1910: J=3.3709e-05, Jf=3.3709e-05, Jcp =0.0000e+00, |dJ|=2.3479e-09, |dJcp|=0.0000e+00
Iteration 1915: J=3.3709e-05, Jf=3.3708e-05, Jcp =1.4010e-09, |dJ|=2.6134e-08, |dJcp|=7.4861e-11
Iteration 1920: J=3.3708e-05, Jf=3.3708e-05, Jcp =1.6989e-10, |dJ|=2.5276e-11, |dJcp|=2.6068e-11
Iteration 1925: J=3.3708e-05, Jf=3.3708e-05, Jcp =1.6954e-10, |dJ|=7.0866e-10, |dJcp|=2.6042e-11
Iteration 1930: J=3.3708e-05, Jf=3.3708e-05, Jcp =1.6576e-10, |dJ|=8.5034e-09, |dJcp|=2.5750e-11
Iteration 1935: J=3.3684e-05, Jf=3.3684e-05, Jcp =1.2587e-10, |dJ|=9.3779e-08, |dJcp|=2.2438e-11
Iteration 1940: J=3.3311e-05, Jf=3.3311e-05, Jcp =2.7157e-11, |dJ|=3.6304e-07, |dJcp|=1.0423e-11
Iteration 1945: J=2.9011e-04, Jf=3.3126e-05, Jcp =2.5698e-04, |dJ|=4.1021e-07, |dJcp|=3.2061e-08
Iteration 1950: J=3.3289e-05, Jf=3.3289e-05, Jcp =2.5717e-11, |dJ|=3.6821e-07, |dJcp|=1.0142e-11
Iteration 1955: J=3.3262e-05, Jf=3.3262e-05, Jcp =2.8895e-10, |dJ|=3.7456e-07, |dJcp|=3.3997e-11
Iteration 1960: J=3.2932e-05, Jf=3.2932e-05, Jcp =0.0000e+00, |dJ|=8.0862e-08, |dJcp|=0.0000e+00
Iteration 1965: J=3.2880e-05, Jf=3.2880e-05, Jcp =0.0000e+00, |dJ|=2.1516e-08, |dJcp|=0.0000e+00
Iteration 1970: J=5.3628e-05, Jf=3.2812e-05, Jcp =2.0816e-05, |dJ|=6.6801e-08, |dJcp|=9.1249e-09
Iteration 1975: J=3.2875e-05, Jf=3.2875e-05, Jcp =0.0000e+00, |dJ|=2.4278e-08, |dJcp|=0.0000e+00
Iteration 1980: J=3.2875e-05, Jf=3.2864e-05, Jcp =1.0609e-08, |dJ|=3.0909e-08, |dJcp|=2.0600e-10
Iteration 1985: J=3.2880e-05, Jf=3.2880e-05, Jcp =0.0000e+00, |dJ|=2.1456e-08, |dJcp|=0.0000e+00
Iteration 1990: J=3.2880e-05, Jf=3.2880e-05, Jcp =0.0000e+00, |dJ|=2.1392e-08, |dJcp|=0.0000e+00
Iteration 1995: J=3.2879e-05, Jf=3.2879e-05, Jcp =0.0000e+00, |dJ|=1.2295e-08, |dJcp|=0.0000e+00
Iteration 2000: J=3.2878e-05, Jf=3.2878e-05, Jcp =0.0000e+00, |dJ|=7.3934e-12, |dJcp|=0.0000e+00
Iteration 2005: J=3.2878e-05, Jf=3.2878e-05, Jcp =0.0000e+00, |dJ|=7.1437e-11, |dJcp|=0.0000e+00
Iteration 2010: J=3.2878e-05, Jf=3.2878e-05, Jcp =0.0000e+00, |dJ|=9.0345e-10, |dJcp|=0.0000e+00
Iteration 2015: J=3.2878e-05, Jf=3.2878e-05, Jcp =5.6232e-13, |dJ|=1.0136e-08, |dJcp|=1.4998e-12
Iteration 2020: J=3.2878e-05, Jf=3.2878e-05, Jcp =1.1208e-10, |dJ|=2.3309e-11, |dJcp|=2.1174e-11
Iteration 2025: J=3.2878e-05, Jf=3.2878e-05, Jcp =1.4887e-10, |dJ|=1.6968e-09, |dJcp|=2.4402e-11
Iteration 2030: J=3.2877e-05, Jf=3.2876e-05, Jcp =1.2507e-09, |dJ|=2.6500e-08, |dJcp|=7.0729e-11
Iteration 2035: J=3.2873e-05, Jf=3.2869e-05, Jcp =3.5423e-09, |dJ|=5.2364e-08, |dJcp|=1.1904e-10
Iteration 2040: J=3.3038e-05, Jf=3.2861e-05, Jcp =1.7739e-07, |dJ|=7.0604e-08, |dJcp|=8.4234e-10
Iteration 2045: J=3.2871e-05, Jf=3.2866e-05, Jcp =4.2949e-09, |dJ|=5.8805e-08, |dJcp|=1.3107e-10
Iteration 2050: J=6.3091e-05, Jf=3.2806e-05, Jcp =3.0285e-05, |dJ|=1.6504e-07, |dJcp|=1.1006e-08
Iteration 2055: J=3.2863e-05, Jf=3.2863e-05, Jcp =4.9134e-11, |dJ|=9.5418e-10, |dJcp|=1.4019e-11
Iteration 2060: J=3.2863e-05, Jf=3.2863e-05, Jcp =5.1348e-11, |dJ|=7.7543e-11, |dJcp|=1.4332e-11
Iteration 2065: J=3.2863e-05, Jf=3.2863e-05, Jcp =6.3152e-11, |dJ|=1.5232e-09, |dJcp|=1.5894e-11
Iteration 2070: J=3.2862e-05, Jf=3.2862e-05, Jcp =4.3568e-10, |dJ|=1.7587e-08, |dJcp|=4.1746e-11
Iteration 2075: J=3.2797e-05, Jf=3.2764e-05, Jcp =3.3439e-08, |dJ|=1.9347e-07, |dJcp|=3.6573e-10
Iteration 2080: J=3.2682e-05, Jf=3.2596e-05, Jcp =8.6470e-08, |dJ|=3.1407e-07, |dJcp|=5.8812e-10
Iteration 2085: J=3.3458e-05, Jf=3.2500e-05, Jcp =9.5763e-07, |dJ|=3.5473e-07, |dJcp|=1.9572e-09
Iteration 2090: J=3.2618e-05, Jf=3.2511e-05, Jcp =1.0715e-07, |dJ|=3.5004e-07, |dJcp|=6.5468e-10
Iteration 2095: J=3.2421e-05, Jf=3.2421e-05, Jcp =3.9823e-10, |dJ|=1.9630e-08, |dJcp|=3.9911e-11
Iteration 2100: J=3.6663e-05, Jf=3.2373e-05, Jcp =4.2898e-06, |dJ|=3.6700e-08, |dJcp|=4.1424e-09
Iteration 2105: J=3.2409e-05, Jf=3.2409e-05, Jcp =5.7299e-11, |dJ|=6.2722e-09, |dJcp|=1.5139e-11
Iteration 2110: J=5.2952e-04, Jf=3.2124e-05, Jcp =4.9740e-04, |dJ|=2.4794e-07, |dJcp|=4.4605e-08
Iteration 2115: J=3.2404e-05, Jf=3.2404e-05, Jcp =5.0041e-12, |dJ|=5.2961e-10, |dJcp|=4.4740e-12
Iteration 2120: J=4.0068e-05, Jf=3.2362e-05, Jcp =7.7060e-06, |dJ|=3.0321e-08, |dJcp|=5.5520e-09
Iteration 2125: J=3.2403e-05, Jf=3.2403e-05, Jcp =6.1425e-11, |dJ|=1.8783e-10, |dJcp|=1.5675e-11
Iteration 2130: J=3.2403e-05, Jf=3.2403e-05, Jcp =5.7625e-11, |dJ|=1.1405e-09, |dJcp|=1.5182e-11
Iteration 2135: J=3.2402e-05, Jf=3.2401e-05, Jcp =4.7920e-11, |dJ|=3.9755e-08, |dJcp|=1.3845e-11
Iteration 2140: J=4.1150e-05, Jf=3.2187e-05, Jcp =8.9630e-06, |dJ|=4.2150e-07, |dJcp|=5.9877e-09
Iteration 2145: J=3.2266e-05, Jf=3.2266e-05, Jcp =4.4626e-12, |dJ|=3.2487e-07, |dJcp|=4.2250e-12
Iteration 2150: J=4.3610e-05, Jf=3.2152e-05, Jcp =1.1457e-05, |dJ|=3.8189e-07, |dJcp|=6.7697e-09
Iteration 2155: J=3.2183e-05, Jf=3.2183e-05, Jcp =1.6778e-12, |dJ|=3.6539e-07, |dJcp|=2.5906e-12
Iteration 2160: J=1.5978e-03, Jf=3.1969e-05, Jcp =1.5658e-03, |dJ|=4.3052e-07, |dJcp|=7.9141e-08
Iteration 2165: J=3.2183e-05, Jf=3.2183e-05, Jcp =1.6761e-12, |dJ|=3.6541e-07, |dJcp|=2.5893e-12
Iteration 2170: J=3.7760e-05, Jf=3.2152e-05, Jcp =5.6078e-06, |dJ|=3.7292e-07, |dJcp|=4.7362e-09
Iteration 2175: J=3.2183e-05, Jf=3.2183e-05, Jcp =1.6780e-12, |dJ|=3.6538e-07, |dJcp|=2.5908e-12
Iteration 2180: J=3.2182e-05, Jf=3.2182e-05, Jcp =1.6780e-12, |dJ|=3.6396e-07, |dJcp|=2.5908e-12
Iteration 2185: J=3.2070e-05, Jf=3.2070e-05, Jcp =1.6780e-12, |dJ|=7.5107e-08, |dJcp|=2.5908e-12
Iteration 2190: J=3.2046e-05, Jf=3.2046e-05, Jcp =1.6780e-12, |dJ|=4.6806e-10, |dJcp|=2.5907e-12
Iteration 2195: J=3.2046e-05, Jf=3.2046e-05, Jcp =1.6776e-12, |dJ|=3.8681e-11, |dJcp|=2.5905e-12
Iteration 2200: J=3.2046e-05, Jf=3.2046e-05, Jcp =1.6027e-12, |dJ|=7.8827e-10, |dJcp|=2.5319e-12
Iteration 2205: J=3.2046e-05, Jf=3.2046e-05, Jcp =0.0000e+00, |dJ|=7.7098e-09, |dJcp|=0.0000e+00
Iteration 2210: J=3.2039e-05, Jf=3.2039e-05, Jcp =0.0000e+00, |dJ|=1.0797e-07, |dJcp|=0.0000e+00
Iteration 2215: J=3.2026e-05, Jf=3.2026e-05, Jcp =0.0000e+00, |dJ|=1.7540e-07, |dJcp|=0.0000e+00
Iteration 2220: J=3.2063e-05, Jf=3.2017e-05, Jcp =4.5379e-08, |dJ|=2.0015e-07, |dJcp|=4.2605e-10
Iteration 2225: J=3.2020e-05, Jf=3.2020e-05, Jcp =0.0000e+00, |dJ|=1.9282e-07, |dJcp|=0.0000e+00
Iteration 2230: J=3.1995e-05, Jf=3.1995e-05, Jcp =0.0000e+00, |dJ|=1.2898e-09, |dJcp|=0.0000e+00
Iteration 2235: J=3.1995e-05, Jf=3.1995e-05, Jcp =6.2332e-11, |dJ|=1.6858e-11, |dJcp|=1.5790e-11
Iteration 2240: J=3.1995e-05, Jf=3.1995e-05, Jcp =4.8340e-11, |dJ|=3.0528e-10, |dJcp|=1.3905e-11
Iteration 2245: J=3.1995e-05, Jf=3.1995e-05, Jcp =0.0000e+00, |dJ|=3.7866e-09, |dJcp|=0.0000e+00
Iteration 2250: J=2.7072e-04, Jf=3.1841e-05, Jcp =2.3888e-04, |dJ|=2.0652e-07, |dJcp|=3.0912e-08
Iteration 2255: J=3.1934e-05, Jf=3.1934e-05, Jcp =0.0000e+00, |dJ|=1.2198e-07, |dJcp|=0.0000e+00
Iteration 2260: J=3.2719e-05, Jf=3.1919e-05, Jcp =8.0003e-07, |dJ|=1.3272e-07, |dJcp|=1.7889e-09
Iteration 2265: J=3.1927e-05, Jf=3.1927e-05, Jcp =0.0000e+00, |dJ|=1.2739e-07, |dJcp|=0.0000e+00
Iteration 2270: J=3.1908e-05, Jf=3.1908e-05, Jcp =0.0000e+00, |dJ|=8.9615e-08, |dJcp|=0.0000e+00
Iteration 2275: J=3.2405e-05, Jf=3.1868e-05, Jcp =5.3658e-07, |dJ|=2.0808e-08, |dJcp|=1.4650e-09
Iteration 2280: J=3.1875e-05, Jf=3.1875e-05, Jcp =0.0000e+00, |dJ|=4.7424e-09, |dJcp|=0.0000e+00
Iteration 2285: J=3.1876e-05, Jf=3.1874e-05, Jcp =1.8195e-09, |dJ|=7.2062e-09, |dJcp|=8.5311e-11
Iteration 2290: J=3.1874e-05, Jf=3.1874e-05, Jcp =3.2346e-11, |dJ|=6.3476e-09, |dJcp|=1.1375e-11
Iteration 2295: J=3.1874e-05, Jf=3.1874e-05, Jcp =2.5870e-11, |dJ|=2.3388e-09, |dJcp|=1.0173e-11
Iteration 2300: J=5.1441e-05, Jf=3.1868e-05, Jcp =1.9574e-05, |dJ|=4.2135e-08, |dJcp|=8.8485e-09
Iteration 2305: J=3.1871e-05, Jf=3.1871e-05, Jcp =1.1148e-11, |dJ|=2.5887e-08, |dJcp|=6.6777e-12
Iteration 2310: J=3.1875e-05, Jf=3.1871e-05, Jcp =4.7523e-09, |dJ|=2.8303e-08, |dJcp|=1.3787e-10
Iteration 2315: J=1.7941e-04, Jf=3.1861e-05, Jcp =1.4754e-04, |dJ|=5.8262e-08, |dJcp|=2.4294e-08
Iteration 2320: J=3.1871e-05, Jf=3.1871e-05, Jcp =1.0098e-11, |dJ|=2.8054e-08, |dJcp|=6.3554e-12
Iteration 2325: J=3.1945e-05, Jf=3.1870e-05, Jcp =7.4780e-08, |dJ|=2.8647e-08, |dJcp|=5.4692e-10
Iteration 2330: J=3.1871e-05, Jf=3.1871e-05, Jcp =1.0095e-11, |dJ|=2.8060e-08, |dJcp|=6.3545e-12
Iteration 2335: J=3.1871e-05, Jf=3.1871e-05, Jcp =1.0100e-11, |dJ|=2.8049e-08, |dJcp|=6.3561e-12
Iteration 2340: J=3.1871e-05, Jf=3.1871e-05, Jcp =1.0100e-11, |dJ|=2.7822e-08, |dJcp|=6.3561e-12
Iteration 2345: J=3.1868e-05, Jf=3.1868e-05, Jcp =1.0100e-11, |dJ|=9.2854e-09, |dJcp|=6.3559e-12
Iteration 2350: J=3.1868e-05, Jf=3.1868e-05, Jcp =1.0099e-11, |dJ|=8.2910e-12, |dJcp|=6.3559e-12
Iteration 2355: J=3.1868e-05, Jf=3.1868e-05, Jcp =1.0019e-11, |dJ|=2.0435e-10, |dJcp|=6.3306e-12
Iteration 2360: J=3.1868e-05, Jf=3.1868e-05, Jcp =3.0615e-12, |dJ|=1.8723e-09, |dJcp|=3.4994e-12
Iteration 2365: J=3.1868e-05, Jf=3.1868e-05, Jcp =2.1329e-10, |dJ|=1.0069e-08, |dJcp|=2.9209e-11
Iteration 2370: J=3.1868e-05, Jf=3.1868e-05, Jcp =2.4526e-11, |dJ|=4.8957e-11, |dJcp|=9.9047e-12
Iteration 2375: J=3.1868e-05, Jf=3.1868e-05, Jcp =2.4386e-11, |dJ|=9.6890e-11, |dJcp|=9.8763e-12
Iteration 2380: J=3.1868e-05, Jf=3.1868e-05, Jcp =2.1380e-11, |dJ|=1.3321e-09, |dJcp|=9.2477e-12
Iteration 2385: J=3.1868e-05, Jf=3.1868e-05, Jcp =1.2917e-12, |dJ|=1.5041e-08, |dJcp|=2.2731e-12
Iteration 2390: J=3.1845e-05, Jf=3.1845e-05, Jcp =0.0000e+00, |dJ|=1.8271e-07, |dJcp|=0.0000e+00
Iteration 2395: J=3.3860e-05, Jf=3.1828e-05, Jcp =2.0323e-06, |dJ|=2.3214e-07, |dJcp|=2.8512e-09
Iteration 2400: J=3.1838e-05, Jf=3.1838e-05, Jcp =0.0000e+00, |dJ|=2.0351e-07, |dJcp|=0.0000e+00
Iteration 2405: J=3.1836e-05, Jf=3.1836e-05, Jcp =0.0000e+00, |dJ|=2.0784e-07, |dJcp|=0.0000e+00
Iteration 2410: J=7.3743e-05, Jf=3.1793e-05, Jcp =4.1950e-05, |dJ|=2.8174e-07, |dJcp|=1.2954e-08
Iteration 2415: J=3.1836e-05, Jf=3.1836e-05, Jcp =0.0000e+00, |dJ|=2.0805e-07, |dJcp|=0.0000e+00
Iteration 2420: J=3.2423e-05, Jf=3.1830e-05, Jcp =5.9266e-07, |dJ|=2.1726e-07, |dJcp|=1.5397e-09
Iteration 2425: J=3.1836e-05, Jf=3.1836e-05, Jcp =0.0000e+00, |dJ|=2.0780e-07, |dJcp|=0.0000e+00
Iteration 2430: J=3.1836e-05, Jf=3.1836e-05, Jcp =0.0000e+00, |dJ|=2.0691e-07, |dJcp|=0.0000e+00
Iteration 2435: J=3.1808e-05, Jf=3.1808e-05, Jcp =0.0000e+00, |dJ|=1.8147e-09, |dJcp|=0.0000e+00
Iteration 2440: J=3.1808e-05, Jf=3.1808e-05, Jcp =0.0000e+00, |dJ|=1.4827e-10, |dJcp|=0.0000e+00
Iteration 2445: J=3.1808e-05, Jf=3.1808e-05, Jcp =0.0000e+00, |dJ|=3.1539e-11, |dJcp|=0.0000e+00
Iteration 2450: J=3.1808e-05, Jf=3.1808e-05, Jcp =0.0000e+00, |dJ|=4.8987e-10, |dJcp|=0.0000e+00
Iteration 2455: J=3.1808e-05, Jf=3.1808e-05, Jcp =0.0000e+00, |dJ|=5.5684e-09, |dJcp|=0.0000e+00
Iteration 2460: J=3.1833e-05, Jf=3.1806e-05, Jcp =2.7310e-08, |dJ|=3.8141e-08, |dJcp|=3.3052e-10
Iteration 2465: J=3.1807e-05, Jf=3.1807e-05, Jcp =1.3738e-11, |dJ|=2.0027e-08, |dJcp|=7.4130e-12
Iteration 2470: J=3.1807e-05, Jf=3.1807e-05, Jcp =9.3203e-11, |dJ|=1.8544e-11, |dJcp|=1.9308e-11
Iteration 2475: J=3.1807e-05, Jf=3.1807e-05, Jcp =9.3185e-11, |dJ|=3.4837e-10, |dJcp|=1.9306e-11
Iteration 2480: J=3.1807e-05, Jf=3.1807e-05, Jcp =9.2986e-11, |dJ|=4.2443e-09, |dJcp|=1.9286e-11
Iteration 2485: J=3.1946e-05, Jf=3.1800e-05, Jcp =1.4554e-07, |dJ|=4.7201e-08, |dJcp|=7.6300e-10
Iteration 2490: J=3.1804e-05, Jf=3.1804e-05, Jcp =9.1510e-11, |dJ|=3.1629e-08, |dJcp|=1.9132e-11
Iteration 2495: J=3.1804e-05, Jf=3.1803e-05, Jcp =6.5143e-10, |dJ|=3.4028e-08, |dJcp|=5.1046e-11
Iteration 2500: J=3.1800e-05, Jf=3.1800e-05, Jcp =6.6817e-11, |dJ|=2.9463e-10, |dJcp|=1.6348e-11
Iteration 2505: J=3.1800e-05, Jf=3.1800e-05, Jcp =7.9770e-11, |dJ|=1.6608e-09, |dJcp|=1.7863e-11
Iteration 2510: J=3.1800e-05, Jf=3.1800e-05, Jcp =4.4195e-11, |dJ|=4.3893e-09, |dJcp|=1.3296e-11
Iteration 2515: J=3.1789e-05, Jf=3.1789e-05, Jcp =0.0000e+00, |dJ|=5.8140e-08, |dJcp|=0.0000e+00
Iteration 2520: J=3.1748e-05, Jf=3.1748e-05, Jcp =0.0000e+00, |dJ|=1.2083e-07, |dJcp|=0.0000e+00
Iteration 2525: J=1.1655e-04, Jf=3.1671e-05, Jcp =8.4881e-05, |dJ|=1.7931e-07, |dJcp|=1.8426e-08
Iteration 2530: J=3.1744e-05, Jf=3.1744e-05, Jcp =0.0000e+00, |dJ|=1.2380e-07, |dJcp|=0.0000e+00
Iteration 2535: J=3.1757e-05, Jf=3.1731e-05, Jcp =2.5800e-08, |dJ|=1.3238e-07, |dJcp|=3.2125e-10
Iteration 2540: J=1.6586e-03, Jf=3.1471e-05, Jcp =1.6271e-03, |dJ|=2.9698e-07, |dJcp|=8.0674e-08
Iteration 2545: J=3.1681e-05, Jf=3.1681e-05, Jcp =0.0000e+00, |dJ|=8.0895e-09, |dJcp|=0.0000e+00
Iteration 2550: J=3.1683e-05, Jf=3.1681e-05, Jcp =2.6834e-09, |dJ|=1.8321e-08, |dJcp|=1.0360e-10
Iteration 2555: J=3.1681e-05, Jf=3.1681e-05, Jcp =3.2660e-11, |dJ|=3.4770e-10, |dJcp|=1.1430e-11
Iteration 2560: J=3.1681e-05, Jf=3.1681e-05, Jcp =3.1597e-10, |dJ|=5.6055e-09, |dJcp|=3.5551e-11
Iteration 2565: J=3.1681e-05, Jf=3.1681e-05, Jcp =3.6464e-11, |dJ|=3.0801e-09, |dJcp|=1.2077e-11
Iteration 2570: J=3.1681e-05, Jf=3.1681e-05, Jcp =2.9206e-11, |dJ|=1.2592e-08, |dJcp|=1.0809e-11
Iteration 2575: J=3.2366e-05, Jf=3.1680e-05, Jcp =6.8670e-07, |dJ|=3.7467e-08, |dJcp|=1.6573e-09
Iteration 2580: J=3.1681e-05, Jf=3.1681e-05, Jcp =2.7781e-11, |dJ|=1.6200e-08, |dJcp|=1.0542e-11
Iteration 2585: J=3.1684e-05, Jf=3.1680e-05, Jcp =3.4472e-09, |dJ|=1.8920e-08, |dJcp|=1.1743e-10
Iteration 2590: J=3.1681e-05, Jf=3.1680e-05, Jcp =2.7351e-11, |dJ|=1.7306e-08, |dJcp|=1.0460e-11
Iteration 2595: J=3.6007e-05, Jf=3.1679e-05, Jcp =4.3286e-06, |dJ|=5.5142e-08, |dJcp|=4.1611e-09
Iteration 2600: J=3.1681e-05, Jf=3.1680e-05, Jcp =2.7279e-11, |dJ|=1.7491e-08, |dJcp|=1.0446e-11
Iteration 2605: J=3.1680e-05, Jf=3.1680e-05, Jcp =3.3108e-11, |dJ|=6.7038e-10, |dJcp|=1.1508e-11
Iteration 2610: J=3.1680e-05, Jf=3.1680e-05, Jcp =3.3207e-11, |dJ|=6.9398e-11, |dJcp|=1.1525e-11
Iteration 2615: J=3.1680e-05, Jf=3.1680e-05, Jcp =3.5167e-11, |dJ|=6.2177e-10, |dJcp|=1.1860e-11
Iteration 2620: J=3.1680e-05, Jf=3.1680e-05, Jcp =1.7702e-10, |dJ|=1.2510e-08, |dJcp|=2.6610e-11
Iteration 2625: J=3.1618e-05, Jf=3.1606e-05, Jcp =1.2098e-08, |dJ|=1.4164e-07, |dJcp|=2.1998e-10
Iteration 2630: J=3.1445e-05, Jf=3.1408e-05, Jcp =3.7322e-08, |dJ|=2.5315e-07, |dJcp|=3.8638e-10
Iteration 2635: J=5.6308e-05, Jf=3.1309e-05, Jcp =2.4999e-05, |dJ|=2.7384e-07, |dJcp|=9.9999e-09
Iteration 2640: J=3.1396e-05, Jf=3.1356e-05, Jcp =4.0382e-08, |dJ|=2.6382e-07, |dJcp|=4.0191e-10
Iteration 2645: J=3.1385e-05, Jf=3.1343e-05, Jcp =4.1116e-08, |dJ|=2.6632e-07, |dJcp|=4.0554e-10
Iteration 2650: J=8.6242e-05, Jf=3.1289e-05, Jcp =5.4953e-05, |dJ|=2.7320e-07, |dJcp|=1.4826e-08
Iteration 2655: J=3.1384e-05, Jf=3.1343e-05, Jcp =4.1123e-08, |dJ|=2.6634e-07, |dJcp|=4.0557e-10
Iteration 2660: J=3.1488e-05, Jf=3.1335e-05, Jcp =1.5232e-07, |dJ|=2.6727e-07, |dJcp|=7.8056e-10
Iteration 2665: J=3.1385e-05, Jf=3.1343e-05, Jcp =4.1115e-08, |dJ|=2.6630e-07, |dJcp|=4.0554e-10
Iteration 2670: J=3.1379e-05, Jf=3.1337e-05, Jcp =4.1115e-08, |dJ|=2.5533e-07, |dJcp|=4.0554e-10
Iteration 2675: J=3.1211e-05, Jf=3.1170e-05, Jcp =4.1112e-08, |dJ|=8.2775e-08, |dJcp|=4.0552e-10
Iteration 2680: J=3.1206e-05, Jf=3.1165e-05, Jcp =4.1088e-08, |dJ|=2.3837e-09, |dJcp|=4.0540e-10
Iteration 2685: J=3.1203e-05, Jf=3.1168e-05, Jcp =3.4192e-08, |dJ|=3.9566e-08, |dJcp|=3.6982e-10
Iteration 2690: J=3.1166e-05, Jf=3.1166e-05, Jcp =0.0000e+00, |dJ|=6.0872e-09, |dJcp|=0.0000e+00
Iteration 2695: J=3.1166e-05, Jf=3.1166e-05, Jcp =2.1742e-13, |dJ|=2.2992e-09, |dJcp|=9.3257e-13
Iteration 2700: J=3.1166e-05, Jf=3.1166e-05, Jcp =1.7335e-12, |dJ|=9.1754e-12, |dJcp|=2.6332e-12
Iteration 2705: J=3.1166e-05, Jf=3.1166e-05, Jcp =1.1854e-12, |dJ|=1.5034e-10, |dJcp|=2.1775e-12
Iteration 2710: J=3.1166e-05, Jf=3.1166e-05, Jcp =0.0000e+00, |dJ|=3.0632e-09, |dJcp|=0.0000e+00
Iteration 2715: J=3.1163e-05, Jf=3.1163e-05, Jcp =0.0000e+00, |dJ|=3.9669e-08, |dJcp|=0.0000e+00
Iteration 2720: J=3.1164e-05, Jf=3.1161e-05, Jcp =2.6688e-09, |dJ|=4.9806e-08, |dJcp|=1.0332e-10
Iteration 2725: J=3.1162e-05, Jf=3.1162e-05, Jcp =0.0000e+00, |dJ|=4.6797e-08, |dJcp|=0.0000e+00
Iteration 2730: J=3.1487e-05, Jf=3.1159e-05, Jcp =3.2862e-07, |dJ|=5.9104e-08, |dJcp|=1.1465e-09
Iteration 2735: J=3.1162e-05, Jf=3.1162e-05, Jcp =0.0000e+00, |dJ|=4.7139e-08, |dJcp|=0.0000e+00
Iteration 2740: J=3.1164e-05, Jf=3.1161e-05, Jcp =2.3682e-09, |dJ|=4.8725e-08, |dJcp|=9.7329e-11
Iteration 2745: J=3.1162e-05, Jf=3.1162e-05, Jcp =0.0000e+00, |dJ|=4.6683e-08, |dJcp|=0.0000e+00
Iteration 2750: J=3.1162e-05, Jf=3.1162e-05, Jcp =0.0000e+00, |dJ|=4.3785e-08, |dJcp|=0.0000e+00
Iteration 2755: J=3.1160e-05, Jf=3.1160e-05, Jcp =0.0000e+00, |dJ|=1.4455e-08, |dJcp|=0.0000e+00
Iteration 2760: J=3.1160e-05, Jf=3.1160e-05, Jcp =0.0000e+00, |dJ|=5.4349e-12, |dJcp|=0.0000e+00
Iteration 2765: J=3.1160e-05, Jf=3.1160e-05, Jcp =0.0000e+00, |dJ|=9.9144e-11, |dJcp|=0.0000e+00
Iteration 2770: J=3.1160e-05, Jf=3.1160e-05, Jcp =0.0000e+00, |dJ|=1.2102e-09, |dJcp|=0.0000e+00
Iteration 2775: J=3.1159e-05, Jf=3.1159e-05, Jcp =0.0000e+00, |dJ|=1.3534e-08, |dJcp|=0.0000e+00
Iteration 2780: J=3.1159e-05, Jf=3.1159e-05, Jcp =1.1842e-11, |dJ|=2.7795e-08, |dJcp|=6.8824e-12
Iteration 2785: J=3.1159e-05, Jf=3.1158e-05, Jcp =7.9210e-11, |dJ|=1.7145e-11, |dJcp|=1.7800e-11
Iteration 2790: J=3.1158e-05, Jf=3.1158e-05, Jcp =1.3576e-13, |dJ|=1.0889e-09, |dJcp|=7.3690e-13
Iteration 2795: J=3.2350e-05, Jf=3.1141e-05, Jcp =1.2095e-06, |dJ|=4.3867e-08, |dJcp|=2.1995e-09
Iteration 2800: J=3.1153e-05, Jf=3.1153e-05, Jcp =0.0000e+00, |dJ|=1.9145e-08, |dJcp|=0.0000e+00
Iteration 2805: J=3.1152e-05, Jf=3.1151e-05, Jcp =1.2089e-09, |dJ|=2.3047e-08, |dJcp|=6.9539e-11
Iteration 2810: J=3.1151e-05, Jf=3.1151e-05, Jcp =0.0000e+00, |dJ|=2.2289e-08, |dJcp|=0.0000e+00
Iteration 2815: J=3.1150e-05, Jf=3.1150e-05, Jcp =3.0989e-11, |dJ|=1.0237e-08, |dJcp|=1.1134e-11
Iteration 2820: J=3.1150e-05, Jf=3.1150e-05, Jcp =3.9954e-11, |dJ|=3.8039e-09, |dJcp|=1.2642e-11
Iteration 2825: J=3.1150e-05, Jf=3.1150e-05, Jcp =4.3922e-11, |dJ|=8.0257e-09, |dJcp|=1.3255e-11
Iteration 2830: J=3.1150e-05, Jf=3.1150e-05, Jcp =6.5973e-11, |dJ|=9.2245e-09, |dJcp|=1.6245e-11
Iteration 2835: J=3.1150e-05, Jf=3.1150e-05, Jcp =4.4864e-11, |dJ|=8.9996e-09, |dJcp|=1.3396e-11
Iteration 2840: J=3.1160e-05, Jf=3.1150e-05, Jcp =1.0359e-08, |dJ|=1.1427e-08, |dJcp|=2.0355e-10
Iteration 2845: J=3.1150e-05, Jf=3.1150e-05, Jcp =3.9467e-11, |dJ|=1.9685e-11, |dJcp|=1.2565e-11
Iteration 2850: J=3.1150e-05, Jf=3.1150e-05, Jcp =3.8047e-11, |dJ|=2.0370e-10, |dJcp|=1.2336e-11
Iteration 2855: J=3.1150e-05, Jf=3.1150e-05, Jcp =2.4046e-11, |dJ|=2.6813e-09, |dJcp|=9.8074e-12
Iteration 2860: J=3.1148e-05, Jf=3.1148e-05, Jcp =2.5447e-11, |dJ|=3.5008e-08, |dJcp|=1.0089e-11
Iteration 2865: J=3.1143e-05, Jf=3.1143e-05, Jcp =8.7964e-11, |dJ|=7.0805e-08, |dJcp|=1.8758e-11
Iteration 2870: J=3.1498e-05, Jf=3.1134e-05, Jcp =3.6415e-07, |dJ|=9.7339e-08, |dJcp|=1.2069e-09
Iteration 2875: J=3.1139e-05, Jf=3.1139e-05, Jcp =1.1037e-10, |dJ|=8.0089e-08, |dJcp|=2.1012e-11
Iteration 2880: J=9.8246e-05, Jf=3.1086e-05, Jcp =6.7161e-05, |dJ|=2.3512e-07, |dJcp|=1.6390e-08
Iteration 2885: J=3.1139e-05, Jf=3.1139e-05, Jcp =1.1569e-10, |dJ|=8.2150e-08, |dJcp|=2.1512e-11
Iteration 2890: J=3.2168e-05, Jf=3.1129e-05, Jcp =1.0394e-06, |dJ|=1.0112e-07, |dJcp|=2.0390e-09
Iteration 2895: J=3.1131e-05, Jf=3.1131e-05, Jcp =9.9072e-13, |dJ|=1.4540e-09, |dJcp|=1.9907e-12
Iteration 2900: J=3.1131e-05, Jf=3.1131e-05, Jcp =4.7361e-11, |dJ|=4.5666e-10, |dJcp|=1.3764e-11
Iteration 2905: J=3.1131e-05, Jf=3.1131e-05, Jcp =4.7185e-11, |dJ|=6.2572e-09, |dJcp|=1.3738e-11
Iteration 2910: J=3.1397e-05, Jf=3.1130e-05, Jcp =2.6673e-07, |dJ|=1.3570e-08, |dJcp|=1.0329e-09
Iteration 2915: J=3.1131e-05, Jf=3.1131e-05, Jcp =4.8814e-11, |dJ|=6.9426e-09, |dJcp|=1.3973e-11
Iteration 2920: J=3.1132e-05, Jf=3.1130e-05, Jcp =1.0255e-09, |dJ|=7.8365e-09, |dJcp|=6.4048e-11
Iteration 2925: J=3.1131e-05, Jf=3.1131e-05, Jcp =5.0192e-11, |dJ|=7.4411e-09, |dJcp|=1.4169e-11
Iteration 2930: J=3.1130e-05, Jf=3.1130e-05, Jcp =4.4217e-11, |dJ|=5.3667e-09, |dJcp|=1.3299e-11
Iteration 2935: J=3.1128e-05, Jf=3.1128e-05, Jcp =1.4350e-10, |dJ|=2.2751e-08, |dJcp|=2.3958e-11
Iteration 2940: J=3.0799e-05, Jf=3.0792e-05, Jcp =6.5126e-09, |dJ|=3.2446e-07, |dJcp|=1.6140e-10
Iteration 2945: J=1.1120e-03, Jf=3.0552e-05, Jcp =1.0814e-03, |dJ|=4.0059e-07, |dJcp|=6.5771e-08
Iteration 2950: J=3.0768e-05, Jf=3.0762e-05, Jcp =6.8233e-09, |dJ|=3.3258e-07, |dJcp|=1.6521e-10
Iteration 2955: J=3.0734e-05, Jf=3.0727e-05, Jcp =7.1945e-09, |dJ|=3.4208e-07, |dJcp|=1.6964e-10
Iteration 2960: J=7.1627e-04, Jf=3.0550e-05, Jcp =6.8572e-04, |dJ|=3.6993e-07, |dJcp|=5.2372e-08
Iteration 2965: J=3.0734e-05, Jf=3.0727e-05, Jcp =7.1952e-09, |dJ|=3.4210e-07, |dJcp|=1.6965e-10
Iteration 2970: J=4.1284e-05, Jf=3.0704e-05, Jcp =1.0580e-05, |dJ|=3.4515e-07, |dJcp|=6.5054e-09
Iteration 2975: J=3.0734e-05, Jf=3.0727e-05, Jcp =7.1958e-09, |dJ|=3.4211e-07, |dJcp|=1.6966e-10
Iteration 2980: J=3.0734e-05, Jf=3.0727e-05, Jcp =7.1945e-09, |dJ|=3.4202e-07, |dJcp|=1.6964e-10
Iteration 2985: J=3.0697e-05, Jf=3.0690e-05, Jcp =7.1945e-09, |dJ|=2.8333e-07, |dJcp|=1.6964e-10
Iteration 2990: J=3.0416e-05, Jf=3.0409e-05, Jcp =7.1941e-09, |dJ|=2.3568e-09, |dJcp|=1.6964e-10
Iteration 2995: J=3.0416e-05, Jf=3.0409e-05, Jcp =7.1903e-09, |dJ|=1.1253e-09, |dJcp|=1.6959e-10
Iteration 3000: J=3.0416e-05, Jf=3.0410e-05, Jcp =6.5646e-09, |dJ|=1.6879e-08, |dJcp|=1.6204e-10
Iteration 3005: J=3.0410e-05, Jf=3.0410e-05, Jcp =8.1459e-13, |dJ|=2.7430e-08, |dJcp|=1.8051e-12
Iteration 3010: J=3.0409e-05, Jf=3.0409e-05, Jcp =8.0782e-12, |dJ|=1.0849e-09, |dJcp|=5.6844e-12
Iteration 3015: J=3.0409e-05, Jf=3.0409e-05, Jcp =1.6018e-12, |dJ|=7.7136e-12, |dJcp|=2.5312e-12
Iteration 3020: J=3.0409e-05, Jf=3.0409e-05, Jcp =1.6035e-12, |dJ|=3.0747e-10, |dJcp|=2.5326e-12
Iteration 3025: J=3.0409e-05, Jf=3.0409e-05, Jcp =1.6251e-12, |dJ|=3.6691e-09, |dJcp|=2.5495e-12
Iteration 3030: J=3.0409e-05, Jf=3.0409e-05, Jcp =1.7582e-12, |dJ|=1.8602e-08, |dJcp|=2.6519e-12
Iteration 3035: J=3.0411e-05, Jf=3.0409e-05, Jcp =2.1151e-09, |dJ|=2.9308e-08, |dJcp|=9.1980e-11
Iteration 3040: J=3.0409e-05, Jf=3.0409e-05, Jcp =4.3078e-11, |dJ|=1.5477e-11, |dJcp|=1.3127e-11
Iteration 3045: J=3.0409e-05, Jf=3.0409e-05, Jcp =4.3074e-11, |dJ|=1.2810e-10, |dJcp|=1.3126e-11
Iteration 3050: J=3.0409e-05, Jf=3.0409e-05, Jcp =4.3016e-11, |dJ|=1.7052e-09, |dJcp|=1.3117e-11
Iteration 3055: J=3.0408e-05, Jf=3.0408e-05, Jcp =4.1642e-11, |dJ|=1.9174e-08, |dJcp|=1.2906e-11
Iteration 3060: J=3.0327e-05, Jf=3.0327e-05, Jcp =3.5006e-11, |dJ|=2.0781e-07, |dJcp|=1.1833e-11
Iteration 3065: J=5.2882e-03, Jf=2.9884e-05, Jcp =5.2583e-03, |dJ|=5.2319e-07, |dJcp|=1.4503e-07
Iteration 3070: J=3.0270e-05, Jf=3.0270e-05, Jcp =3.3192e-11, |dJ|=2.5445e-07, |dJcp|=1.1523e-11
Iteration 3075: J=4.6507e-05, Jf=3.0201e-05, Jcp =1.6305e-05, |dJ|=2.8769e-07, |dJcp|=8.0760e-09
Iteration 3080: J=3.0235e-05, Jf=3.0235e-05, Jcp =3.2460e-11, |dJ|=2.7117e-07, |dJcp|=1.1395e-11
Iteration 3085: J=3.0228e-05, Jf=3.0228e-05, Jcp =3.2316e-11, |dJ|=2.7450e-07, |dJcp|=1.1369e-11
Iteration 3090: J=1.0976e-03, Jf=3.0002e-05, Jcp =1.0676e-03, |dJ|=3.5631e-07, |dJcp|=6.5348e-08
Iteration 3095: J=3.0228e-05, Jf=3.0228e-05, Jcp =3.2313e-11, |dJ|=2.7454e-07, |dJcp|=1.1369e-11
Iteration 3100: J=4.6414e-05, Jf=3.0198e-05, Jcp =1.6217e-05, |dJ|=2.8415e-07, |dJcp|=8.0540e-09
Iteration 3105: J=3.0228e-05, Jf=3.0228e-05, Jcp =3.2316e-11, |dJ|=2.7446e-07, |dJcp|=1.1370e-11
Iteration 3110: J=3.0221e-05, Jf=3.0221e-05, Jcp =3.2316e-11, |dJ|=2.5823e-07, |dJcp|=1.1370e-11
Iteration 3115: J=3.0095e-05, Jf=3.0095e-05, Jcp =3.2314e-11, |dJ|=1.3114e-07, |dJcp|=1.1369e-11
Iteration 3120: J=3.0084e-05, Jf=3.0084e-05, Jcp =3.2314e-11, |dJ|=1.2807e-11, |dJcp|=1.1369e-11
Iteration 3125: J=3.0084e-05, Jf=3.0084e-05, Jcp =3.2056e-11, |dJ|=2.3194e-10, |dJcp|=1.1324e-11
Iteration 3130: J=3.0084e-05, Jf=3.0084e-05, Jcp =1.0543e-11, |dJ|=2.0270e-09, |dJcp|=6.4940e-12
Iteration 3135: J=3.0084e-05, Jf=3.0084e-05, Jcp =1.7267e-13, |dJ|=2.2361e-10, |dJcp|=8.3106e-13
Iteration 3140: J=3.0084e-05, Jf=3.0084e-05, Jcp =0.0000e+00, |dJ|=5.4162e-09, |dJcp|=0.0000e+00
Iteration 3145: J=3.0088e-05, Jf=3.0084e-05, Jcp =4.1940e-09, |dJ|=7.2879e-09, |dJcp|=1.2952e-10
Iteration 3150: J=3.0084e-05, Jf=3.0084e-05, Jcp =0.0000e+00, |dJ|=5.9884e-09, |dJcp|=0.0000e+00
Iteration 3155: J=3.0206e-05, Jf=3.0083e-05, Jcp =1.2218e-07, |dJ|=9.4066e-09, |dJcp|=6.9909e-10
Iteration 3160: J=3.0084e-05, Jf=3.0084e-05, Jcp =1.1173e-12, |dJ|=2.2316e-11, |dJcp|=2.1141e-12
Iteration 3165: J=3.0084e-05, Jf=3.0084e-05, Jcp =6.5810e-13, |dJ|=6.0358e-10, |dJcp|=1.6225e-12
Iteration 3170: J=3.0084e-05, Jf=3.0084e-05, Jcp =1.9102e-12, |dJ|=8.7013e-09, |dJcp|=2.7642e-12
Iteration 3175: J=3.0083e-05, Jf=3.0083e-05, Jcp =8.3541e-12, |dJ|=1.9752e-08, |dJcp|=5.7807e-12
Iteration 3180: J=3.0113e-05, Jf=3.0083e-05, Jcp =2.9928e-08, |dJ|=2.6524e-08, |dJcp|=3.4599e-10
Iteration 3185: J=3.0083e-05, Jf=3.0083e-05, Jcp =7.5698e-12, |dJ|=2.2760e-08, |dJcp|=5.5026e-12
Iteration 3190: J=3.0083e-05, Jf=3.0083e-05, Jcp =7.4216e-12, |dJ|=2.3333e-08, |dJcp|=5.4485e-12
Iteration 3195: J=3.0783e-05, Jf=3.0082e-05, Jcp =7.0057e-07, |dJ|=3.4405e-08, |dJcp|=1.6740e-09
Iteration 3200: J=3.0083e-05, Jf=3.0083e-05, Jcp =7.3976e-12, |dJ|=2.3366e-08, |dJcp|=5.4397e-12
Iteration 3205: J=3.0093e-05, Jf=3.0083e-05, Jcp =1.0070e-08, |dJ|=2.4749e-08, |dJcp|=2.0070e-10
Iteration 3210: J=3.0083e-05, Jf=3.0083e-05, Jcp =7.4263e-12, |dJ|=2.3326e-08, |dJcp|=5.4502e-12
Iteration 3215: J=3.0083e-05, Jf=3.0083e-05, Jcp =7.4263e-12, |dJ|=2.3223e-08, |dJcp|=5.4502e-12
Iteration 3220: J=3.0083e-05, Jf=3.0083e-05, Jcp =7.4262e-12, |dJ|=2.9728e-10, |dJcp|=5.4502e-12
Iteration 3225: J=3.0083e-05, Jf=3.0083e-05, Jcp =7.4258e-12, |dJ|=6.1604e-12, |dJcp|=5.4501e-12
Iteration 3230: J=3.0083e-05, Jf=3.0083e-05, Jcp =7.3863e-12, |dJ|=1.6329e-10, |dJcp|=5.4355e-12
Iteration 3235: J=3.0083e-05, Jf=3.0083e-05, Jcp =3.4452e-12, |dJ|=1.6959e-09, |dJcp|=3.7122e-12
Iteration 3240: J=3.0083e-05, Jf=3.0083e-05, Jcp =7.5268e-13, |dJ|=4.4980e-10, |dJcp|=1.7351e-12
Iteration 3245: J=3.0083e-05, Jf=3.0083e-05, Jcp =1.4800e-11, |dJ|=7.9331e-10, |dJcp|=7.6941e-12
Iteration 3250: J=3.0083e-05, Jf=3.0083e-05, Jcp =1.4931e-11, |dJ|=3.4702e-11, |dJcp|=7.7282e-12
Iteration 3255: J=3.0083e-05, Jf=3.0083e-05, Jcp =8.9680e-12, |dJ|=5.5462e-10, |dJcp|=5.9893e-12
Iteration 3260: J=3.0083e-05, Jf=3.0083e-05, Jcp =1.3089e-11, |dJ|=6.5605e-09, |dJcp|=7.2358e-12
Iteration 3265: J=3.0085e-05, Jf=3.0082e-05, Jcp =2.8980e-09, |dJ|=1.0429e-08, |dJcp|=1.0767e-10
Iteration 3270: J=3.0082e-05, Jf=3.0082e-05, Jcp =3.6556e-11, |dJ|=8.0079e-09, |dJcp|=1.2092e-11
Iteration 3275: J=3.0082e-05, Jf=3.0082e-05, Jcp =2.2054e-11, |dJ|=6.7103e-10, |dJcp|=9.3922e-12
Iteration 3280: J=3.0082e-05, Jf=3.0082e-05, Jcp =1.2047e-11, |dJ|=1.0498e-11, |dJcp|=6.9417e-12
Iteration 3285: J=3.0082e-05, Jf=3.0082e-05, Jcp =1.2769e-11, |dJ|=8.2714e-11, |dJcp|=7.1467e-12
Iteration 3290: J=3.0082e-05, Jf=3.0082e-05, Jcp =3.6602e-11, |dJ|=9.9755e-10, |dJcp|=1.2100e-11
Iteration 3295: J=3.0082e-05, Jf=3.0081e-05, Jcp =5.5436e-10, |dJ|=5.0169e-09, |dJcp|=4.7090e-11
Iteration 3300: J=2.9805e-05, Jf=2.9689e-05, Jcp =1.1606e-07, |dJ|=1.4412e-07, |dJcp|=6.8136e-10
Iteration 3305: J=2.5605e-05, Jf=2.5595e-05, Jcp =9.5904e-09, |dJ|=1.4869e-08, |dJcp|=1.9586e-10
Iteration 3310: J=2.5584e-05, Jf=2.5584e-05, Jcp =0.0000e+00, |dJ|=7.4208e-09, |dJcp|=0.0000e+00
Iteration 3315: J=2.5561e-05, Jf=2.5561e-05, Jcp =0.0000e+00, |dJ|=1.2327e-07, |dJcp|=0.0000e+00
Iteration 3320: J=2.5223e-05, Jf=2.5223e-05, Jcp =0.0000e+00, |dJ|=3.9540e-08, |dJcp|=0.0000e+00
Iteration 3325: J=2.5220e-05, Jf=2.5220e-05, Jcp =0.0000e+00, |dJ|=1.7567e-10, |dJcp|=0.0000e+00
Iteration 3330: J=2.5220e-05, Jf=2.5220e-05, Jcp =0.0000e+00, |dJ|=3.7367e-09, |dJcp|=0.0000e+00
Iteration 3335: J=2.5214e-05, Jf=2.5214e-05, Jcp =0.0000e+00, |dJ|=2.7286e-08, |dJcp|=0.0000e+00
Iteration 3340: J=2.5208e-05, Jf=2.5208e-05, Jcp =0.0000e+00, |dJ|=1.8253e-11, |dJcp|=0.0000e+00
Iteration 3345: J=2.5208e-05, Jf=2.5208e-05, Jcp =0.0000e+00, |dJ|=1.9483e-09, |dJcp|=0.0000e+00
Iteration 3350: J=2.5202e-05, Jf=2.5202e-05, Jcp =0.0000e+00, |dJ|=2.6219e-08, |dJcp|=0.0000e+00
Iteration 3355: J=1.9666e-03, Jf=2.4630e-05, Jcp =1.9420e-03, |dJ|=2.1463e-07, |dJcp|=8.8135e-08
Iteration 3360: J=2.4935e-05, Jf=2.4935e-05, Jcp =0.0000e+00, |dJ|=1.5593e-07, |dJcp|=0.0000e+00
Iteration 3365: J=4.8327e-05, Jf=2.4886e-05, Jcp =2.3441e-05, |dJ|=1.6115e-07, |dJcp|=9.6831e-09
Iteration 3370: J=2.4935e-05, Jf=2.4935e-05, Jcp =0.0000e+00, |dJ|=1.5599e-07, |dJcp|=0.0000e+00
Iteration 3375: J=2.4935e-05, Jf=2.4935e-05, Jcp =0.0000e+00, |dJ|=1.5592e-07, |dJcp|=0.0000e+00
Iteration 3380: J=2.4935e-05, Jf=2.4935e-05, Jcp =0.0000e+00, |dJ|=1.5571e-07, |dJcp|=0.0000e+00
Iteration 3385: J=2.4921e-05, Jf=2.4921e-05, Jcp =0.0000e+00, |dJ|=4.4290e-08, |dJcp|=0.0000e+00
Iteration 3390: J=2.4914e-05, Jf=2.4914e-05, Jcp =0.0000e+00, |dJ|=4.4421e-09, |dJcp|=0.0000e+00
Iteration 3395: J=2.4914e-05, Jf=2.4914e-05, Jcp =0.0000e+00, |dJ|=7.1997e-12, |dJcp|=0.0000e+00
Iteration 3400: J=2.4914e-05, Jf=2.4914e-05, Jcp =0.0000e+00, |dJ|=1.7676e-10, |dJcp|=0.0000e+00
Iteration 3405: J=2.4914e-05, Jf=2.4914e-05, Jcp =0.0000e+00, |dJ|=2.1666e-09, |dJcp|=0.0000e+00
Iteration 3410: J=2.4913e-05, Jf=2.4913e-05, Jcp =0.0000e+00, |dJ|=2.4169e-08, |dJcp|=0.0000e+00
Iteration 3415: J=2.4762e-05, Jf=2.4762e-05, Jcp =0.0000e+00, |dJ|=2.3712e-07, |dJcp|=0.0000e+00
Iteration 3420: J=2.3756e-05, Jf=2.3756e-05, Jcp =0.0000e+00, |dJ|=6.9033e-09, |dJcp|=0.0000e+00
Iteration 3425: J=2.3755e-05, Jf=2.3755e-05, Jcp =0.0000e+00, |dJ|=4.0627e-12, |dJcp|=0.0000e+00
Iteration 3430: J=2.3755e-05, Jf=2.3755e-05, Jcp =0.0000e+00, |dJ|=1.2497e-10, |dJcp|=0.0000e+00
Iteration 3435: J=2.3755e-05, Jf=2.3755e-05, Jcp =0.0000e+00, |dJ|=1.7054e-09, |dJcp|=0.0000e+00
Iteration 3440: J=2.3754e-05, Jf=2.3754e-05, Jcp =0.0000e+00, |dJ|=1.9223e-08, |dJcp|=0.0000e+00
Iteration 3445: J=2.3711e-05, Jf=2.3711e-05, Jcp =0.0000e+00, |dJ|=2.0486e-07, |dJcp|=0.0000e+00
Iteration 3450: J=2.3608e-05, Jf=2.3608e-05, Jcp =0.0000e+00, |dJ|=3.3680e-07, |dJcp|=0.0000e+00
Iteration 3455: J=2.0703e-04, Jf=2.3510e-05, Jcp =1.8351e-04, |dJ|=3.6374e-07, |dJcp|=2.7094e-08
Iteration 3460: J=2.3581e-05, Jf=2.3581e-05, Jcp =0.0000e+00, |dJ|=3.4350e-07, |dJcp|=0.0000e+00
Iteration 3465: J=2.3570e-05, Jf=2.3570e-05, Jcp =0.0000e+00, |dJ|=3.4641e-07, |dJcp|=0.0000e+00
Iteration 3470: J=5.1048e-03, Jf=2.3293e-05, Jcp =5.0815e-03, |dJ|=3.8596e-07, |dJcp|=1.4257e-07
Iteration 3475: J=2.3570e-05, Jf=2.3570e-05, Jcp =0.0000e+00, |dJ|=3.4642e-07, |dJcp|=0.0000e+00
Iteration 3480: J=6.9961e-05, Jf=2.3528e-05, Jcp =4.6433e-05, |dJ|=3.4821e-07, |dJcp|=1.3628e-08
Iteration 3485: J=2.3570e-05, Jf=2.3570e-05, Jcp =0.0000e+00, |dJ|=3.4642e-07, |dJcp|=0.0000e+00
Iteration 3490: J=2.3570e-05, Jf=2.3570e-05, Jcp =0.0000e+00, |dJ|=3.4629e-07, |dJcp|=0.0000e+00
Iteration 3495: J=2.3535e-05, Jf=2.3535e-05, Jcp =0.0000e+00, |dJ|=2.2252e-07, |dJcp|=0.0000e+00
Iteration 3500: J=2.3510e-05, Jf=2.3510e-05, Jcp =0.0000e+00, |dJ|=5.4968e-09, |dJcp|=0.0000e+00
Iteration 3505: J=2.3510e-05, Jf=2.3510e-05, Jcp =0.0000e+00, |dJ|=4.7820e-12, |dJcp|=0.0000e+00
Iteration 3510: J=2.3510e-05, Jf=2.3510e-05, Jcp =0.0000e+00, |dJ|=1.2977e-10, |dJcp|=0.0000e+00
Iteration 3515: J=2.3510e-05, Jf=2.3510e-05, Jcp =0.0000e+00, |dJ|=1.5318e-09, |dJcp|=0.0000e+00
Iteration 3520: J=2.3510e-05, Jf=2.3510e-05, Jcp =0.0000e+00, |dJ|=1.7089e-08, |dJcp|=0.0000e+00
Iteration 3525: J=2.3494e-05, Jf=2.3482e-05, Jcp =1.2489e-08, |dJ|=1.8317e-07, |dJcp|=2.2351e-10
Iteration 3530: J=2.3467e-05, Jf=2.3457e-05, Jcp =1.0282e-08, |dJ|=2.0669e-10, |dJcp|=2.0280e-10
Iteration 3535: J=2.3467e-05, Jf=2.3457e-05, Jcp =1.0232e-08, |dJ|=3.9140e-09, |dJcp|=2.0231e-10
Iteration 3540: J=2.3463e-05, Jf=2.3454e-05, Jcp =9.4760e-09, |dJ|=5.1886e-08, |dJcp|=1.9469e-10
Iteration 3545: J=2.3405e-05, Jf=2.3399e-05, Jcp =5.6344e-09, |dJ|=1.9886e-07, |dJcp|=1.5013e-10
Iteration 3550: J=2.9966e-05, Jf=2.3373e-05, Jcp =6.5938e-06, |dJ|=2.1988e-07, |dJcp|=5.1357e-09
Iteration 3555: J=2.3403e-05, Jf=2.3397e-05, Jcp =5.5761e-09, |dJ|=2.0011e-07, |dJcp|=1.4935e-10
Iteration 3560: J=2.3403e-05, Jf=2.3393e-05, Jcp =1.0012e-08, |dJ|=2.0326e-07, |dJcp|=2.0012e-10
Iteration 3565: J=2.3405e-05, Jf=2.3399e-05, Jcp =5.6361e-09, |dJ|=1.9882e-07, |dJcp|=1.5015e-10
Iteration 3570: J=2.3404e-05, Jf=2.3399e-05, Jcp =5.6361e-09, |dJ|=1.9777e-07, |dJcp|=1.5015e-10
Iteration 3575: J=2.3365e-05, Jf=2.3359e-05, Jcp =5.6361e-09, |dJ|=1.0303e-07, |dJcp|=1.5015e-10
Iteration 3580: J=2.3350e-05, Jf=2.3344e-05, Jcp =5.6357e-09, |dJ|=1.5089e-10, |dJcp|=1.5014e-10
Iteration 3585: J=2.3350e-05, Jf=2.3344e-05, Jcp =5.6199e-09, |dJ|=2.9886e-09, |dJcp|=1.4993e-10
Iteration 3590: J=2.3349e-05, Jf=2.3345e-05, Jcp =3.8636e-09, |dJ|=3.1692e-08, |dJcp|=1.2432e-10
Iteration 3595: J=2.3344e-05, Jf=2.3344e-05, Jcp =0.0000e+00, |dJ|=2.0121e-08, |dJcp|=0.0000e+00
Iteration 3600: J=2.3344e-05, Jf=2.3344e-05, Jcp =0.0000e+00, |dJ|=3.6723e-10, |dJcp|=0.0000e+00
Iteration 3605: J=2.3344e-05, Jf=2.3344e-05, Jcp =0.0000e+00, |dJ|=7.4796e-10, |dJcp|=0.0000e+00
Iteration 3610: J=2.3344e-05, Jf=2.3344e-05, Jcp =2.2767e-12, |dJ|=8.6010e-10, |dJcp|=3.0177e-12
Iteration 3615: J=2.3344e-05, Jf=2.3344e-05, Jcp =0.0000e+00, |dJ|=7.6693e-10, |dJcp|=0.0000e+00
Iteration 3620: J=2.3344e-05, Jf=2.3344e-05, Jcp =0.0000e+00, |dJ|=1.4360e-11, |dJcp|=0.0000e+00
Iteration 3625: J=2.3344e-05, Jf=2.3344e-05, Jcp =4.4474e-15, |dJ|=1.8279e-11, |dJcp|=1.3338e-13
Iteration 3630: J=2.3344e-05, Jf=2.3344e-05, Jcp =1.8431e-15, |dJ|=2.9148e-10, |dJcp|=8.5862e-14
Iteration 3635: J=2.3344e-05, Jf=2.3344e-05, Jcp =0.0000e+00, |dJ|=3.7643e-09, |dJcp|=0.0000e+00
Iteration 3640: J=2.3343e-05, Jf=2.3343e-05, Jcp =0.0000e+00, |dJ|=4.2346e-08, |dJcp|=0.0000e+00
Iteration 3645: J=2.3341e-05, Jf=2.3341e-05, Jcp =0.0000e+00, |dJ|=6.9112e-08, |dJcp|=0.0000e+00
Iteration 3650: J=2.3345e-05, Jf=2.3340e-05, Jcp =4.3657e-09, |dJ|=7.7791e-08, |dJcp|=1.3215e-10
Iteration 3655: J=2.3341e-05, Jf=2.3341e-05, Jcp =2.4090e-14, |dJ|=7.4298e-08, |dJcp|=3.1042e-13
Iteration 3660: J=2.3338e-05, Jf=2.3338e-05, Jcp =0.0000e+00, |dJ|=6.8644e-09, |dJcp|=0.0000e+00
Iteration 3665: J=2.3337e-05, Jf=2.3337e-05, Jcp =3.1765e-11, |dJ|=1.6011e-10, |dJcp|=1.1272e-11
Iteration 3670: J=2.3337e-05, Jf=2.3337e-05, Jcp =2.6791e-11, |dJ|=1.3247e-09, |dJcp|=1.0352e-11
Iteration 3675: J=2.3337e-05, Jf=2.3337e-05, Jcp =1.1934e-11, |dJ|=6.8819e-09, |dJcp|=6.9091e-12
Iteration 3680: J=2.5575e-05, Jf=2.3337e-05, Jcp =2.2382e-06, |dJ|=1.7075e-08, |dJcp|=2.9921e-09
Iteration 3685: J=2.3565e-05, Jf=2.3337e-05, Jcp =2.2819e-07, |dJ|=1.0862e-08, |dJcp|=9.5539e-10
Iteration 3690: J=2.3337e-05, Jf=2.3337e-05, Jcp =9.7196e-12, |dJ|=7.9714e-09, |dJcp|=6.2353e-12
Iteration 3695: J=3.5495e-05, Jf=2.3337e-05, Jcp =1.2158e-05, |dJ|=2.4451e-08, |dJcp|=6.9736e-09
Iteration 3700: J=2.3337e-05, Jf=2.3337e-05, Jcp =9.6877e-12, |dJ|=7.9880e-09, |dJcp|=6.2250e-12
Iteration 3705: J=2.3338e-05, Jf=2.3337e-05, Jcp =2.6936e-10, |dJ|=8.0745e-09, |dJcp|=3.2825e-11
Iteration 3710: J=2.3337e-05, Jf=2.3337e-05, Jcp =9.6769e-12, |dJ|=7.9936e-09, |dJcp|=6.2215e-12
Iteration 3715: J=2.3337e-05, Jf=2.3337e-05, Jcp =9.6899e-12, |dJ|=7.9868e-09, |dJcp|=6.2257e-12
Iteration 3720: J=2.3337e-05, Jf=2.3337e-05, Jcp =9.6899e-12, |dJ|=7.9736e-09, |dJcp|=6.2257e-12
Iteration 3725: J=2.3337e-05, Jf=2.3337e-05, Jcp =9.6898e-12, |dJ|=1.6653e-09, |dJcp|=6.2257e-12
Iteration 3730: J=2.3337e-05, Jf=2.3337e-05, Jcp =9.6895e-12, |dJ|=6.2236e-12, |dJcp|=6.2256e-12
Iteration 3735: J=2.3337e-05, Jf=2.3337e-05, Jcp =9.6715e-12, |dJ|=1.3244e-10, |dJcp|=6.2198e-12
Iteration 3740: J=2.3337e-05, Jf=2.3337e-05, Jcp =7.3165e-12, |dJ|=1.6505e-09, |dJcp|=5.4098e-12
Iteration 3745: J=2.3337e-05, Jf=2.3337e-05, Jcp =0.0000e+00, |dJ|=6.1811e-10, |dJcp|=0.0000e+00
Iteration 3750: J=2.3337e-05, Jf=2.3337e-05, Jcp =3.4529e-11, |dJ|=1.4268e-08, |dJcp|=1.1752e-11
Iteration 3755: J=2.3337e-05, Jf=2.3337e-05, Jcp =1.4956e-10, |dJ|=7.3708e-11, |dJcp|=2.4459e-11
Iteration 3760: J=2.3337e-05, Jf=2.3337e-05, Jcp =1.2704e-10, |dJ|=1.2993e-09, |dJcp|=2.2543e-11
Iteration 3765: J=2.3337e-05, Jf=2.3337e-05, Jcp =3.6324e-13, |dJ|=1.4927e-08, |dJcp|=1.2054e-12
Iteration 3770: J=2.3297e-05, Jf=2.3297e-05, Jcp =0.0000e+00, |dJ|=1.5412e-07, |dJcp|=0.0000e+00
Iteration 3775: J=2.3279e-05, Jf=2.3279e-05, Jcp =0.0000e+00, |dJ|=1.1433e-10, |dJcp|=0.0000e+00
Iteration 3780: J=2.3279e-05, Jf=2.3279e-05, Jcp =0.0000e+00, |dJ|=2.4600e-09, |dJcp|=0.0000e+00
Iteration 3785: J=2.3279e-05, Jf=2.3279e-05, Jcp =0.0000e+00, |dJ|=2.8190e-08, |dJcp|=0.0000e+00
Iteration 3790: J=2.3274e-05, Jf=2.3274e-05, Jcp =0.0000e+00, |dJ|=2.2060e-09, |dJcp|=0.0000e+00
Iteration 3795: J=2.3274e-05, Jf=2.3274e-05, Jcp =0.0000e+00, |dJ|=6.2613e-11, |dJcp|=0.0000e+00
Iteration 3800: J=2.3274e-05, Jf=2.3274e-05, Jcp =0.0000e+00, |dJ|=1.0414e-09, |dJcp|=0.0000e+00
Iteration 3805: J=2.3274e-05, Jf=2.3274e-05, Jcp =0.0000e+00, |dJ|=1.1864e-08, |dJcp|=0.0000e+00
Iteration 3810: J=2.8576e-04, Jf=2.3257e-05, Jcp =2.6251e-04, |dJ|=1.3286e-07, |dJcp|=3.2404e-08
Iteration 3815: J=2.3264e-05, Jf=2.3264e-05, Jcp =0.0000e+00, |dJ|=9.2602e-08, |dJcp|=0.0000e+00
Iteration 3820: J=2.3263e-05, Jf=2.3263e-05, Jcp =0.0000e+00, |dJ|=9.7123e-08, |dJcp|=0.0000e+00
Iteration 3825: J=2.3262e-05, Jf=2.3262e-05, Jcp =0.0000e+00, |dJ|=9.8290e-08, |dJcp|=0.0000e+00
Iteration 3830: J=2.5654e-05, Jf=2.3261e-05, Jcp =2.3932e-06, |dJ|=1.0077e-07, |dJcp|=3.0940e-09
Iteration 3835: J=2.3262e-05, Jf=2.3262e-05, Jcp =0.0000e+00, |dJ|=9.8295e-08, |dJcp|=0.0000e+00
Iteration 3840: J=2.3272e-05, Jf=2.3262e-05, Jcp =9.8198e-09, |dJ|=9.8609e-08, |dJcp|=1.9819e-10
Iteration 3845: J=2.3262e-05, Jf=2.3262e-05, Jcp =0.0000e+00, |dJ|=9.8434e-08, |dJcp|=0.0000e+00
Iteration 3850: J=2.3262e-05, Jf=2.3262e-05, Jcp =0.0000e+00, |dJ|=9.8250e-08, |dJcp|=0.0000e+00
Iteration 3855: J=2.3258e-05, Jf=2.3258e-05, Jcp =0.0000e+00, |dJ|=1.1898e-08, |dJcp|=0.0000e+00
Iteration 3860: J=2.3257e-05, Jf=2.3257e-05, Jcp =0.0000e+00, |dJ|=1.2900e-10, |dJcp|=0.0000e+00
Iteration 3865: J=2.3257e-05, Jf=2.3257e-05, Jcp =0.0000e+00, |dJ|=8.4968e-12, |dJcp|=0.0000e+00
Iteration 3870: J=2.3257e-05, Jf=2.3257e-05, Jcp =0.0000e+00, |dJ|=1.4914e-10, |dJcp|=0.0000e+00
Iteration 3875: J=2.3257e-05, Jf=2.3257e-05, Jcp =0.0000e+00, |dJ|=1.7189e-09, |dJcp|=0.0000e+00
Iteration 3880: J=2.3257e-05, Jf=2.3257e-05, Jcp =0.0000e+00, |dJ|=1.9125e-08, |dJcp|=0.0000e+00
Iteration 3885: J=2.3254e-05, Jf=2.3254e-05, Jcp =2.3999e-10, |dJ|=8.4202e-08, |dJcp|=3.0983e-11
Iteration 3890: J=2.3251e-05, Jf=2.3250e-05, Jcp =6.0386e-10, |dJ|=6.8350e-11, |dJcp|=4.9147e-11
Iteration 3895: J=2.3251e-05, Jf=2.3250e-05, Jcp =6.0271e-10, |dJ|=3.3494e-09, |dJcp|=4.9100e-11
Iteration 3900: J=2.3249e-05, Jf=2.3248e-05, Jcp =5.8273e-10, |dJ|=3.9492e-08, |dJcp|=4.8280e-11
Iteration 3905: J=2.3072e-05, Jf=2.3072e-05, Jcp =8.7290e-11, |dJ|=2.4589e-07, |dJcp|=1.8686e-11
Iteration 3910: J=4.0473e-04, Jf=2.2947e-05, Jcp =3.8178e-04, |dJ|=1.3284e-07, |dJcp|=3.9079e-08
Iteration 3915: J=2.3020e-05, Jf=2.3020e-05, Jcp =4.5228e-11, |dJ|=2.1380e-07, |dJcp|=1.3450e-11
Iteration 3920: J=2.3019e-05, Jf=2.3019e-05, Jcp =4.4353e-11, |dJ|=2.1212e-07, |dJcp|=1.3320e-11
Iteration 3925: J=2.2951e-05, Jf=2.2951e-05, Jcp =0.0000e+00, |dJ|=1.7638e-09, |dJcp|=0.0000e+00
Iteration 3930: J=2.2950e-05, Jf=2.2950e-05, Jcp =2.0346e-11, |dJ|=5.5245e-11, |dJcp|=9.0212e-12
Iteration 3935: J=2.2950e-05, Jf=2.2950e-05, Jcp =2.0499e-11, |dJ|=2.7720e-10, |dJcp|=9.0551e-12
Iteration 3940: J=2.2950e-05, Jf=2.2950e-05, Jcp =2.0511e-11, |dJ|=1.4514e-09, |dJcp|=9.0578e-12
Iteration 3945: J=2.2950e-05, Jf=2.2950e-05, Jcp =2.0657e-11, |dJ|=1.7969e-08, |dJcp|=9.0900e-12
Iteration 3950: J=2.2946e-05, Jf=2.2946e-05, Jcp =1.7498e-11, |dJ|=7.2093e-08, |dJcp|=8.3662e-12
Iteration 3955: J=2.3932e-04, Jf=2.2932e-05, Jcp =2.1638e-04, |dJ|=1.1891e-07, |dJcp|=2.9420e-08
Iteration 3960: J=2.2945e-05, Jf=2.2945e-05, Jcp =1.6481e-11, |dJ|=7.7552e-08, |dJcp|=8.1193e-12
Iteration 3965: J=2.4279e-05, Jf=2.2943e-05, Jcp =1.3364e-06, |dJ|=8.2285e-08, |dJcp|=2.3120e-09
Iteration 3970: J=2.2944e-05, Jf=2.2944e-05, Jcp =1.5963e-11, |dJ|=7.8861e-08, |dJcp|=7.9908e-12
Iteration 3975: J=2.2944e-05, Jf=2.2944e-05, Jcp =1.5735e-11, |dJ|=7.9444e-08, |dJcp|=7.9335e-12
Iteration 3980: J=3.0385e-05, Jf=2.2941e-05, Jcp =7.4448e-06, |dJ|=8.2045e-08, |dJcp|=5.4570e-09
Iteration 3985: J=2.2944e-05, Jf=2.2944e-05, Jcp =1.5732e-11, |dJ|=7.9447e-08, |dJcp|=7.9326e-12
Iteration 3990: J=2.2940e-05, Jf=2.2940e-05, Jcp =1.2715e-11, |dJ|=6.4918e-11, |dJcp|=7.1317e-12
Iteration 3995: J=2.2940e-05, Jf=2.2940e-05, Jcp =5.5851e-13, |dJ|=8.9411e-10, |dJcp|=1.4947e-12
Iteration 4000: J=2.2940e-05, Jf=2.2940e-05, Jcp =6.2185e-13, |dJ|=2.6620e-11, |dJcp|=1.5772e-12
Iteration 4005: J=2.2940e-05, Jf=2.2940e-05, Jcp =6.2631e-12, |dJ|=7.6887e-10, |dJcp|=5.0052e-12
Iteration 4010: J=2.2939e-05, Jf=2.2939e-05, Jcp =4.2287e-10, |dJ|=8.9546e-09, |dJcp|=4.1128e-11
Iteration 4015: J=2.2933e-05, Jf=2.2933e-05, Jcp =8.3246e-12, |dJ|=8.9152e-10, |dJcp|=5.7705e-12
Iteration 4020: J=2.2933e-05, Jf=2.2933e-05, Jcp =1.8384e-12, |dJ|=1.6872e-10, |dJcp|=2.7117e-12
Iteration 4025: J=2.2926e-05, Jf=2.2924e-05, Jcp =1.8634e-09, |dJ|=1.7111e-08, |dJcp|=8.6334e-11
Iteration 4030: J=2.2801e-05, Jf=2.2786e-05, Jcp =1.4961e-08, |dJ|=4.9600e-08, |dJcp|=2.4463e-10
Iteration 4035: J=2.2743e-05, Jf=2.2743e-05, Jcp =2.4732e-13, |dJ|=2.2078e-11, |dJcp|=9.9462e-13
Iteration 4040: J=2.2743e-05, Jf=2.2743e-05, Jcp =2.3533e-12, |dJ|=1.0542e-09, |dJcp|=3.0681e-12
Iteration 4045: J=2.2721e-05, Jf=2.2720e-05, Jcp =7.3165e-11, |dJ|=8.2113e-09, |dJcp|=1.7107e-11
Iteration 4050: J=2.2692e-05, Jf=2.2692e-05, Jcp =1.5053e-13, |dJ|=5.6704e-12, |dJcp|=7.7595e-13
Iteration 4055: J=2.2692e-05, Jf=2.2692e-05, Jcp =2.1367e-13, |dJ|=6.7852e-11, |dJcp|=9.2450e-13
Iteration 4060: J=2.2692e-05, Jf=2.2692e-05, Jcp =1.5545e-12, |dJ|=8.2141e-10, |dJcp|=2.4936e-12
Iteration 4065: J=2.2661e-05, Jf=2.2661e-05, Jcp =8.8474e-11, |dJ|=8.6727e-09, |dJcp|=1.8812e-11
Iteration 4070: J=2.2615e-05, Jf=2.2615e-05, Jcp =1.9038e-10, |dJ|=1.2929e-08, |dJcp|=2.7596e-11
Iteration 4075: J=4.6117e-05, Jf=2.2593e-05, Jcp =2.3524e-05, |dJ|=1.6807e-08, |dJcp|=9.7003e-09
Iteration 4080: J=2.2612e-05, Jf=2.2611e-05, Jcp =1.9382e-10, |dJ|=1.3052e-08, |dJcp|=2.7844e-11
Iteration 4085: J=2.2609e-05, Jf=2.2608e-05, Jcp =1.9674e-10, |dJ|=1.3155e-08, |dJcp|=2.8053e-11
Iteration 4090: J=6.1751e-04, Jf=2.2475e-05, Jcp =5.9503e-04, |dJ|=5.1019e-08, |dJcp|=4.8787e-08
Iteration 4095: J=2.2609e-05, Jf=2.2608e-05, Jcp =1.9678e-10, |dJ|=1.3156e-08, |dJcp|=2.8055e-11
Iteration 4100: J=3.1880e-05, Jf=2.2589e-05, Jcp =9.2909e-06, |dJ|=1.4707e-08, |dJcp|=6.0962e-09
Iteration 4105: J=2.2560e-05, Jf=2.2560e-05, Jcp =1.2238e-10, |dJ|=3.0333e-07, |dJcp|=2.2125e-11
Iteration 4110: J=2.2238e-05, Jf=2.2238e-05, Jcp =2.2189e-13, |dJ|=1.1488e-10, |dJcp|=9.4210e-13
Iteration 4115: J=2.2238e-05, Jf=2.2238e-05, Jcp =6.3530e-13, |dJ|=3.1638e-09, |dJcp|=1.5941e-12
Iteration 4120: J=2.2235e-05, Jf=2.2235e-05, Jcp =1.1773e-12, |dJ|=6.2946e-09, |dJcp|=2.1701e-12
Iteration 4125: J=2.2235e-05, Jf=2.2235e-05, Jcp =1.9474e-13, |dJ|=1.5071e-10, |dJcp|=8.8258e-13
Iteration 4130: J=2.2235e-05, Jf=2.2235e-05, Jcp =2.2096e-13, |dJ|=1.1300e-10, |dJcp|=9.4013e-13
Iteration 4135: J=3.5532e-05, Jf=2.2232e-05, Jcp =1.3301e-05, |dJ|=7.3456e-09, |dJcp|=7.2940e-09
Iteration 4140: J=2.2233e-05, Jf=2.2233e-05, Jcp =2.8212e-13, |dJ|=6.7211e-10, |dJcp|=1.0623e-12
Iteration 4145: J=2.2233e-05, Jf=2.2233e-05, Jcp =2.8598e-13, |dJ|=7.0506e-10, |dJcp|=1.0695e-12
Iteration 4150: J=2.2246e-05, Jf=2.2232e-05, Jcp =1.3108e-08, |dJ|=7.4975e-10, |dJcp|=2.2898e-10
Iteration 4155: J=2.2232e-05, Jf=2.2232e-05, Jcp =2.8638e-13, |dJ|=7.0838e-10, |dJcp|=1.0703e-12
Iteration 4160: J=2.2232e-05, Jf=2.2232e-05, Jcp =2.8650e-13, |dJ|=7.0940e-10, |dJcp|=1.0705e-12
Iteration 4165: J=2.2096e-05, Jf=2.2096e-05, Jcp =1.1554e-12, |dJ|=9.7566e-09, |dJcp|=2.1498e-12
Iteration 4170: J=2.2095e-05, Jf=2.2095e-05, Jcp =5.1313e-14, |dJ|=1.2387e-09, |dJcp|=4.5305e-13
Iteration 4175: J=2.2098e-05, Jf=2.2095e-05, Jcp =2.6170e-09, |dJ|=2.1594e-09, |dJcp|=1.0231e-10
Iteration 4180: J=2.2095e-05, Jf=2.2095e-05, Jcp =3.8138e-14, |dJ|=1.5117e-09, |dJcp|=3.9058e-13
Iteration 4185: J=2.2095e-05, Jf=2.2095e-05, Jcp =3.4122e-14, |dJ|=1.6041e-09, |dJcp|=3.6944e-13
Iteration 4190: J=2.2095e-05, Jf=2.2095e-05, Jcp =4.1919e-13, |dJ|=1.8176e-11, |dJcp|=1.2949e-12
Iteration 4195: J=2.2095e-05, Jf=2.2095e-05, Jcp =1.3494e-13, |dJ|=4.9641e-12, |dJcp|=7.3468e-13
Iteration 4200: J=2.2093e-05, Jf=2.2093e-05, Jcp =1.0039e-14, |dJ|=1.7037e-09, |dJcp|=2.0039e-13
Iteration 4205: J=2.2030e-05, Jf=2.2030e-05, Jcp =0.0000e+00, |dJ|=4.8715e-10, |dJcp|=0.0000e+00
Iteration 4210: J=2.2030e-05, Jf=2.2030e-05, Jcp =2.8272e-12, |dJ|=6.0214e-11, |dJcp|=3.3629e-12
Iteration 4215: J=2.2030e-05, Jf=2.2030e-05, Jcp =0.0000e+00, |dJ|=4.8738e-11, |dJcp|=0.0000e+00
Iteration 4220: J=2.2030e-05, Jf=2.2030e-05, Jcp =1.5017e-11, |dJ|=6.1007e-11, |dJcp|=7.7503e-12
Iteration 4225: J=2.2030e-05, Jf=2.2030e-05, Jcp =3.2881e-14, |dJ|=5.2086e-11, |dJcp|=3.6266e-13
Iteration 4230: J=2.2030e-05, Jf=2.2030e-05, Jcp =1.0691e-13, |dJ|=3.1177e-12, |dJcp|=6.5393e-13
Iteration 4235: J=2.2030e-05, Jf=2.2030e-05, Jcp =7.1364e-11, |dJ|=2.6772e-11, |dJcp|=1.6895e-11
Iteration 4240: J=2.2020e-05, Jf=2.2013e-05, Jcp =7.9277e-09, |dJ|=2.8371e-10, |dJcp|=1.7808e-10
Iteration 4245: J=2.1967e-05, Jf=2.1967e-05, Jcp =2.5799e-12, |dJ|=7.4255e-11, |dJcp|=3.2124e-12
Iteration 4250: J=2.1967e-05, Jf=2.1967e-05, Jcp =4.3600e-13, |dJ|=1.1939e-11, |dJcp|=1.3206e-12
Iteration 4255: J=2.1967e-05, Jf=2.1967e-05, Jcp =5.7182e-11, |dJ|=1.8595e-10, |dJcp|=1.5124e-11
Iteration 4260: J=2.1958e-05, Jf=2.1958e-05, Jcp =7.9427e-10, |dJ|=7.2398e-10, |dJcp|=5.6366e-11
Iteration 4265: J=2.1956e-05, Jf=2.1956e-05, Jcp =6.4498e-14, |dJ|=1.0037e-12, |dJcp|=5.0793e-13
Iteration 4270: J=2.1956e-05, Jf=2.1956e-05, Jcp =3.6225e-12, |dJ|=7.7287e-11, |dJcp|=3.8066e-12
Iteration 4275: J=2.1952e-05, Jf=2.1952e-05, Jcp =3.6372e-10, |dJ|=8.8107e-10, |dJcp|=3.8143e-11
Iteration 4280: J=2.1896e-05, Jf=2.1896e-05, Jcp =8.5978e-11, |dJ|=3.3638e-10, |dJcp|=1.8545e-11
Iteration 4285: J=2.1895e-05, Jf=2.1895e-05, Jcp =1.0895e-13, |dJ|=1.0809e-11, |dJcp|=6.6016e-13
Iteration 4290: J=2.1895e-05, Jf=2.1895e-05, Jcp =2.7316e-12, |dJ|=1.8086e-10, |dJcp|=3.3055e-12
Iteration 4295: J=2.1888e-05, Jf=2.1888e-05, Jcp =2.1919e-10, |dJ|=1.8770e-09, |dJcp|=2.9610e-11
Iteration 4300: J=2.1840e-05, Jf=2.1840e-05, Jcp =8.6902e-13, |dJ|=3.3745e-11, |dJcp|=1.8644e-12
Iteration 4305: J=2.1840e-05, Jf=2.1840e-05, Jcp =5.7416e-14, |dJ|=4.8330e-12, |dJcp|=4.7923e-13
Iteration 4310: J=2.1840e-05, Jf=2.1840e-05, Jcp =3.9687e-13, |dJ|=6.9828e-11, |dJcp|=1.2600e-12
Iteration 4315: J=2.1840e-05, Jf=2.1840e-05, Jcp =2.4086e-11, |dJ|=7.8329e-10, |dJcp|=9.8155e-12
Iteration 4320: J=2.1802e-05, Jf=2.1801e-05, Jcp =4.5900e-10, |dJ|=3.6060e-09, |dJcp|=4.2849e-11
Iteration 4325: J=2.1786e-05, Jf=2.1786e-05, Jcp =3.6924e-14, |dJ|=1.0089e-12, |dJcp|=3.8431e-13
Iteration 4330: J=2.1786e-05, Jf=2.1786e-05, Jcp =1.0719e-13, |dJ|=3.7901e-10, |dJcp|=6.5480e-13
Iteration 4335: J=2.1786e-05, Jf=2.1786e-05, Jcp =1.5760e-12, |dJ|=1.7481e-08, |dJcp|=2.5108e-12
Iteration 4340: J=2.1770e-05, Jf=2.1769e-05, Jcp =8.0693e-11, |dJ|=1.6140e-07, |dJcp|=1.7966e-11
Iteration 4345: J=2.1730e-05, Jf=2.1730e-05, Jcp =9.2612e-15, |dJ|=3.0230e-10, |dJcp|=1.9247e-13
Iteration 4350: J=2.1730e-05, Jf=2.1730e-05, Jcp =1.3964e-14, |dJ|=1.3328e-11, |dJcp|=2.3634e-13
Iteration 4355: J=2.1730e-05, Jf=2.1730e-05, Jcp =9.3843e-15, |dJ|=2.2500e-10, |dJcp|=1.9375e-13
Iteration 4360: J=2.1730e-05, Jf=2.1730e-05, Jcp =0.0000e+00, |dJ|=2.5782e-09, |dJcp|=0.0000e+00
Iteration 4365: J=2.1729e-05, Jf=2.1729e-05, Jcp =0.0000e+00, |dJ|=1.9073e-08, |dJcp|=0.0000e+00
Iteration 4370: J=2.1729e-05, Jf=2.1729e-05, Jcp =0.0000e+00, |dJ|=3.6532e-12, |dJcp|=0.0000e+00
Iteration 4375: J=2.1729e-05, Jf=2.1729e-05, Jcp =0.0000e+00, |dJ|=3.9864e-10, |dJcp|=0.0000e+00
Iteration 4380: J=2.1729e-05, Jf=2.1729e-05, Jcp =0.0000e+00, |dJ|=6.8116e-10, |dJcp|=0.0000e+00
Iteration 4385: J=2.1729e-05, Jf=2.1729e-05, Jcp =1.0000e-11, |dJ|=7.2654e-10, |dJcp|=6.3247e-12
Iteration 4390: J=2.1729e-05, Jf=2.1729e-05, Jcp =0.0000e+00, |dJ|=7.1506e-10, |dJcp|=0.0000e+00
Iteration 4395: J=2.1729e-05, Jf=2.1729e-05, Jcp =0.0000e+00, |dJ|=6.3692e-10, |dJcp|=0.0000e+00
Iteration 4400: J=2.1729e-05, Jf=2.1729e-05, Jcp =0.0000e+00, |dJ|=1.2448e-10, |dJcp|=0.0000e+00
Iteration 4405: J=2.1729e-05, Jf=2.1729e-05, Jcp =1.5174e-13, |dJ|=9.8055e-11, |dJcp|=7.7908e-13
Iteration 4410: J=2.1729e-05, Jf=2.1729e-05, Jcp =1.0967e-14, |dJ|=3.4100e-12, |dJcp|=2.0944e-13
Iteration 4415: J=2.1729e-05, Jf=2.1729e-05, Jcp =1.0999e-14, |dJ|=2.3327e-11, |dJcp|=2.0975e-13
Iteration 4420: J=2.1729e-05, Jf=2.1729e-05, Jcp =1.1329e-14, |dJ|=3.0110e-10, |dJcp|=2.1288e-13
Iteration 4425: J=2.1729e-05, Jf=2.1729e-05, Jcp =1.5311e-14, |dJ|=3.3815e-09, |dJcp|=2.4748e-13
Iteration 4430: J=2.1728e-05, Jf=2.1728e-05, Jcp =9.7974e-14, |dJ|=3.7178e-08, |dJcp|=6.2602e-13
Iteration 4435: J=2.1696e-05, Jf=2.1696e-05, Jcp =7.8979e-13, |dJ|=1.4515e-07, |dJcp|=1.7774e-12
Iteration 4440: J=2.1686e-05, Jf=2.1686e-05, Jcp =3.9923e-15, |dJ|=4.2247e-11, |dJcp|=1.2637e-13
Iteration 4445: J=2.1686e-05, Jf=2.1686e-05, Jcp =4.0030e-15, |dJ|=9.9550e-12, |dJcp|=1.2654e-13
Iteration 4450: J=2.1686e-05, Jf=2.1686e-05, Jcp =4.0978e-15, |dJ|=1.3385e-10, |dJcp|=1.2803e-13
Iteration 4455: J=2.1686e-05, Jf=2.1686e-05, Jcp =5.2235e-15, |dJ|=1.5079e-09, |dJcp|=1.4455e-13
Iteration 4460: J=2.1686e-05, Jf=2.1686e-05, Jcp =2.6565e-14, |dJ|=1.6632e-08, |dJcp|=3.2597e-13
Iteration 4465: J=2.1672e-05, Jf=2.1672e-05, Jcp =3.1707e-13, |dJ|=8.5632e-08, |dJcp|=1.1262e-12
Iteration 4470: J=2.1665e-05, Jf=2.1665e-05, Jcp =1.6824e-15, |dJ|=8.3374e-12, |dJcp|=8.2034e-14
Iteration 4475: J=2.1665e-05, Jf=2.1665e-05, Jcp =1.6837e-15, |dJ|=5.6035e-12, |dJcp|=8.2066e-14
Iteration 4480: J=2.1665e-05, Jf=2.1665e-05, Jcp =1.6346e-15, |dJ|=1.0373e-10, |dJcp|=8.0861e-14
Iteration 4485: J=2.1665e-05, Jf=2.1665e-05, Jcp =1.1323e-15, |dJ|=1.2087e-09, |dJcp|=6.7300e-14
Iteration 4490: J=2.1665e-05, Jf=2.1665e-05, Jcp =0.0000e+00, |dJ|=1.3373e-08, |dJcp|=0.0000e+00
Iteration 4495: J=2.1655e-05, Jf=2.1655e-05, Jcp =0.0000e+00, |dJ|=7.3468e-08, |dJcp|=0.0000e+00
Iteration 4500: J=2.1648e-05, Jf=2.1648e-05, Jcp =0.0000e+00, |dJ|=2.7386e-09, |dJcp|=0.0000e+00
Iteration 4505: J=2.1648e-05, Jf=2.1648e-05, Jcp =0.0000e+00, |dJ|=2.1699e-10, |dJcp|=0.0000e+00
Iteration 4510: J=2.1648e-05, Jf=2.1648e-05, Jcp =1.6849e-11, |dJ|=8.2097e-10, |dJcp|=8.2096e-12
Iteration 4515: J=2.1648e-05, Jf=2.1648e-05, Jcp =0.0000e+00, |dJ|=7.4836e-10, |dJcp|=0.0000e+00
Iteration 4520: J=2.1648e-05, Jf=2.1648e-05, Jcp =4.9949e-14, |dJ|=7.5971e-10, |dJcp|=4.4699e-13
Iteration 4525: J=2.1648e-05, Jf=2.1648e-05, Jcp =9.8698e-14, |dJ|=6.6524e-10, |dJcp|=6.2832e-13
Iteration 4530: J=2.1648e-05, Jf=2.1648e-05, Jcp =1.8892e-15, |dJ|=2.4342e-12, |dJcp|=8.6929e-14
Iteration 4535: J=2.1648e-05, Jf=2.1648e-05, Jcp =1.8941e-15, |dJ|=2.4980e-12, |dJcp|=8.7042e-14
Iteration 4540: J=2.1648e-05, Jf=2.1648e-05, Jcp =1.9988e-15, |dJ|=3.2738e-11, |dJcp|=8.9415e-14
Iteration 4545: J=2.1648e-05, Jf=2.1648e-05, Jcp =3.3542e-15, |dJ|=3.6927e-10, |dJcp|=1.1583e-13
Iteration 4550: J=2.1648e-05, Jf=2.1648e-05, Jcp =4.1551e-14, |dJ|=4.0889e-09, |dJcp|=4.0768e-13
Iteration 4555: J=2.1645e-05, Jf=2.1645e-05, Jcp =1.6762e-12, |dJ|=3.1976e-08, |dJcp|=2.5894e-12
Iteration 4560: J=2.1641e-05, Jf=2.1641e-05, Jcp =1.4500e-15, |dJ|=2.7444e-11, |dJcp|=7.6159e-14
Iteration 4565: J=2.1641e-05, Jf=2.1641e-05, Jcp =1.3099e-15, |dJ|=3.6535e-13, |dJcp|=7.2386e-14
Iteration 4570: J=2.1641e-05, Jf=2.1641e-05, Jcp =1.1119e-15, |dJ|=5.9222e-12, |dJcp|=6.6690e-14
Iteration 4575: J=2.1641e-05, Jf=2.1641e-05, Jcp =5.9040e-17, |dJ|=6.6220e-11, |dJcp|=1.5368e-14
Iteration 4580: J=2.1641e-05, Jf=2.1641e-05, Jcp =0.0000e+00, |dJ|=4.9411e-10, |dJcp|=0.0000e+00
Iteration 4585: J=2.1640e-05, Jf=2.1640e-05, Jcp =0.0000e+00, |dJ|=1.1902e-09, |dJcp|=0.0000e+00
Iteration 4590: J=2.1640e-05, Jf=2.1640e-05, Jcp =0.0000e+00, |dJ|=6.6996e-09, |dJcp|=0.0000e+00
Iteration 4595: J=2.1638e-05, Jf=2.1638e-05, Jcp =0.0000e+00, |dJ|=2.6073e-11, |dJcp|=0.0000e+00
Iteration 4600: J=2.1638e-05, Jf=2.1638e-05, Jcp =0.0000e+00, |dJ|=3.8121e-11, |dJcp|=0.0000e+00
Iteration 4605: J=2.1639e-05, Jf=2.1638e-05, Jcp =5.8422e-10, |dJ|=5.0945e-10, |dJcp|=4.8341e-11
Iteration 4610: J=2.1725e-05, Jf=2.1638e-05, Jcp =8.6469e-08, |dJ|=8.3978e-10, |dJcp|=5.8811e-10
Iteration 4615: J=2.1638e-05, Jf=2.1638e-05, Jcp =0.0000e+00, |dJ|=4.2590e-10, |dJcp|=0.0000e+00
Iteration 4620: J=2.1638e-05, Jf=2.1638e-05, Jcp =0.0000e+00, |dJ|=4.5192e-10, |dJcp|=0.0000e+00
Iteration 4625: J=2.1638e-05, Jf=2.1638e-05, Jcp =8.8518e-15, |dJ|=4.5292e-10, |dJcp|=1.8817e-13
Iteration 4630: J=2.7034e-05, Jf=2.1638e-05, Jcp =5.3957e-06, |dJ|=4.7774e-09, |dJcp|=4.6457e-09
Iteration 4635: J=2.1638e-05, Jf=2.1638e-05, Jcp =2.9126e-16, |dJ|=4.2841e-10, |dJcp|=3.4133e-14
Iteration 4640: J=2.1638e-05, Jf=2.1638e-05, Jcp =6.1081e-13, |dJ|=1.1989e-11, |dJcp|=1.5631e-12
Iteration 4645: J=2.1638e-05, Jf=2.1638e-05, Jcp =0.0000e+00, |dJ|=6.0919e-12, |dJcp|=0.0000e+00
Iteration 4650: J=2.1638e-05, Jf=2.1638e-05, Jcp =1.2916e-12, |dJ|=1.1484e-11, |dJcp|=2.2730e-12
Iteration 4655: J=2.1638e-05, Jf=2.1638e-05, Jcp =0.0000e+00, |dJ|=2.8571e-11, |dJcp|=0.0000e+00
Iteration 4660: J=2.1638e-05, Jf=2.1638e-05, Jcp =1.1042e-15, |dJ|=1.0223e-11, |dJcp|=6.6459e-14
Iteration 4665: J=2.1638e-05, Jf=2.1638e-05, Jcp =1.1075e-15, |dJ|=2.7286e-12, |dJcp|=6.6559e-14
Iteration 4670: J=2.1638e-05, Jf=2.1638e-05, Jcp =2.2290e-16, |dJ|=5.1617e-11, |dJcp|=2.9860e-14
Iteration 4675: J=2.1638e-05, Jf=2.1638e-05, Jcp =2.2181e-15, |dJ|=2.1123e-11, |dJcp|=9.4194e-14
Iteration 4680: J=2.1638e-05, Jf=2.1638e-05, Jcp =8.0091e-14, |dJ|=6.1716e-10, |dJcp|=5.6601e-13
Iteration 4685: J=2.1638e-05, Jf=2.1638e-05, Jcp =6.2756e-12, |dJ|=6.3140e-09, |dJcp|=5.0102e-12
Iteration 4690: J=2.1636e-05, Jf=2.1636e-05, Jcp =1.4985e-15, |dJ|=5.5057e-11, |dJcp|=7.7422e-14
Iteration 4695: J=2.1636e-05, Jf=2.1636e-05, Jcp =1.1047e-15, |dJ|=2.9856e-11, |dJcp|=6.6475e-14
Iteration 4700: J=2.1636e-05, Jf=2.1636e-05, Jcp =5.9213e-16, |dJ|=2.1917e-13, |dJcp|=4.8667e-14
STOP: TOTAL NO. OF ITERATIONS REACHED LIMIT
Saving results to /burg-archive/home/tg2998/simsopt/examples/outputs/TG_warmstarter_stage2results_unfixed_True/TF_a_0.400...
