
---> Running optimization for TF_a = 0.300
---> Saving outputs to: /burg-archive/home/tg2998/simsopt/examples/outputs/TG_warmstarter_stage2results_fixed1/TF_a_0.300

Warning: coils_to_vtk will not save forces and torques for coils that do not have a model for their cross section. Please use the RegularizedCoil class.
J=3.0295e-02, Jf=1.3099e-02, CC=0, CS=0.00017196061512461994, |dJ|=3.2653e-02
J=6.5764e-01, Jf=6.5252e-01, CC=0, CS=5.122495785100207e-05, |dJ|=4.0099e-01
J=3.0065e-02, Jf=1.3089e-02, CC=0, CS=0.0001697580439596088, |dJ|=1.8249e-02
J=2.9891e-02, Jf=1.3216e-02, CC=0, CS=0.00016674848521946572, |dJ|=1.1030e-02
J=2.9832e-02, Jf=1.3342e-02, CC=0, CS=0.000164905353144704, |dJ|=5.2212e-03
J=2.9821e-02, Jf=1.3381e-02, CC=0, CS=0.0001643919812781835, |dJ|=3.5364e-03
J=2.9812e-02, Jf=1.3360e-02, CC=0, CS=0.00016452381799436652, |dJ|=4.1747e-03
J=2.9773e-02, Jf=1.3313e-02, CC=0, CS=0.00016460285103921167, |dJ|=1.2674e-02
J=2.9817e-02, Jf=1.4050e-02, CC=0, CS=0.0001576667426752268, |dJ|=3.6347e-02
J=2.9695e-02, Jf=1.3485e-02, CC=0, CS=0.00016210322062932045, |dJ|=2.6331e-02
J=3.9593e-02, Jf=2.3111e-02, CC=0, CS=0.00016481630901529412, |dJ|=1.0871e-01
J=2.9689e-02, Jf=1.3527e-02, CC=0, CS=0.0001616201106412717, |dJ|=2.7364e-02
J=2.9630e-02, Jf=1.3605e-02, CC=0, CS=0.00016025567295079233, |dJ|=2.7925e-02
J=2.9569e-02, Jf=1.3825e-02, CC=0, CS=0.00015743910470779392, |dJ|=2.4934e-02
J=2.9410e-02, Jf=1.3439e-02, CC=0, CS=0.0001597162523971011, |dJ|=1.0447e-02
J=2.9384e-02, Jf=1.3384e-02, CC=0, CS=0.00016000025867556544, |dJ|=9.2767e-04
J=2.9384e-02, Jf=1.3385e-02, CC=0, CS=0.0001599877862912574, |dJ|=2.4745e-04
J=2.9384e-02, Jf=1.3387e-02, CC=0, CS=0.0001599638985826867, |dJ|=1.0801e-04
J=2.9384e-02, Jf=1.3387e-02, CC=0, CS=0.0001599643210277293, |dJ|=2.0487e-05
J=2.9384e-02, Jf=1.3388e-02, CC=0, CS=0.00015996179080516492, |dJ|=1.0716e-05
J=2.9384e-02, Jf=1.3388e-02, CC=0, CS=0.00015996269617303498, |dJ|=1.6948e-06
J=2.9384e-02, Jf=1.3388e-02, CC=0, CS=0.00015996270403702452, |dJ|=3.3702e-07
J=2.9384e-02, Jf=1.3388e-02, CC=0, CS=0.0001599626470634744, |dJ|=2.6632e-08
     Number of Toroidal Dipoles: 8
     Number of Poroidal Dipoles: 10
Initialized 10x8 (npol x ntor) windowpane coils with Rpol=0.058, Rtor_min=0.050, Rtor_max=0.102

===== Starting optimization =====
Current10:x0 1
Current11:x0 1
Current12:x0 1
Current13:x0 1
Current14:x0 1
Current15:x0 1
Current16:x0 1
Current17:x0 1
Current18:x0 1
Current19:x0 1
Current20:x0 1
Current21:x0 1
Current22:x0 1
Current23:x0 1
Current24:x0 1
Current25:x0 1
Current26:x0 1
Current27:x0 1
Current28:x0 1
Current29:x0 1
Current30:x0 1
Current31:x0 1
Current32:x0 1
Current33:x0 1
Current34:x0 1
Current35:x0 1
Current36:x0 1
Current37:x0 1
Current38:x0 1
Current39:x0 1
Current40:x0 1
Current41:x0 1
Current42:x0 1
Current43:x0 1
Current44:x0 1
Current45:x0 1
Current46:x0 1
Current47:x0 1
Current48:x0 1
Current49:x0 1
Current5:x0 1
Current50:x0 1
Current51:x0 1
Current52:x0 1
Current53:x0 1
Current54:x0 1
Current55:x0 1
Current56:x0 1
Current57:x0 1
Current58:x0 1
Current59:x0 1
Current6:x0 1
Current60:x0 1
Current61:x0 1
Current62:x0 1
Current63:x0 1
Current64:x0 1
Current65:x0 1
Current66:x0 1
Current67:x0 1
Current68:x0 1
Current69:x0 1
Current7:x0 1
Current70:x0 1
Current71:x0 1
Current72:x0 1
Current73:x0 1
Current74:x0 1
Current75:x0 1
Current76:x0 1
Current77:x0 1
Current78:x0 1
Current79:x0 1
Current8:x0 1
Current80:x0 1
Current81:x0 1
Current82:x0 1
Current83:x0 1
Current84:x0 1
Current9:x0 1
Iteration 5: J=3.2792e-03, Jf=3.2792e-03, Jcp =0.0000e+00, |dJ|=1.6847e-08, |dJcp|=0.0000e+00
Iteration 10: J=1.4969e-04, Jf=1.4969e-04, Jcp =0.0000e+00, |dJ|=6.9726e-10, |dJcp|=0.0000e+00
Iteration 15: J=1.2681e-04, Jf=1.2681e-04, Jcp =0.0000e+00, |dJ|=1.9410e-10, |dJcp|=0.0000e+00
Iteration 20: J=1.2508e-04, Jf=1.2508e-04, Jcp =0.0000e+00, |dJ|=4.9496e-11, |dJcp|=0.0000e+00
Iteration 25: J=1.2501e-04, Jf=1.2501e-04, Jcp =0.0000e+00, |dJ|=2.0453e-11, |dJcp|=0.0000e+00
Iteration 30: J=1.2500e-04, Jf=1.2500e-04, Jcp =0.0000e+00, |dJ|=5.1167e-12, |dJcp|=0.0000e+00
Iteration 35: J=1.2500e-04, Jf=1.2500e-04, Jcp =0.0000e+00, |dJ|=4.5931e-12, |dJcp|=0.0000e+00
Iteration 40: J=1.2500e-04, Jf=1.2500e-04, Jcp =0.0000e+00, |dJ|=5.4601e-13, |dJcp|=0.0000e+00
Iteration 45: J=1.2500e-04, Jf=1.2500e-04, Jcp =0.0000e+00, |dJ|=6.1786e-14, |dJcp|=0.0000e+00
Iteration 50: J=1.2500e-04, Jf=1.2500e-04, Jcp =0.0000e+00, |dJ|=2.1271e-14, |dJcp|=0.0000e+00
Iteration 55: J=1.2500e-04, Jf=1.2500e-04, Jcp =0.0000e+00, |dJ|=2.1478e-15, |dJcp|=0.0000e+00
Iteration 60: J=1.2500e-04, Jf=1.2500e-04, Jcp =0.0000e+00, |dJ|=9.6314e-16, |dJcp|=0.0000e+00
Iteration 65: J=1.2500e-04, Jf=1.2500e-04, Jcp =0.0000e+00, |dJ|=1.9064e-16, |dJcp|=0.0000e+00
Iteration 70: J=1.2500e-04, Jf=1.2500e-04, Jcp =0.0000e+00, |dJ|=7.4182e-17, |dJcp|=0.0000e+00
CONVERGENCE: RELATIVE REDUCTION OF F <= FACTR*EPSMCH
Saving results to /burg-archive/home/tg2998/simsopt/examples/outputs/TG_warmstarter_stage2results_fixed1/TF_a_0.300...
Warning: coils_to_vtk will not save forces and torques for coils that do not have a model for their cross section. Please use the RegularizedCoil class.

---> Running optimization for TF_a = 0.325
---> Saving outputs to: /burg-archive/home/tg2998/simsopt/examples/outputs/TG_warmstarter_stage2results_fixed1/TF_a_0.325

Warning: coils_to_vtk will not save forces and torques for coils that do not have a model for their cross section. Please use the RegularizedCoil class.
J=1.2990e-02, Jf=8.2718e-03, CC=0, CS=4.7177050293010024e-05, |dJ|=2.4810e-02
J=5.8476e-01, Jf=5.8009e-01, CC=0, CS=4.6775220477179135e-05, |dJ|=1.4262e+00
J=1.2880e-02, Jf=8.2215e-03, CC=0, CS=4.6584224124895604e-05, |dJ|=1.1960e-02
J=1.2845e-02, Jf=8.1808e-03, CC=0, CS=4.663788082385253e-05, |dJ|=1.0200e-02
J=1.2581e-02, Jf=8.0648e-03, CC=0, CS=4.516539171627574e-05, |dJ|=1.1796e-02
J=1.2569e-02, Jf=8.3109e-03, CC=0, CS=4.2580559500207004e-05, |dJ|=1.9220e-02
J=1.2517e-02, Jf=8.1330e-03, CC=0, CS=4.384259856009158e-05, |dJ|=1.1461e-02
J=1.2476e-02, Jf=8.1806e-03, CC=0, CS=4.2958098042738226e-05, |dJ|=6.2121e-03
J=1.2455e-02, Jf=8.0742e-03, CC=0, CS=4.381282473009755e-05, |dJ|=2.6185e-03
J=1.2453e-02, Jf=8.0607e-03, CC=0, CS=4.391953323410235e-05, |dJ|=1.6111e-03
J=1.2452e-02, Jf=8.0597e-03, CC=0, CS=4.3920848718725805e-05, |dJ|=7.9946e-04
J=1.2451e-02, Jf=8.0549e-03, CC=0, CS=4.396594484891886e-05, |dJ|=4.1187e-04
J=1.2451e-02, Jf=8.0375e-03, CC=0, CS=4.413838969126849e-05, |dJ|=4.6949e-04
J=1.2451e-02, Jf=8.0430e-03, CC=0, CS=4.408304876179539e-05, |dJ|=1.8552e-04
J=1.2451e-02, Jf=8.0432e-03, CC=0, CS=4.408107731723189e-05, |dJ|=2.5787e-05
J=1.2451e-02, Jf=8.0432e-03, CC=0, CS=4.408052953477178e-05, |dJ|=1.9914e-05
J=1.2451e-02, Jf=8.0436e-03, CC=0, CS=4.407679751941853e-05, |dJ|=2.4100e-06
J=1.2451e-02, Jf=8.0436e-03, CC=0, CS=4.407678292790982e-05, |dJ|=1.5528e-07
J=1.2451e-02, Jf=8.0436e-03, CC=0, CS=4.40767570713855e-05, |dJ|=1.4357e-08
     Number of Toroidal Dipoles: 8
     Number of Poroidal Dipoles: 10
Initialized 10x8 (npol x ntor) windowpane coils with Rpol=0.058, Rtor_min=0.050, Rtor_max=0.102

===== Starting optimization =====
Current173:x0 1
Current174:x0 1
Current175:x0 1
Current176:x0 1
Current177:x0 1
Current178:x0 1
Current179:x0 1
Current180:x0 1
Current181:x0 1
Current182:x0 1
Current183:x0 1
Current184:x0 1
Current185:x0 1
Current186:x0 1
Current187:x0 1
Current188:x0 1
Current189:x0 1
Current190:x0 1
Current191:x0 1
Current192:x0 1
Current193:x0 1
Current194:x0 1
Current195:x0 1
Current196:x0 1
Current197:x0 1
Current198:x0 1
Current199:x0 1
Current200:x0 1
Current201:x0 1
Current202:x0 1
Current203:x0 1
Current204:x0 1
Current205:x0 1
Current206:x0 1
Current207:x0 1
Current208:x0 1
Current209:x0 1
Current210:x0 1
Current211:x0 1
Current212:x0 1
Current213:x0 1
Current214:x0 1
Current215:x0 1
Current216:x0 1
Current217:x0 1
Current218:x0 1
Current219:x0 1
Current220:x0 1
Current221:x0 1
Current222:x0 1
Current223:x0 1
Current224:x0 1
Current225:x0 1
Current226:x0 1
Current227:x0 1
Current228:x0 1
Current229:x0 1
Current230:x0 1
Current231:x0 1
Current232:x0 1
Current233:x0 1
Current234:x0 1
Current235:x0 1
Current236:x0 1
Current237:x0 1
Current238:x0 1
Current239:x0 1
Current240:x0 1
Current241:x0 1
Current242:x0 1
Current243:x0 1
Current244:x0 1
Current245:x0 1
Current246:x0 1
Current247:x0 1
Current248:x0 1
Current249:x0 1
Current250:x0 1
Current251:x0 1
Current252:x0 1
Iteration 5: J=1.9687e-03, Jf=1.9687e-03, Jcp =0.0000e+00, |dJ|=1.2878e-08, |dJcp|=0.0000e+00
Iteration 10: J=7.8763e-05, Jf=7.8763e-05, Jcp =0.0000e+00, |dJ|=5.8915e-10, |dJcp|=0.0000e+00
Iteration 15: J=6.1411e-05, Jf=6.1411e-05, Jcp =0.0000e+00, |dJ|=1.6277e-10, |dJcp|=0.0000e+00
Iteration 20: J=6.0779e-05, Jf=6.0779e-05, Jcp =0.0000e+00, |dJ|=1.1111e-10, |dJcp|=0.0000e+00
Iteration 25: J=6.0657e-05, Jf=6.0657e-05, Jcp =0.0000e+00, |dJ|=2.8927e-11, |dJcp|=0.0000e+00
Iteration 30: J=6.0647e-05, Jf=6.0647e-05, Jcp =0.0000e+00, |dJ|=4.9317e-12, |dJcp|=0.0000e+00
Iteration 35: J=6.0645e-05, Jf=6.0645e-05, Jcp =0.0000e+00, |dJ|=8.1952e-13, |dJcp|=0.0000e+00
Iteration 40: J=6.0645e-05, Jf=6.0645e-05, Jcp =0.0000e+00, |dJ|=4.0398e-13, |dJcp|=0.0000e+00
Iteration 45: J=6.0645e-05, Jf=6.0645e-05, Jcp =0.0000e+00, |dJ|=5.8593e-14, |dJcp|=0.0000e+00
Iteration 50: J=6.0645e-05, Jf=6.0645e-05, Jcp =0.0000e+00, |dJ|=1.6072e-14, |dJcp|=0.0000e+00
Iteration 55: J=6.0645e-05, Jf=6.0645e-05, Jcp =0.0000e+00, |dJ|=3.3430e-15, |dJcp|=0.0000e+00
Iteration 60: J=6.0645e-05, Jf=6.0645e-05, Jcp =0.0000e+00, |dJ|=1.6666e-15, |dJcp|=0.0000e+00
Iteration 65: J=6.0645e-05, Jf=6.0645e-05, Jcp =0.0000e+00, |dJ|=3.0318e-16, |dJcp|=0.0000e+00
Iteration 70: J=6.0645e-05, Jf=6.0645e-05, Jcp =0.0000e+00, |dJ|=8.6855e-17, |dJcp|=0.0000e+00
Iteration 75: J=6.0645e-05, Jf=6.0645e-05, Jcp =0.0000e+00, |dJ|=2.8867e-17, |dJcp|=0.0000e+00
CONVERGENCE: RELATIVE REDUCTION OF F <= FACTR*EPSMCH
Saving results to /burg-archive/home/tg2998/simsopt/examples/outputs/TG_warmstarter_stage2results_fixed1/TF_a_0.325...
Warning: coils_to_vtk will not save forces and torques for coils that do not have a model for their cross section. Please use the RegularizedCoil class.

---> Running optimization for TF_a = 0.350
---> Saving outputs to: /burg-archive/home/tg2998/simsopt/examples/outputs/TG_warmstarter_stage2results_fixed1/TF_a_0.350

Warning: coils_to_vtk will not save forces and torques for coils that do not have a model for their cross section. Please use the RegularizedCoil class.
J=5.9902e-03, Jf=5.8529e-03, CC=0, CS=1.3733043835266886e-06, |dJ|=2.2762e-02
J=1.9761e-01, Jf=1.9031e-01, CC=0, CS=7.297803717011566e-05, |dJ|=1.1795e+00
J=5.7151e-03, Jf=5.2066e-03, CC=0, CS=5.085406575612768e-06, |dJ|=2.7550e-02
J=5.4924e-03, Jf=5.1489e-03, CC=0, CS=3.435312375727971e-06, |dJ|=1.1345e-02
J=5.3723e-03, Jf=5.0824e-03, CC=0, CS=2.898594923890545e-06, |dJ|=7.4456e-03
J=5.3251e-03, Jf=5.0782e-03, CC=0, CS=2.4689482996518683e-06, |dJ|=3.5716e-03
J=5.3241e-03, Jf=5.0531e-03, CC=0, CS=2.7097894699863158e-06, |dJ|=4.0049e-03
J=5.3199e-03, Jf=5.0535e-03, CC=0, CS=2.664501326555633e-06, |dJ|=8.6608e-04
J=5.3195e-03, Jf=5.0527e-03, CC=0, CS=2.6680448170652046e-06, |dJ|=6.7051e-04
J=5.3186e-03, Jf=5.0501e-03, CC=0, CS=2.6844582236680723e-06, |dJ|=6.1536e-04
J=5.3185e-03, Jf=5.0540e-03, CC=0, CS=2.6446449323484016e-06, |dJ|=7.8315e-04
J=5.3184e-03, Jf=5.0527e-03, CC=0, CS=2.656647888670568e-06, |dJ|=7.6100e-05
J=5.3184e-03, Jf=5.0528e-03, CC=0, CS=2.655860027052855e-06, |dJ|=2.3791e-05
J=5.3184e-03, Jf=5.0528e-03, CC=0, CS=2.6556913276625854e-06, |dJ|=1.4455e-05
J=5.3184e-03, Jf=5.0528e-03, CC=0, CS=2.6560799276929708e-06, |dJ|=1.1528e-05
J=5.3184e-03, Jf=5.0527e-03, CC=0, CS=2.6567099312576425e-06, |dJ|=1.2778e-06
J=5.3184e-03, Jf=5.0527e-03, CC=0, CS=2.6567505298263604e-06, |dJ|=5.6526e-07
J=5.3184e-03, Jf=5.0527e-03, CC=0, CS=2.6567232525861273e-06, |dJ|=5.1333e-07
     Number of Toroidal Dipoles: 8
     Number of Poroidal Dipoles: 10
Initialized 10x8 (npol x ntor) windowpane coils with Rpol=0.058, Rtor_min=0.050, Rtor_max=0.102

===== Starting optimization =====
Current341:x0 1
Current342:x0 1
Current343:x0 1
Current344:x0 1
Current345:x0 1
Current346:x0 1
Current347:x0 1
Current348:x0 1
Current349:x0 1
Current350:x0 1
Current351:x0 1
Current352:x0 1
Current353:x0 1
Current354:x0 1
Current355:x0 1
Current356:x0 1
Current357:x0 1
Current358:x0 1
Current359:x0 1
Current360:x0 1
Current361:x0 1
Current362:x0 1
Current363:x0 1
Current364:x0 1
Current365:x0 1
Current366:x0 1
Current367:x0 1
Current368:x0 1
Current369:x0 1
Current370:x0 1
Current371:x0 1
Current372:x0 1
Current373:x0 1
Current374:x0 1
Current375:x0 1
Current376:x0 1
Current377:x0 1
Current378:x0 1
Current379:x0 1
Current380:x0 1
Current381:x0 1
Current382:x0 1
Current383:x0 1
Current384:x0 1
Current385:x0 1
Current386:x0 1
Current387:x0 1
Current388:x0 1
Current389:x0 1
Current390:x0 1
Current391:x0 1
Current392:x0 1
Current393:x0 1
Current394:x0 1
Current395:x0 1
Current396:x0 1
Current397:x0 1
Current398:x0 1
Current399:x0 1
Current400:x0 1
Current401:x0 1
Current402:x0 1
Current403:x0 1
Current404:x0 1
Current405:x0 1
Current406:x0 1
Current407:x0 1
Current408:x0 1
Current409:x0 1
Current410:x0 1
Current411:x0 1
Current412:x0 1
Current413:x0 1
Current414:x0 1
Current415:x0 1
Current416:x0 1
Current417:x0 1
Current418:x0 1
Current419:x0 1
Current420:x0 1
Iteration 5: J=1.2378e-03, Jf=1.2378e-03, Jcp =0.0000e+00, |dJ|=9.9059e-09, |dJcp|=0.0000e+00
Iteration 10: J=6.4055e-05, Jf=6.4055e-05, Jcp =0.0000e+00, |dJ|=6.1014e-10, |dJcp|=0.0000e+00
Iteration 15: J=4.6318e-05, Jf=4.6318e-05, Jcp =0.0000e+00, |dJ|=1.6030e-10, |dJcp|=0.0000e+00
Iteration 20: J=4.4881e-05, Jf=4.4881e-05, Jcp =0.0000e+00, |dJ|=4.1303e-11, |dJcp|=0.0000e+00
Iteration 25: J=4.4803e-05, Jf=4.4803e-05, Jcp =0.0000e+00, |dJ|=1.9286e-11, |dJcp|=0.0000e+00
Iteration 30: J=4.4798e-05, Jf=4.4798e-05, Jcp =0.0000e+00, |dJ|=9.5828e-12, |dJcp|=0.0000e+00
Iteration 35: J=4.4797e-05, Jf=4.4797e-05, Jcp =0.0000e+00, |dJ|=1.3671e-12, |dJcp|=0.0000e+00
Iteration 40: J=4.4797e-05, Jf=4.4797e-05, Jcp =0.0000e+00, |dJ|=6.4509e-13, |dJcp|=0.0000e+00
Iteration 45: J=4.4797e-05, Jf=4.4797e-05, Jcp =0.0000e+00, |dJ|=6.8950e-14, |dJcp|=0.0000e+00
Iteration 50: J=4.4797e-05, Jf=4.4797e-05, Jcp =0.0000e+00, |dJ|=1.9700e-14, |dJcp|=0.0000e+00
Iteration 55: J=4.4797e-05, Jf=4.4797e-05, Jcp =0.0000e+00, |dJ|=4.8710e-15, |dJcp|=0.0000e+00
Iteration 60: J=4.4797e-05, Jf=4.4797e-05, Jcp =0.0000e+00, |dJ|=1.1597e-15, |dJcp|=0.0000e+00
Iteration 65: J=4.4797e-05, Jf=4.4797e-05, Jcp =0.0000e+00, |dJ|=3.9738e-16, |dJcp|=0.0000e+00
Iteration 70: J=4.4797e-05, Jf=4.4797e-05, Jcp =0.0000e+00, |dJ|=1.2562e-16, |dJcp|=0.0000e+00
Iteration 75: J=4.4797e-05, Jf=4.4797e-05, Jcp =0.0000e+00, |dJ|=1.3431e-17, |dJcp|=0.0000e+00
CONVERGENCE: RELATIVE REDUCTION OF F <= FACTR*EPSMCH
Saving results to /burg-archive/home/tg2998/simsopt/examples/outputs/TG_warmstarter_stage2results_fixed1/TF_a_0.350...
Warning: coils_to_vtk will not save forces and torques for coils that do not have a model for their cross section. Please use the RegularizedCoil class.

---> Running optimization for TF_a = 0.375
---> Saving outputs to: /burg-archive/home/tg2998/simsopt/examples/outputs/TG_warmstarter_stage2results_fixed1/TF_a_0.375

Warning: coils_to_vtk will not save forces and torques for coils that do not have a model for their cross section. Please use the RegularizedCoil class.
J=4.6167e-03, Jf=4.6167e-03, CC=0, CS=0, |dJ|=2.3450e-02
J=1.5871e-01, Jf=1.4973e-01, CC=4.389158301502591e-06, CS=8.542023738383845e-05, |dJ|=7.1278e-01
J=4.2446e-03, Jf=4.2446e-03, CC=0, CS=0, |dJ|=1.7503e-02
J=3.7300e-03, Jf=3.6299e-03, CC=0, CS=1.0008305982172748e-06, |dJ|=1.0530e-02
J=3.6925e-03, Jf=3.6843e-03, CC=0, CS=8.166317455524818e-08, |dJ|=6.2159e-03
J=3.6755e-03, Jf=3.6509e-03, CC=0, CS=2.455888196351289e-07, |dJ|=1.3917e-03
J=3.6739e-03, Jf=3.6454e-03, CC=0, CS=2.8528841566981936e-07, |dJ|=8.6692e-04
J=3.6725e-03, Jf=3.6420e-03, CC=0, CS=3.05351513090207e-07, |dJ|=6.9312e-04
J=3.6719e-03, Jf=3.6414e-03, CC=0, CS=3.0540122626635816e-07, |dJ|=3.1143e-04
J=3.6719e-03, Jf=3.6434e-03, CC=0, CS=2.851596712535205e-07, |dJ|=2.3205e-04
J=3.6719e-03, Jf=3.6428e-03, CC=0, CS=2.909193535387106e-07, |dJ|=2.6517e-05
J=3.6719e-03, Jf=3.6428e-03, CC=0, CS=2.9080829316641656e-07, |dJ|=1.8405e-05
J=3.6719e-03, Jf=3.6428e-03, CC=0, CS=2.912106355709371e-07, |dJ|=4.6457e-06
J=3.6719e-03, Jf=3.6428e-03, CC=0, CS=2.909312435113106e-07, |dJ|=7.8612e-06
J=3.6719e-03, Jf=3.6428e-03, CC=0, CS=2.9109599359117614e-07, |dJ|=2.6673e-06
J=3.6719e-03, Jf=3.6428e-03, CC=0, CS=2.911591830508437e-07, |dJ|=6.7019e-07
J=3.6719e-03, Jf=3.6428e-03, CC=0, CS=2.911762012031703e-07, |dJ|=2.7361e-07
     Number of Toroidal Dipoles: 8
     Number of Poroidal Dipoles: 10
Initialized 10x8 (npol x ntor) windowpane coils with Rpol=0.058, Rtor_min=0.050, Rtor_max=0.102

===== Starting optimization =====
Current509:x0 1
Current510:x0 1
Current511:x0 1
Current512:x0 1
Current513:x0 1
Current514:x0 1
Current515:x0 1
Current516:x0 1
Current517:x0 1
Current518:x0 1
Current519:x0 1
Current520:x0 1
Current521:x0 1
Current522:x0 1
Current523:x0 1
Current524:x0 1
Current525:x0 1
Current526:x0 1
Current527:x0 1
Current528:x0 1
Current529:x0 1
Current530:x0 1
Current531:x0 1
Current532:x0 1
Current533:x0 1
Current534:x0 1
Current535:x0 1
Current536:x0 1
Current537:x0 1
Current538:x0 1
Current539:x0 1
Current540:x0 1
Current541:x0 1
Current542:x0 1
Current543:x0 1
Current544:x0 1
Current545:x0 1
Current546:x0 1
Current547:x0 1
Current548:x0 1
Current549:x0 1
Current550:x0 1
Current551:x0 1
Current552:x0 1
Current553:x0 1
Current554:x0 1
Current555:x0 1
Current556:x0 1
Current557:x0 1
Current558:x0 1
Current559:x0 1
Current560:x0 1
Current561:x0 1
Current562:x0 1
Current563:x0 1
Current564:x0 1
Current565:x0 1
Current566:x0 1
Current567:x0 1
Current568:x0 1
Current569:x0 1
Current570:x0 1
Current571:x0 1
Current572:x0 1
Current573:x0 1
Current574:x0 1
Current575:x0 1
Current576:x0 1
Current577:x0 1
Current578:x0 1
Current579:x0 1
Current580:x0 1
Current581:x0 1
Current582:x0 1
Current583:x0 1
Current584:x0 1
Current585:x0 1
Current586:x0 1
Current587:x0 1
Current588:x0 1
Iteration 5: J=8.9574e-04, Jf=8.9574e-04, Jcp =0.0000e+00, |dJ|=8.2272e-09, |dJcp|=0.0000e+00
Iteration 10: J=4.6466e-05, Jf=4.6466e-05, Jcp =0.0000e+00, |dJ|=4.7732e-10, |dJcp|=0.0000e+00
Iteration 15: J=3.8215e-05, Jf=3.8215e-05, Jcp =0.0000e+00, |dJ|=3.7531e-10, |dJcp|=0.0000e+00
Iteration 20: J=3.7196e-05, Jf=3.7196e-05, Jcp =0.0000e+00, |dJ|=3.2576e-11, |dJcp|=0.0000e+00
Iteration 25: J=3.7146e-05, Jf=3.7146e-05, Jcp =0.0000e+00, |dJ|=2.9902e-11, |dJcp|=0.0000e+00
Iteration 30: J=3.7133e-05, Jf=3.7133e-05, Jcp =0.0000e+00, |dJ|=4.4034e-12, |dJcp|=0.0000e+00
Iteration 35: J=3.7132e-05, Jf=3.7132e-05, Jcp =0.0000e+00, |dJ|=1.3557e-12, |dJcp|=0.0000e+00
Iteration 40: J=3.7132e-05, Jf=3.7132e-05, Jcp =0.0000e+00, |dJ|=2.3842e-12, |dJcp|=0.0000e+00
Iteration 45: J=3.7132e-05, Jf=3.7132e-05, Jcp =0.0000e+00, |dJ|=1.2856e-13, |dJcp|=0.0000e+00
Iteration 50: J=3.7132e-05, Jf=3.7132e-05, Jcp =0.0000e+00, |dJ|=3.6922e-14, |dJcp|=0.0000e+00
Iteration 55: J=3.7132e-05, Jf=3.7132e-05, Jcp =0.0000e+00, |dJ|=3.1197e-15, |dJcp|=0.0000e+00
Iteration 60: J=3.7132e-05, Jf=3.7132e-05, Jcp =0.0000e+00, |dJ|=1.7907e-15, |dJcp|=0.0000e+00
Iteration 65: J=3.7132e-05, Jf=3.7132e-05, Jcp =0.0000e+00, |dJ|=4.5989e-16, |dJcp|=0.0000e+00
Iteration 70: J=3.7132e-05, Jf=3.7132e-05, Jcp =0.0000e+00, |dJ|=2.2226e-16, |dJcp|=0.0000e+00
CONVERGENCE: RELATIVE REDUCTION OF F <= FACTR*EPSMCH
Saving results to /burg-archive/home/tg2998/simsopt/examples/outputs/TG_warmstarter_stage2results_fixed1/TF_a_0.375...
Warning: coils_to_vtk will not save forces and torques for coils that do not have a model for their cross section. Please use the RegularizedCoil class.

---> Running optimization for TF_a = 0.400
---> Saving outputs to: /burg-archive/home/tg2998/simsopt/examples/outputs/TG_warmstarter_stage2results_fixed1/TF_a_0.400

Warning: coils_to_vtk will not save forces and torques for coils that do not have a model for their cross section. Please use the RegularizedCoil class.
J=3.9714e-03, Jf=3.9714e-03, CC=0, CS=0, |dJ|=2.2277e-02
J=2.1197e-01, Jf=1.9551e-01, CC=7.545694123472775e-05, CS=8.917150962695746e-05, |dJ|=3.8540e-01
J=3.5416e-03, Jf=3.5416e-03, CC=0, CS=0, |dJ|=1.5504e-02
J=3.0274e-03, Jf=3.0274e-03, CC=0, CS=0, |dJ|=3.6406e-03
J=3.0017e-03, Jf=3.0009e-03, CC=0, CS=8.067310011304955e-09, |dJ|=3.7610e-03
J=2.9837e-03, Jf=2.9817e-03, CC=0, CS=1.958320385793709e-08, |dJ|=2.1980e-03
J=2.9740e-03, Jf=2.9699e-03, CC=0, CS=4.1637270089767974e-08, |dJ|=3.5938e-04
J=2.9738e-03, Jf=2.9698e-03, CC=0, CS=4.022640666645981e-08, |dJ|=2.0815e-04
J=2.9737e-03, Jf=2.9693e-03, CC=0, CS=4.4056635116492085e-08, |dJ|=1.0894e-04
J=2.9737e-03, Jf=2.9696e-03, CC=0, CS=4.06967735377499e-08, |dJ|=5.4217e-05
J=2.9737e-03, Jf=2.9695e-03, CC=0, CS=4.1856378403128155e-08, |dJ|=9.3964e-06
J=2.9737e-03, Jf=2.9695e-03, CC=0, CS=4.190870663375395e-08, |dJ|=5.1921e-06
J=2.9737e-03, Jf=2.9695e-03, CC=0, CS=4.193038010987497e-08, |dJ|=2.4804e-07
J=2.9737e-03, Jf=2.9695e-03, CC=0, CS=4.193374373919049e-08, |dJ|=4.7906e-08
     Number of Toroidal Dipoles: 8
     Number of Poroidal Dipoles: 10
Initialized 10x8 (npol x ntor) windowpane coils with Rpol=0.058, Rtor_min=0.050, Rtor_max=0.102

===== Starting optimization =====
Current677:x0 1
Current678:x0 1
Current679:x0 1
Current680:x0 1
Current681:x0 1
Current682:x0 1
Current683:x0 1
Current684:x0 1
Current685:x0 1
Current686:x0 1
Current687:x0 1
Current688:x0 1
Current689:x0 1
Current690:x0 1
Current691:x0 1
Current692:x0 1
Current693:x0 1
Current694:x0 1
Current695:x0 1
Current696:x0 1
Current697:x0 1
Current698:x0 1
Current699:x0 1
Current700:x0 1
Current701:x0 1
Current702:x0 1
Current703:x0 1
Current704:x0 1
Current705:x0 1
Current706:x0 1
Current707:x0 1
Current708:x0 1
Current709:x0 1
Current710:x0 1
Current711:x0 1
Current712:x0 1
Current713:x0 1
Current714:x0 1
Current715:x0 1
Current716:x0 1
Current717:x0 1
Current718:x0 1
Current719:x0 1
Current720:x0 1
Current721:x0 1
Current722:x0 1
Current723:x0 1
Current724:x0 1
Current725:x0 1
Current726:x0 1
Current727:x0 1
Current728:x0 1
Current729:x0 1
Current730:x0 1
Current731:x0 1
Current732:x0 1
Current733:x0 1
Current734:x0 1
Current735:x0 1
Current736:x0 1
Current737:x0 1
Current738:x0 1
Current739:x0 1
Current740:x0 1
Current741:x0 1
Current742:x0 1
Current743:x0 1
Current744:x0 1
Current745:x0 1
Current746:x0 1
Current747:x0 1
Current748:x0 1
Current749:x0 1
Current750:x0 1
Current751:x0 1
Current752:x0 1
Current753:x0 1
Current754:x0 1
Current755:x0 1
Current756:x0 1
Iteration 5: J=7.3202e-04, Jf=7.3202e-04, Jcp =0.0000e+00, |dJ|=7.3540e-09, |dJcp|=0.0000e+00
Iteration 10: J=4.2220e-05, Jf=4.2220e-05, Jcp =0.0000e+00, |dJ|=9.0779e-10, |dJcp|=0.0000e+00
Iteration 15: J=3.3280e-05, Jf=3.3280e-05, Jcp =0.0000e+00, |dJ|=9.0032e-11, |dJcp|=0.0000e+00
Iteration 20: J=3.2855e-05, Jf=3.2855e-05, Jcp =0.0000e+00, |dJ|=2.0814e-11, |dJcp|=0.0000e+00
Iteration 25: J=3.2817e-05, Jf=3.2817e-05, Jcp =0.0000e+00, |dJ|=1.1087e-11, |dJcp|=0.0000e+00
Iteration 30: J=3.2812e-05, Jf=3.2812e-05, Jcp =0.0000e+00, |dJ|=3.4079e-12, |dJcp|=0.0000e+00
Iteration 35: J=3.2811e-05, Jf=3.2811e-05, Jcp =0.0000e+00, |dJ|=9.6251e-13, |dJcp|=0.0000e+00
Iteration 40: J=3.2811e-05, Jf=3.2811e-05, Jcp =0.0000e+00, |dJ|=2.0553e-13, |dJcp|=0.0000e+00
Iteration 45: J=3.2811e-05, Jf=3.2811e-05, Jcp =0.0000e+00, |dJ|=3.9764e-14, |dJcp|=0.0000e+00
Iteration 50: J=3.2811e-05, Jf=3.2811e-05, Jcp =0.0000e+00, |dJ|=1.1341e-14, |dJcp|=0.0000e+00
Iteration 55: J=3.2811e-05, Jf=3.2811e-05, Jcp =0.0000e+00, |dJ|=1.8783e-15, |dJcp|=0.0000e+00
Iteration 60: J=3.2811e-05, Jf=3.2811e-05, Jcp =0.0000e+00, |dJ|=4.2780e-16, |dJcp|=0.0000e+00
Iteration 65: J=3.2811e-05, Jf=3.2811e-05, Jcp =0.0000e+00, |dJ|=1.4028e-16, |dJcp|=0.0000e+00
Iteration 70: J=3.2811e-05, Jf=3.2811e-05, Jcp =0.0000e+00, |dJ|=7.0693e-17, |dJcp|=0.0000e+00
CONVERGENCE: RELATIVE REDUCTION OF F <= FACTR*EPSMCH
Saving results to /burg-archive/home/tg2998/simsopt/examples/outputs/TG_warmstarter_stage2results_fixed1/TF_a_0.400...
Warning: coils_to_vtk will not save forces and torques for coils that do not have a model for their cross section. Please use the RegularizedCoil class.

---> Running optimization for TF_a = 0.425
---> Saving outputs to: /burg-archive/home/tg2998/simsopt/examples/outputs/TG_warmstarter_stage2results_fixed1/TF_a_0.425

Warning: coils_to_vtk will not save forces and torques for coils that do not have a model for their cross section. Please use the RegularizedCoil class.
J=3.6272e-03, Jf=3.6272e-03, CC=0, CS=0, |dJ|=2.1649e-02
J=1.9023e-01, Jf=1.7139e-01, CC=0.00011765649029888561, CS=7.069273121811743e-05, |dJ|=7.5680e-01
J=2.8297e-03, Jf=2.8297e-03, CC=0, CS=0, |dJ|=9.6918e-03
J=2.7079e-03, Jf=2.7079e-03, CC=0, CS=0, |dJ|=2.5480e-03
J=2.6933e-03, Jf=2.6933e-03, CC=0, CS=0, |dJ|=2.0969e-03
J=2.6564e-03, Jf=2.6564e-03, CC=0, CS=0, |dJ|=2.0359e-03
J=2.6393e-03, Jf=2.6393e-03, CC=0, CS=0, |dJ|=1.2157e-03
J=2.6399e-03, Jf=2.6399e-03, CC=0, CS=3.294196569133292e-10, |dJ|=1.3771e-03
J=2.6376e-03, Jf=2.6376e-03, CC=0, CS=0, |dJ|=5.3129e-04
J=2.6372e-03, Jf=2.6372e-03, CC=0, CS=3.3811880111993206e-14, |dJ|=7.8999e-05
J=2.6372e-03, Jf=2.6372e-03, CC=0, CS=0, |dJ|=1.0029e-05
J=2.6372e-03, Jf=2.6372e-03, CC=0, CS=0, |dJ|=5.2879e-06
J=2.6372e-03, Jf=2.6372e-03, CC=0, CS=0, |dJ|=6.2451e-07
J=2.6372e-03, Jf=2.6372e-03, CC=0, CS=0, |dJ|=1.4137e-07
     Number of Toroidal Dipoles: 8
     Number of Poroidal Dipoles: 10
Initialized 10x8 (npol x ntor) windowpane coils with Rpol=0.058, Rtor_min=0.050, Rtor_max=0.102

===== Starting optimization =====
Current845:x0 1
Current846:x0 1
Current847:x0 1
Current848:x0 1
Current849:x0 1
Current850:x0 1
Current851:x0 1
Current852:x0 1
Current853:x0 1
Current854:x0 1
Current855:x0 1
Current856:x0 1
Current857:x0 1
Current858:x0 1
Current859:x0 1
Current860:x0 1
Current861:x0 1
Current862:x0 1
Current863:x0 1
Current864:x0 1
Current865:x0 1
Current866:x0 1
Current867:x0 1
Current868:x0 1
Current869:x0 1
Current870:x0 1
Current871:x0 1
Current872:x0 1
Current873:x0 1
Current874:x0 1
Current875:x0 1
Current876:x0 1
Current877:x0 1
Current878:x0 1
Current879:x0 1
Current880:x0 1
Current881:x0 1
Current882:x0 1
Current883:x0 1
Current884:x0 1
Current885:x0 1
Current886:x0 1
Current887:x0 1
Current888:x0 1
Current889:x0 1
Current890:x0 1
Current891:x0 1
Current892:x0 1
Current893:x0 1
Current894:x0 1
Current895:x0 1
Current896:x0 1
Current897:x0 1
Current898:x0 1
Current899:x0 1
Current900:x0 1
Current901:x0 1
Current902:x0 1
Current903:x0 1
Current904:x0 1
Current905:x0 1
Current906:x0 1
Current907:x0 1
Current908:x0 1
Current909:x0 1
Current910:x0 1
Current911:x0 1
Current912:x0 1
Current913:x0 1
Current914:x0 1
Current915:x0 1
Current916:x0 1
Current917:x0 1
Current918:x0 1
Current919:x0 1
Current920:x0 1
Current921:x0 1
Current922:x0 1
Current923:x0 1
Current924:x0 1
Iteration 5: J=6.5116e-04, Jf=6.5116e-04, Jcp =0.0000e+00, |dJ|=6.9124e-09, |dJcp|=0.0000e+00
Iteration 10: J=3.6596e-05, Jf=3.6596e-05, Jcp =0.0000e+00, |dJ|=3.9453e-10, |dJcp|=0.0000e+00
Iteration 15: J=3.0496e-05, Jf=3.0496e-05, Jcp =0.0000e+00, |dJ|=8.8314e-11, |dJcp|=0.0000e+00
Iteration 20: J=3.0149e-05, Jf=3.0149e-05, Jcp =0.0000e+00, |dJ|=2.7399e-11, |dJcp|=0.0000e+00
Iteration 25: J=3.0115e-05, Jf=3.0115e-05, Jcp =0.0000e+00, |dJ|=6.6538e-12, |dJcp|=0.0000e+00
Iteration 30: J=3.0113e-05, Jf=3.0113e-05, Jcp =0.0000e+00, |dJ|=5.7043e-12, |dJcp|=0.0000e+00
Iteration 35: J=3.0112e-05, Jf=3.0112e-05, Jcp =0.0000e+00, |dJ|=6.8484e-13, |dJcp|=0.0000e+00
Iteration 40: J=3.0112e-05, Jf=3.0112e-05, Jcp =0.0000e+00, |dJ|=1.7146e-13, |dJcp|=0.0000e+00
Iteration 45: J=3.0112e-05, Jf=3.0112e-05, Jcp =0.0000e+00, |dJ|=3.0177e-14, |dJcp|=0.0000e+00
Iteration 50: J=3.0112e-05, Jf=3.0112e-05, Jcp =0.0000e+00, |dJ|=8.7805e-15, |dJcp|=0.0000e+00
Iteration 55: J=3.0112e-05, Jf=3.0112e-05, Jcp =0.0000e+00, |dJ|=2.6043e-15, |dJcp|=0.0000e+00
Iteration 60: J=3.0112e-05, Jf=3.0112e-05, Jcp =0.0000e+00, |dJ|=6.3279e-16, |dJcp|=0.0000e+00
Iteration 65: J=3.0112e-05, Jf=3.0112e-05, Jcp =0.0000e+00, |dJ|=1.3837e-16, |dJcp|=0.0000e+00
Iteration 70: J=3.0112e-05, Jf=3.0112e-05, Jcp =0.0000e+00, |dJ|=7.5511e-17, |dJcp|=0.0000e+00
CONVERGENCE: RELATIVE REDUCTION OF F <= FACTR*EPSMCH
Saving results to /burg-archive/home/tg2998/simsopt/examples/outputs/TG_warmstarter_stage2results_fixed1/TF_a_0.425...
Warning: coils_to_vtk will not save forces and torques for coils that do not have a model for their cross section. Please use the RegularizedCoil class.

---> Running optimization for TF_a = 0.450
---> Saving outputs to: /burg-archive/home/tg2998/simsopt/examples/outputs/TG_warmstarter_stage2results_fixed1/TF_a_0.450

Warning: coils_to_vtk will not save forces and torques for coils that do not have a model for their cross section. Please use the RegularizedCoil class.
J=3.4399e-03, Jf=3.4399e-03, CC=0, CS=0, |dJ|=2.1257e-02
J=1.7590e-01, Jf=1.5876e-01, CC=0.00010806755669092581, CS=6.325097485139399e-05, |dJ|=4.1951e-01
J=3.0664e-03, Jf=3.0664e-03, CC=0, CS=0, |dJ|=1.5825e-02
J=2.5310e-03, Jf=2.5310e-03, CC=0, CS=0, |dJ|=1.9894e-03
J=2.5190e-03, Jf=2.5190e-03, CC=0, CS=0, |dJ|=1.6007e-03
J=2.5013e-03, Jf=2.5013e-03, CC=0, CS=0, |dJ|=1.8344e-03
J=2.4745e-03, Jf=2.4745e-03, CC=0, CS=0, |dJ|=1.3151e-03
J=2.4808e-03, Jf=2.4808e-03, CC=0, CS=0, |dJ|=2.9447e-03
J=2.4692e-03, Jf=2.4692e-03, CC=0, CS=0, |dJ|=1.3448e-03
J=2.4655e-03, Jf=2.4655e-03, CC=0, CS=0, |dJ|=3.4221e-04
J=2.4653e-03, Jf=2.4653e-03, CC=0, CS=0, |dJ|=3.9448e-05
J=2.4653e-03, Jf=2.4653e-03, CC=0, CS=0, |dJ|=8.6440e-06
J=2.4653e-03, Jf=2.4653e-03, CC=0, CS=0, |dJ|=2.4054e-06
J=2.4653e-03, Jf=2.4653e-03, CC=0, CS=0, |dJ|=2.7628e-07
J=2.4653e-03, Jf=2.4653e-03, CC=0, CS=0, |dJ|=5.8536e-08
     Number of Toroidal Dipoles: 8
     Number of Poroidal Dipoles: 10
Initialized 10x8 (npol x ntor) windowpane coils with Rpol=0.058, Rtor_min=0.050, Rtor_max=0.102

===== Starting optimization =====
Current1013:x0 1
Current1014:x0 1
Current1015:x0 1
Current1016:x0 1
Current1017:x0 1
Current1018:x0 1
Current1019:x0 1
Current1020:x0 1
Current1021:x0 1
Current1022:x0 1
Current1023:x0 1
Current1024:x0 1
Current1025:x0 1
Current1026:x0 1
Current1027:x0 1
Current1028:x0 1
Current1029:x0 1
Current1030:x0 1
Current1031:x0 1
Current1032:x0 1
Current1033:x0 1
Current1034:x0 1
Current1035:x0 1
Current1036:x0 1
Current1037:x0 1
Current1038:x0 1
Current1039:x0 1
Current1040:x0 1
Current1041:x0 1
Current1042:x0 1
Current1043:x0 1
Current1044:x0 1
Current1045:x0 1
Current1046:x0 1
Current1047:x0 1
Current1048:x0 1
Current1049:x0 1
Current1050:x0 1
Current1051:x0 1
Current1052:x0 1
Current1053:x0 1
Current1054:x0 1
Current1055:x0 1
Current1056:x0 1
Current1057:x0 1
Current1058:x0 1
Current1059:x0 1
Current1060:x0 1
Current1061:x0 1
Current1062:x0 1
Current1063:x0 1
Current1064:x0 1
Current1065:x0 1
Current1066:x0 1
Current1067:x0 1
Current1068:x0 1
Current1069:x0 1
Current1070:x0 1
Current1071:x0 1
Current1072:x0 1
Current1073:x0 1
Current1074:x0 1
Current1075:x0 1
Current1076:x0 1
Current1077:x0 1
Current1078:x0 1
Current1079:x0 1
Current1080:x0 1
Current1081:x0 1
Current1082:x0 1
Current1083:x0 1
Current1084:x0 1
Current1085:x0 1
Current1086:x0 1
Current1087:x0 1
Current1088:x0 1
Current1089:x0 1
Current1090:x0 1
Current1091:x0 1
Current1092:x0 1
Iteration 5: J=6.0927e-04, Jf=6.0927e-04, Jcp =0.0000e+00, |dJ|=6.6727e-09, |dJcp|=0.0000e+00
Iteration 10: J=3.5431e-05, Jf=3.5431e-05, Jcp =0.0000e+00, |dJ|=3.9230e-10, |dJcp|=0.0000e+00
Iteration 15: J=2.8523e-05, Jf=2.8523e-05, Jcp =0.0000e+00, |dJ|=9.9370e-11, |dJcp|=0.0000e+00
Iteration 20: J=2.8140e-05, Jf=2.8140e-05, Jcp =0.0000e+00, |dJ|=2.4905e-11, |dJcp|=0.0000e+00
Iteration 25: J=2.8111e-05, Jf=2.8111e-05, Jcp =0.0000e+00, |dJ|=6.9426e-12, |dJcp|=0.0000e+00
Iteration 30: J=2.8109e-05, Jf=2.8109e-05, Jcp =0.0000e+00, |dJ|=8.1013e-12, |dJcp|=0.0000e+00
Iteration 35: J=2.8108e-05, Jf=2.8108e-05, Jcp =0.0000e+00, |dJ|=1.2619e-12, |dJcp|=0.0000e+00
Iteration 40: J=2.8108e-05, Jf=2.8108e-05, Jcp =0.0000e+00, |dJ|=1.4727e-13, |dJcp|=0.0000e+00
Iteration 45: J=2.8108e-05, Jf=2.8108e-05, Jcp =0.0000e+00, |dJ|=2.7620e-14, |dJcp|=0.0000e+00
Iteration 50: J=2.8108e-05, Jf=2.8108e-05, Jcp =0.0000e+00, |dJ|=9.7533e-15, |dJcp|=0.0000e+00
Iteration 55: J=2.8108e-05, Jf=2.8108e-05, Jcp =0.0000e+00, |dJ|=1.6773e-15, |dJcp|=0.0000e+00
Iteration 60: J=2.8108e-05, Jf=2.8108e-05, Jcp =0.0000e+00, |dJ|=4.3561e-16, |dJcp|=0.0000e+00
Iteration 65: J=2.8108e-05, Jf=2.8108e-05, Jcp =0.0000e+00, |dJ|=1.3809e-16, |dJcp|=0.0000e+00
Iteration 70: J=2.8108e-05, Jf=2.8108e-05, Jcp =0.0000e+00, |dJ|=1.3613e-17, |dJcp|=0.0000e+00
CONVERGENCE: RELATIVE REDUCTION OF F <= FACTR*EPSMCH
Saving results to /burg-archive/home/tg2998/simsopt/examples/outputs/TG_warmstarter_stage2results_fixed1/TF_a_0.450...
Warning: coils_to_vtk will not save forces and torques for coils that do not have a model for their cross section. Please use the RegularizedCoil class.

---> Running optimization for TF_a = 0.475
---> Saving outputs to: /burg-archive/home/tg2998/simsopt/examples/outputs/TG_warmstarter_stage2results_fixed1/TF_a_0.475

Warning: coils_to_vtk will not save forces and torques for coils that do not have a model for their cross section. Please use the RegularizedCoil class.
J=3.3362e-03, Jf=3.3362e-03, CC=0, CS=0, |dJ|=2.0957e-02
J=1.9703e-01, Jf=1.8599e-01, CC=5.6605512185906295e-05, CS=5.379587369024619e-05, |dJ|=6.7304e-01
J=3.0442e-03, Jf=3.0442e-03, CC=0, CS=0, |dJ|=1.6962e-02
J=2.4262e-03, Jf=2.4262e-03, CC=0, CS=0, |dJ|=1.5236e-03
J=2.4193e-03, Jf=2.4193e-03, CC=0, CS=0, |dJ|=1.0951e-03
J=2.4106e-03, Jf=2.4106e-03, CC=0, CS=0, |dJ|=1.2395e-03
J=2.3939e-03, Jf=2.3939e-03, CC=0, CS=0, |dJ|=1.3684e-03
J=2.3840e-03, Jf=2.3840e-03, CC=0, CS=0, |dJ|=2.6467e-03
J=2.3738e-03, Jf=2.3738e-03, CC=0, CS=0, |dJ|=8.1163e-04
J=2.3726e-03, Jf=2.3726e-03, CC=0, CS=0, |dJ|=1.2287e-04
J=2.3725e-03, Jf=2.3725e-03, CC=0, CS=0, |dJ|=3.1185e-05
J=2.3725e-03, Jf=2.3725e-03, CC=0, CS=0, |dJ|=6.3798e-06
J=2.3725e-03, Jf=2.3725e-03, CC=0, CS=0, |dJ|=1.9972e-06
J=2.3725e-03, Jf=2.3725e-03, CC=0, CS=0, |dJ|=1.5458e-07
J=2.3725e-03, Jf=2.3725e-03, CC=0, CS=0, |dJ|=1.2343e-08
     Number of Toroidal Dipoles: 8
     Number of Poroidal Dipoles: 10
Initialized 10x8 (npol x ntor) windowpane coils with Rpol=0.058, Rtor_min=0.050, Rtor_max=0.102

===== Starting optimization =====
Current1181:x0 1
Current1182:x0 1
Current1183:x0 1
Current1184:x0 1
Current1185:x0 1
Current1186:x0 1
Current1187:x0 1
Current1188:x0 1
Current1189:x0 1
Current1190:x0 1
Current1191:x0 1
Current1192:x0 1
Current1193:x0 1
Current1194:x0 1
Current1195:x0 1
Current1196:x0 1
Current1197:x0 1
Current1198:x0 1
Current1199:x0 1
Current1200:x0 1
Current1201:x0 1
Current1202:x0 1
Current1203:x0 1
Current1204:x0 1
Current1205:x0 1
Current1206:x0 1
Current1207:x0 1
Current1208:x0 1
Current1209:x0 1
Current1210:x0 1
Current1211:x0 1
Current1212:x0 1
Current1213:x0 1
Current1214:x0 1
Current1215:x0 1
Current1216:x0 1
Current1217:x0 1
Current1218:x0 1
Current1219:x0 1
Current1220:x0 1
Current1221:x0 1
Current1222:x0 1
Current1223:x0 1
Current1224:x0 1
Current1225:x0 1
Current1226:x0 1
Current1227:x0 1
Current1228:x0 1
Current1229:x0 1
Current1230:x0 1
Current1231:x0 1
Current1232:x0 1
Current1233:x0 1
Current1234:x0 1
Current1235:x0 1
Current1236:x0 1
Current1237:x0 1
Current1238:x0 1
Current1239:x0 1
Current1240:x0 1
Current1241:x0 1
Current1242:x0 1
Current1243:x0 1
Current1244:x0 1
Current1245:x0 1
Current1246:x0 1
Current1247:x0 1
Current1248:x0 1
Current1249:x0 1
Current1250:x0 1
Current1251:x0 1
Current1252:x0 1
Current1253:x0 1
Current1254:x0 1
Current1255:x0 1
Current1256:x0 1
Current1257:x0 1
Current1258:x0 1
Current1259:x0 1
Current1260:x0 1
Iteration 5: J=5.8667e-04, Jf=5.8667e-04, Jcp =0.0000e+00, |dJ|=6.5487e-09, |dJcp|=0.0000e+00
Iteration 10: J=3.4498e-05, Jf=3.4498e-05, Jcp =0.0000e+00, |dJ|=4.0120e-10, |dJcp|=0.0000e+00
Iteration 15: J=2.7215e-05, Jf=2.7215e-05, Jcp =0.0000e+00, |dJ|=9.9656e-11, |dJcp|=0.0000e+00
Iteration 20: J=2.6835e-05, Jf=2.6835e-05, Jcp =0.0000e+00, |dJ|=1.8138e-11, |dJcp|=0.0000e+00
Iteration 25: J=2.6798e-05, Jf=2.6798e-05, Jcp =0.0000e+00, |dJ|=6.4095e-12, |dJcp|=0.0000e+00
Iteration 30: J=2.6794e-05, Jf=2.6794e-05, Jcp =0.0000e+00, |dJ|=7.0590e-12, |dJcp|=0.0000e+00
Iteration 35: J=2.6794e-05, Jf=2.6794e-05, Jcp =0.0000e+00, |dJ|=2.5826e-12, |dJcp|=0.0000e+00
Iteration 40: J=2.6794e-05, Jf=2.6794e-05, Jcp =0.0000e+00, |dJ|=3.6167e-13, |dJcp|=0.0000e+00
Iteration 45: J=2.6794e-05, Jf=2.6794e-05, Jcp =0.0000e+00, |dJ|=3.5205e-14, |dJcp|=0.0000e+00
Iteration 50: J=2.6794e-05, Jf=2.6794e-05, Jcp =0.0000e+00, |dJ|=1.3660e-14, |dJcp|=0.0000e+00
Iteration 55: J=2.6794e-05, Jf=2.6794e-05, Jcp =0.0000e+00, |dJ|=2.0372e-15, |dJcp|=0.0000e+00
Iteration 60: J=2.6794e-05, Jf=2.6794e-05, Jcp =0.0000e+00, |dJ|=5.6259e-16, |dJcp|=0.0000e+00
Iteration 65: J=2.6794e-05, Jf=2.6794e-05, Jcp =0.0000e+00, |dJ|=1.7811e-16, |dJcp|=0.0000e+00
Iteration 70: J=2.6794e-05, Jf=2.6794e-05, Jcp =0.0000e+00, |dJ|=5.5635e-17, |dJcp|=0.0000e+00
CONVERGENCE: RELATIVE REDUCTION OF F <= FACTR*EPSMCH
Saving results to /burg-archive/home/tg2998/simsopt/examples/outputs/TG_warmstarter_stage2results_fixed1/TF_a_0.475...
Warning: coils_to_vtk will not save forces and torques for coils that do not have a model for their cross section. Please use the RegularizedCoil class.

---> Running optimization for TF_a = 0.500
---> Saving outputs to: /burg-archive/home/tg2998/simsopt/examples/outputs/TG_warmstarter_stage2results_fixed1/TF_a_0.500

Warning: coils_to_vtk will not save forces and torques for coils that do not have a model for their cross section. Please use the RegularizedCoil class.
J=3.2778e-03, Jf=3.2778e-03, CC=0, CS=0, |dJ|=2.0688e-02
J=1.9950e-01, Jf=1.8775e-01, CC=7.388570263399604e-05, CS=4.36030655096205e-05, |dJ|=6.3525e-01
J=2.5152e-03, Jf=2.5152e-03, CC=0, CS=0, |dJ|=7.8045e-03
J=2.3624e-03, Jf=2.3624e-03, CC=0, CS=0, |dJ|=1.1251e-03
J=2.3581e-03, Jf=2.3581e-03, CC=0, CS=0, |dJ|=7.4874e-04
J=2.3538e-03, Jf=2.3538e-03, CC=0, CS=0, |dJ|=8.1369e-04
J=2.3446e-03, Jf=2.3446e-03, CC=0, CS=0, |dJ|=1.0208e-03
J=2.3313e-03, Jf=2.3313e-03, CC=0, CS=0, |dJ|=1.4460e-03
J=2.3250e-03, Jf=2.3250e-03, CC=0, CS=0, |dJ|=1.3802e-03
J=2.3210e-03, Jf=2.3210e-03, CC=0, CS=0, |dJ|=2.2908e-04
J=2.3207e-03, Jf=2.3207e-03, CC=0, CS=0, |dJ|=9.0349e-05
J=2.3207e-03, Jf=2.3207e-03, CC=0, CS=0, |dJ|=2.4202e-05
J=2.3207e-03, Jf=2.3207e-03, CC=0, CS=0, |dJ|=8.2304e-06
J=2.3207e-03, Jf=2.3207e-03, CC=0, CS=0, |dJ|=6.6803e-07
J=2.3207e-03, Jf=2.3207e-03, CC=0, CS=0, |dJ|=1.9031e-07
J=2.3207e-03, Jf=2.3207e-03, CC=0, CS=0, |dJ|=1.8986e-08
     Number of Toroidal Dipoles: 8
     Number of Poroidal Dipoles: 10
Initialized 10x8 (npol x ntor) windowpane coils with Rpol=0.058, Rtor_min=0.050, Rtor_max=0.102

===== Starting optimization =====
Current1349:x0 1
Current1350:x0 1
Current1351:x0 1
Current1352:x0 1
Current1353:x0 1
Current1354:x0 1
Current1355:x0 1
Current1356:x0 1
Current1357:x0 1
Current1358:x0 1
Current1359:x0 1
Current1360:x0 1
Current1361:x0 1
Current1362:x0 1
Current1363:x0 1
Current1364:x0 1
Current1365:x0 1
Current1366:x0 1
Current1367:x0 1
Current1368:x0 1
Current1369:x0 1
Current1370:x0 1
Current1371:x0 1
Current1372:x0 1
Current1373:x0 1
Current1374:x0 1
Current1375:x0 1
Current1376:x0 1
Current1377:x0 1
Current1378:x0 1
Current1379:x0 1
Current1380:x0 1
Current1381:x0 1
Current1382:x0 1
Current1383:x0 1
Current1384:x0 1
Current1385:x0 1
Current1386:x0 1
Current1387:x0 1
Current1388:x0 1
Current1389:x0 1
Current1390:x0 1
Current1391:x0 1
Current1392:x0 1
Current1393:x0 1
Current1394:x0 1
Current1395:x0 1
Current1396:x0 1
Current1397:x0 1
Current1398:x0 1
Current1399:x0 1
Current1400:x0 1
Current1401:x0 1
Current1402:x0 1
Current1403:x0 1
Current1404:x0 1
Current1405:x0 1
Current1406:x0 1
Current1407:x0 1
Current1408:x0 1
Current1409:x0 1
Current1410:x0 1
Current1411:x0 1
Current1412:x0 1
Current1413:x0 1
Current1414:x0 1
Current1415:x0 1
Current1416:x0 1
Current1417:x0 1
Current1418:x0 1
Current1419:x0 1
Current1420:x0 1
Current1421:x0 1
Current1422:x0 1
Current1423:x0 1
Current1424:x0 1
Current1425:x0 1
Current1426:x0 1
Current1427:x0 1
Current1428:x0 1
Iteration 5: J=5.7406e-04, Jf=5.7406e-04, Jcp =0.0000e+00, |dJ|=6.4849e-09, |dJcp|=0.0000e+00
Iteration 10: J=3.3747e-05, Jf=3.3747e-05, Jcp =0.0000e+00, |dJ|=4.0120e-10, |dJcp|=0.0000e+00
Iteration 15: J=2.6344e-05, Jf=2.6344e-05, Jcp =0.0000e+00, |dJ|=8.6829e-11, |dJcp|=0.0000e+00
Iteration 20: J=2.5961e-05, Jf=2.5961e-05, Jcp =0.0000e+00, |dJ|=2.1567e-11, |dJcp|=0.0000e+00
Iteration 25: J=2.5930e-05, Jf=2.5930e-05, Jcp =0.0000e+00, |dJ|=1.1562e-11, |dJcp|=0.0000e+00
Iteration 30: J=2.5928e-05, Jf=2.5928e-05, Jcp =0.0000e+00, |dJ|=8.3094e-12, |dJcp|=0.0000e+00
Iteration 35: J=2.5927e-05, Jf=2.5927e-05, Jcp =0.0000e+00, |dJ|=1.2774e-12, |dJcp|=0.0000e+00
Iteration 40: J=2.5927e-05, Jf=2.5927e-05, Jcp =0.0000e+00, |dJ|=2.7871e-13, |dJcp|=0.0000e+00
Iteration 45: J=2.5927e-05, Jf=2.5927e-05, Jcp =0.0000e+00, |dJ|=3.8681e-14, |dJcp|=0.0000e+00
Iteration 50: J=2.5927e-05, Jf=2.5927e-05, Jcp =0.0000e+00, |dJ|=1.1585e-14, |dJcp|=0.0000e+00
Iteration 55: J=2.5927e-05, Jf=2.5927e-05, Jcp =0.0000e+00, |dJ|=1.6217e-15, |dJcp|=0.0000e+00
Iteration 60: J=2.5927e-05, Jf=2.5927e-05, Jcp =0.0000e+00, |dJ|=2.9613e-16, |dJcp|=0.0000e+00
Iteration 65: J=2.5927e-05, Jf=2.5927e-05, Jcp =0.0000e+00, |dJ|=1.8896e-16, |dJcp|=0.0000e+00
CONVERGENCE: RELATIVE REDUCTION OF F <= FACTR*EPSMCH
Saving results to /burg-archive/home/tg2998/simsopt/examples/outputs/TG_warmstarter_stage2results_fixed1/TF_a_0.500...
Warning: coils_to_vtk will not save forces and torques for coils that do not have a model for their cross section. Please use the RegularizedCoil class.

---> Running optimization for TF_a = 0.525
---> Saving outputs to: /burg-archive/home/tg2998/simsopt/examples/outputs/TG_warmstarter_stage2results_fixed1/TF_a_0.525

Warning: coils_to_vtk will not save forces and torques for coils that do not have a model for their cross section. Please use the RegularizedCoil class.
J=3.2445e-03, Jf=3.2445e-03, CC=0, CS=0, |dJ|=2.0426e-02
J=1.6155e-01, Jf=1.4820e-01, CC=9.369462642026032e-05, CS=3.979842043653833e-05, |dJ|=1.1658e+00
J=4.4792e-03, Jf=4.4792e-03, CC=0, CS=0, |dJ|=3.5100e-02
J=2.3799e-03, Jf=2.3799e-03, CC=0, CS=0, |dJ|=5.3949e-03
J=2.3236e-03, Jf=2.3236e-03, CC=0, CS=0, |dJ|=9.3244e-04
J=2.3211e-03, Jf=2.3211e-03, CC=0, CS=0, |dJ|=5.8571e-04
J=2.3180e-03, Jf=2.3180e-03, CC=0, CS=0, |dJ|=5.1080e-04
J=2.3151e-03, Jf=2.3151e-03, CC=0, CS=0, |dJ|=6.1504e-04
J=2.3068e-03, Jf=2.3068e-03, CC=0, CS=0, |dJ|=8.8252e-04
J=2.2962e-03, Jf=2.2962e-03, CC=0, CS=0, |dJ|=9.6374e-04
J=2.2987e-03, Jf=2.2987e-03, CC=0, CS=0, |dJ|=1.7500e-03
J=2.2924e-03, Jf=2.2924e-03, CC=0, CS=0, |dJ|=8.1033e-04
J=2.2906e-03, Jf=2.2906e-03, CC=0, CS=0, |dJ|=1.4974e-04
J=2.2904e-03, Jf=2.2904e-03, CC=0, CS=0, |dJ|=6.5987e-05
J=2.2904e-03, Jf=2.2904e-03, CC=0, CS=0, |dJ|=1.6451e-05
J=2.2904e-03, Jf=2.2904e-03, CC=0, CS=0, |dJ|=3.8768e-06
J=2.2904e-03, Jf=2.2904e-03, CC=0, CS=0, |dJ|=7.3811e-07
J=2.2904e-03, Jf=2.2904e-03, CC=0, CS=0, |dJ|=8.3379e-08
J=2.2904e-03, Jf=2.2904e-03, CC=0, CS=0, |dJ|=2.6092e-08
     Number of Toroidal Dipoles: 8
     Number of Poroidal Dipoles: 10
Initialized 10x8 (npol x ntor) windowpane coils with Rpol=0.058, Rtor_min=0.050, Rtor_max=0.102

===== Starting optimization =====
Current1517:x0 1
Current1518:x0 1
Current1519:x0 1
Current1520:x0 1
Current1521:x0 1
Current1522:x0 1
Current1523:x0 1
Current1524:x0 1
Current1525:x0 1
Current1526:x0 1
Current1527:x0 1
Current1528:x0 1
Current1529:x0 1
Current1530:x0 1
Current1531:x0 1
Current1532:x0 1
Current1533:x0 1
Current1534:x0 1
Current1535:x0 1
Current1536:x0 1
Current1537:x0 1
Current1538:x0 1
Current1539:x0 1
Current1540:x0 1
Current1541:x0 1
Current1542:x0 1
Current1543:x0 1
Current1544:x0 1
Current1545:x0 1
Current1546:x0 1
Current1547:x0 1
Current1548:x0 1
Current1549:x0 1
Current1550:x0 1
Current1551:x0 1
Current1552:x0 1
Current1553:x0 1
Current1554:x0 1
Current1555:x0 1
Current1556:x0 1
Current1557:x0 1
Current1558:x0 1
Current1559:x0 1
Current1560:x0 1
Current1561:x0 1
Current1562:x0 1
Current1563:x0 1
Current1564:x0 1
Current1565:x0 1
Current1566:x0 1
Current1567:x0 1
Current1568:x0 1
Current1569:x0 1
Current1570:x0 1
Current1571:x0 1
Current1572:x0 1
Current1573:x0 1
Current1574:x0 1
Current1575:x0 1
Current1576:x0 1
Current1577:x0 1
Current1578:x0 1
Current1579:x0 1
Current1580:x0 1
Current1581:x0 1
Current1582:x0 1
Current1583:x0 1
Current1584:x0 1
Current1585:x0 1
Current1586:x0 1
Current1587:x0 1
Current1588:x0 1
Current1589:x0 1
Current1590:x0 1
Current1591:x0 1
Current1592:x0 1
Current1593:x0 1
Current1594:x0 1
Current1595:x0 1
Current1596:x0 1
Iteration 5: J=5.6669e-04, Jf=5.6669e-04, Jcp =0.0000e+00, |dJ|=6.4524e-09, |dJcp|=0.0000e+00
Iteration 10: J=3.3193e-05, Jf=3.3193e-05, Jcp =0.0000e+00, |dJ|=3.9944e-10, |dJcp|=0.0000e+00
Iteration 15: J=2.5883e-05, Jf=2.5883e-05, Jcp =0.0000e+00, |dJ|=8.5894e-11, |dJcp|=0.0000e+00
Iteration 20: J=2.5395e-05, Jf=2.5395e-05, Jcp =0.0000e+00, |dJ|=2.3581e-11, |dJcp|=0.0000e+00
Iteration 25: J=2.5346e-05, Jf=2.5346e-05, Jcp =0.0000e+00, |dJ|=6.9635e-12, |dJcp|=0.0000e+00
Iteration 30: J=2.5342e-05, Jf=2.5342e-05, Jcp =0.0000e+00, |dJ|=3.5500e-12, |dJcp|=0.0000e+00
Iteration 35: J=2.5342e-05, Jf=2.5342e-05, Jcp =0.0000e+00, |dJ|=7.8425e-13, |dJcp|=0.0000e+00
Iteration 40: J=2.5342e-05, Jf=2.5342e-05, Jcp =0.0000e+00, |dJ|=2.9920e-13, |dJcp|=0.0000e+00
Iteration 45: J=2.5342e-05, Jf=2.5342e-05, Jcp =0.0000e+00, |dJ|=1.0793e-13, |dJcp|=0.0000e+00
Iteration 50: J=2.5342e-05, Jf=2.5342e-05, Jcp =0.0000e+00, |dJ|=3.1985e-14, |dJcp|=0.0000e+00
Iteration 55: J=2.5342e-05, Jf=2.5342e-05, Jcp =0.0000e+00, |dJ|=4.3036e-15, |dJcp|=0.0000e+00
Iteration 60: J=2.5342e-05, Jf=2.5342e-05, Jcp =0.0000e+00, |dJ|=1.1446e-15, |dJcp|=0.0000e+00
Iteration 65: J=2.5342e-05, Jf=2.5342e-05, Jcp =0.0000e+00, |dJ|=3.1398e-16, |dJcp|=0.0000e+00
Iteration 70: J=2.5342e-05, Jf=2.5342e-05, Jcp =0.0000e+00, |dJ|=4.7265e-17, |dJcp|=0.0000e+00
CONVERGENCE: RELATIVE REDUCTION OF F <= FACTR*EPSMCH
Saving results to /burg-archive/home/tg2998/simsopt/examples/outputs/TG_warmstarter_stage2results_fixed1/TF_a_0.525...
Warning: coils_to_vtk will not save forces and torques for coils that do not have a model for their cross section. Please use the RegularizedCoil class.

---> Running optimization for TF_a = 0.550
---> Saving outputs to: /burg-archive/home/tg2998/simsopt/examples/outputs/TG_warmstarter_stage2results_fixed1/TF_a_0.550

Warning: coils_to_vtk will not save forces and torques for coils that do not have a model for their cross section. Please use the RegularizedCoil class.
J=3.2252e-03, Jf=3.2252e-03, CC=0, CS=0, |dJ|=2.0159e-02
J=1.3826e-01, Jf=1.1736e-01, CC=0.0001677245728887829, CS=4.12689980106749e-05, |dJ|=4.3912e-01
J=2.3597e-03, Jf=2.3597e-03, CC=0, CS=0, |dJ|=5.9122e-03
J=2.2994e-03, Jf=2.2994e-03, CC=0, CS=0, |dJ|=8.5705e-04
J=2.2974e-03, Jf=2.2974e-03, CC=0, CS=0, |dJ|=5.7399e-04
J=2.2948e-03, Jf=2.2948e-03, CC=0, CS=0, |dJ|=3.3659e-04
J=2.2936e-03, Jf=2.2936e-03, CC=0, CS=0, |dJ|=3.5243e-04
J=2.2885e-03, Jf=2.2885e-03, CC=0, CS=0, |dJ|=5.5255e-04
J=2.2807e-03, Jf=2.2807e-03, CC=0, CS=0, |dJ|=7.5899e-04
J=2.2869e-03, Jf=2.2869e-03, CC=0, CS=0, |dJ|=2.4096e-03
J=2.2759e-03, Jf=2.2759e-03, CC=0, CS=0, |dJ|=9.4891e-04
J=2.2722e-03, Jf=2.2722e-03, CC=0, CS=0, |dJ|=2.7300e-04
J=2.2717e-03, Jf=2.2717e-03, CC=0, CS=0, |dJ|=1.4430e-04
J=2.2716e-03, Jf=2.2716e-03, CC=0, CS=0, |dJ|=4.3261e-05
J=2.2716e-03, Jf=2.2716e-03, CC=0, CS=0, |dJ|=1.4226e-05
J=2.2716e-03, Jf=2.2716e-03, CC=0, CS=0, |dJ|=4.5305e-06
J=2.2716e-03, Jf=2.2716e-03, CC=0, CS=0, |dJ|=1.3884e-06
J=2.2716e-03, Jf=2.2716e-03, CC=0, CS=0, |dJ|=1.8955e-07
J=2.2716e-03, Jf=2.2716e-03, CC=0, CS=0, |dJ|=2.1317e-08
     Number of Toroidal Dipoles: 8
     Number of Poroidal Dipoles: 10
Initialized 10x8 (npol x ntor) windowpane coils with Rpol=0.058, Rtor_min=0.050, Rtor_max=0.102

===== Starting optimization =====
Current1685:x0 1
Current1686:x0 1
Current1687:x0 1
Current1688:x0 1
Current1689:x0 1
Current1690:x0 1
Current1691:x0 1
Current1692:x0 1
Current1693:x0 1
Current1694:x0 1
Current1695:x0 1
Current1696:x0 1
Current1697:x0 1
Current1698:x0 1
Current1699:x0 1
Current1700:x0 1
Current1701:x0 1
Current1702:x0 1
Current1703:x0 1
Current1704:x0 1
Current1705:x0 1
Current1706:x0 1
Current1707:x0 1
Current1708:x0 1
Current1709:x0 1
Current1710:x0 1
Current1711:x0 1
Current1712:x0 1
Current1713:x0 1
Current1714:x0 1
Current1715:x0 1
Current1716:x0 1
Current1717:x0 1
Current1718:x0 1
Current1719:x0 1
Current1720:x0 1
Current1721:x0 1
Current1722:x0 1
Current1723:x0 1
Current1724:x0 1
Current1725:x0 1
Current1726:x0 1
Current1727:x0 1
Current1728:x0 1
Current1729:x0 1
Current1730:x0 1
Current1731:x0 1
Current1732:x0 1
Current1733:x0 1
Current1734:x0 1
Current1735:x0 1
Current1736:x0 1
Current1737:x0 1
Current1738:x0 1
Current1739:x0 1
Current1740:x0 1
Current1741:x0 1
Current1742:x0 1
Current1743:x0 1
Current1744:x0 1
Current1745:x0 1
Current1746:x0 1
Current1747:x0 1
Current1748:x0 1
Current1749:x0 1
Current1750:x0 1
Current1751:x0 1
Current1752:x0 1
Current1753:x0 1
Current1754:x0 1
Current1755:x0 1
Current1756:x0 1
Current1757:x0 1
Current1758:x0 1
Current1759:x0 1
Current1760:x0 1
Current1761:x0 1
Current1762:x0 1
Current1763:x0 1
Current1764:x0 1
Iteration 5: J=5.6211e-04, Jf=5.6211e-04, Jcp =0.0000e+00, |dJ|=6.4366e-09, |dJcp|=0.0000e+00
Iteration 10: J=3.2778e-05, Jf=3.2778e-05, Jcp =0.0000e+00, |dJ|=3.9755e-10, |dJcp|=0.0000e+00
Iteration 15: J=2.5661e-05, Jf=2.5661e-05, Jcp =0.0000e+00, |dJ|=1.0582e-10, |dJcp|=0.0000e+00
Iteration 20: J=2.4988e-05, Jf=2.4988e-05, Jcp =0.0000e+00, |dJ|=2.3843e-11, |dJcp|=0.0000e+00
Iteration 25: J=2.4930e-05, Jf=2.4930e-05, Jcp =0.0000e+00, |dJ|=8.7634e-12, |dJcp|=0.0000e+00
Iteration 30: J=2.4925e-05, Jf=2.4925e-05, Jcp =0.0000e+00, |dJ|=4.2091e-12, |dJcp|=0.0000e+00
Iteration 35: J=2.4924e-05, Jf=2.4924e-05, Jcp =0.0000e+00, |dJ|=1.0324e-12, |dJcp|=0.0000e+00
Iteration 40: J=2.4924e-05, Jf=2.4924e-05, Jcp =0.0000e+00, |dJ|=6.7249e-13, |dJcp|=0.0000e+00
Iteration 45: J=2.4924e-05, Jf=2.4924e-05, Jcp =0.0000e+00, |dJ|=6.5989e-14, |dJcp|=0.0000e+00
Iteration 50: J=2.4924e-05, Jf=2.4924e-05, Jcp =0.0000e+00, |dJ|=1.7146e-14, |dJcp|=0.0000e+00
Iteration 55: J=2.4924e-05, Jf=2.4924e-05, Jcp =0.0000e+00, |dJ|=5.5012e-15, |dJcp|=0.0000e+00
Iteration 60: J=2.4924e-05, Jf=2.4924e-05, Jcp =0.0000e+00, |dJ|=1.9275e-15, |dJcp|=0.0000e+00
Iteration 65: J=2.4924e-05, Jf=2.4924e-05, Jcp =0.0000e+00, |dJ|=2.0925e-16, |dJcp|=0.0000e+00
Iteration 70: J=2.4924e-05, Jf=2.4924e-05, Jcp =0.0000e+00, |dJ|=8.5097e-17, |dJcp|=0.0000e+00
CONVERGENCE: RELATIVE REDUCTION OF F <= FACTR*EPSMCH
Saving results to /burg-archive/home/tg2998/simsopt/examples/outputs/TG_warmstarter_stage2results_fixed1/TF_a_0.550...
Warning: coils_to_vtk will not save forces and torques for coils that do not have a model for their cross section. Please use the RegularizedCoil class.

---> Running optimization for TF_a = 0.575
---> Saving outputs to: /burg-archive/home/tg2998/simsopt/examples/outputs/TG_warmstarter_stage2results_fixed1/TF_a_0.575

Warning: coils_to_vtk will not save forces and torques for coils that do not have a model for their cross section. Please use the RegularizedCoil class.
J=3.2140e-03, Jf=3.2140e-03, CC=0, CS=0, |dJ|=1.9881e-02
J=1.1802e-01, Jf=1.0124e-01, CC=0.0001201927446939481, CS=4.7636738797098866e-05, |dJ|=3.1263e-01
J=2.4777e-03, Jf=2.4777e-03, CC=0, CS=0, |dJ|=8.5751e-03
J=2.2839e-03, Jf=2.2839e-03, CC=0, CS=0, |dJ|=8.6469e-04
J=2.2810e-03, Jf=2.2810e-03, CC=0, CS=0, |dJ|=4.8362e-04
J=2.2790e-03, Jf=2.2790e-03, CC=0, CS=0, |dJ|=2.9343e-04
J=2.2783e-03, Jf=2.2783e-03, CC=0, CS=0, |dJ|=3.1683e-04
J=2.2776e-03, Jf=2.2776e-03, CC=0, CS=0, |dJ|=2.6198e-04
J=2.2761e-03, Jf=2.2761e-03, CC=0, CS=0, |dJ|=3.2162e-04
J=2.2722e-03, Jf=2.2722e-03, CC=0, CS=0, |dJ|=5.3033e-04
J=2.2642e-03, Jf=2.2642e-03, CC=0, CS=0, |dJ|=6.5204e-04
J=2.3044e-03, Jf=2.3044e-03, CC=0, CS=0, |dJ|=2.6497e-03
J=2.2615e-03, Jf=2.2615e-03, CC=0, CS=0, |dJ|=6.6396e-04
J=2.2603e-03, Jf=2.2603e-03, CC=0, CS=0, |dJ|=3.6491e-04
J=2.2594e-03, Jf=2.2594e-03, CC=0, CS=0, |dJ|=2.9401e-04
J=2.2590e-03, Jf=2.2590e-03, CC=0, CS=0, |dJ|=8.1656e-05
J=2.2589e-03, Jf=2.2589e-03, CC=0, CS=0, |dJ|=1.6650e-05
J=2.2589e-03, Jf=2.2589e-03, CC=0, CS=0, |dJ|=5.3814e-06
J=2.2589e-03, Jf=2.2589e-03, CC=0, CS=0, |dJ|=2.3004e-06
J=2.2589e-03, Jf=2.2589e-03, CC=0, CS=0, |dJ|=9.0063e-07
J=2.2589e-03, Jf=2.2589e-03, CC=0, CS=0, |dJ|=1.1390e-07
J=2.2589e-03, Jf=2.2589e-03, CC=0, CS=0, |dJ|=1.2532e-08
     Number of Toroidal Dipoles: 8
     Number of Poroidal Dipoles: 10
Initialized 10x8 (npol x ntor) windowpane coils with Rpol=0.058, Rtor_min=0.050, Rtor_max=0.102

===== Starting optimization =====
Current1853:x0 1
Current1854:x0 1
Current1855:x0 1
Current1856:x0 1
Current1857:x0 1
Current1858:x0 1
Current1859:x0 1
Current1860:x0 1
Current1861:x0 1
Current1862:x0 1
Current1863:x0 1
Current1864:x0 1
Current1865:x0 1
Current1866:x0 1
Current1867:x0 1
Current1868:x0 1
Current1869:x0 1
Current1870:x0 1
Current1871:x0 1
Current1872:x0 1
Current1873:x0 1
Current1874:x0 1
Current1875:x0 1
Current1876:x0 1
Current1877:x0 1
Current1878:x0 1
Current1879:x0 1
Current1880:x0 1
Current1881:x0 1
Current1882:x0 1
Current1883:x0 1
Current1884:x0 1
Current1885:x0 1
Current1886:x0 1
Current1887:x0 1
Current1888:x0 1
Current1889:x0 1
Current1890:x0 1
Current1891:x0 1
Current1892:x0 1
Current1893:x0 1
Current1894:x0 1
Current1895:x0 1
Current1896:x0 1
Current1897:x0 1
Current1898:x0 1
Current1899:x0 1
Current1900:x0 1
Current1901:x0 1
Current1902:x0 1
Current1903:x0 1
Current1904:x0 1
Current1905:x0 1
Current1906:x0 1
Current1907:x0 1
Current1908:x0 1
Current1909:x0 1
Current1910:x0 1
Current1911:x0 1
Current1912:x0 1
Current1913:x0 1
Current1914:x0 1
Current1915:x0 1
Current1916:x0 1
Current1917:x0 1
Current1918:x0 1
Current1919:x0 1
Current1920:x0 1
Current1921:x0 1
Current1922:x0 1
Current1923:x0 1
Current1924:x0 1
Current1925:x0 1
Current1926:x0 1
Current1927:x0 1
Current1928:x0 1
Current1929:x0 1
Current1930:x0 1
Current1931:x0 1
Current1932:x0 1
Iteration 5: J=5.5903e-04, Jf=5.5903e-04, Jcp =0.0000e+00, |dJ|=6.4299e-09, |dJcp|=0.0000e+00
Iteration 10: J=3.2449e-05, Jf=3.2449e-05, Jcp =0.0000e+00, |dJ|=3.9582e-10, |dJcp|=0.0000e+00
Iteration 15: J=2.5327e-05, Jf=2.5327e-05, Jcp =0.0000e+00, |dJ|=1.0664e-10, |dJcp|=0.0000e+00
Iteration 20: J=2.4685e-05, Jf=2.4685e-05, Jcp =0.0000e+00, |dJ|=3.7392e-11, |dJcp|=0.0000e+00
Iteration 25: J=2.4607e-05, Jf=2.4607e-05, Jcp =0.0000e+00, |dJ|=1.4208e-11, |dJcp|=0.0000e+00
Iteration 30: J=2.4603e-05, Jf=2.4603e-05, Jcp =0.0000e+00, |dJ|=4.0286e-12, |dJcp|=0.0000e+00
Iteration 35: J=2.4603e-05, Jf=2.4603e-05, Jcp =0.0000e+00, |dJ|=7.3530e-13, |dJcp|=0.0000e+00
Iteration 40: J=2.4602e-05, Jf=2.4602e-05, Jcp =0.0000e+00, |dJ|=5.1692e-13, |dJcp|=0.0000e+00
Iteration 45: J=2.4602e-05, Jf=2.4602e-05, Jcp =0.0000e+00, |dJ|=4.4194e-14, |dJcp|=0.0000e+00
Iteration 50: J=2.4602e-05, Jf=2.4602e-05, Jcp =0.0000e+00, |dJ|=9.4239e-15, |dJcp|=0.0000e+00
Iteration 55: J=2.4602e-05, Jf=2.4602e-05, Jcp =0.0000e+00, |dJ|=2.1542e-15, |dJcp|=0.0000e+00
Iteration 60: J=2.4602e-05, Jf=2.4602e-05, Jcp =0.0000e+00, |dJ|=1.0262e-15, |dJcp|=0.0000e+00
Iteration 65: J=2.4602e-05, Jf=2.4602e-05, Jcp =0.0000e+00, |dJ|=2.1109e-16, |dJcp|=0.0000e+00
Iteration 70: J=2.4602e-05, Jf=2.4602e-05, Jcp =0.0000e+00, |dJ|=4.5393e-17, |dJcp|=0.0000e+00
Iteration 75: J=2.4602e-05, Jf=2.4602e-05, Jcp =0.0000e+00, |dJ|=7.3819e-18, |dJcp|=0.0000e+00
CONVERGENCE: RELATIVE REDUCTION OF F <= FACTR*EPSMCH
Saving results to /burg-archive/home/tg2998/simsopt/examples/outputs/TG_warmstarter_stage2results_fixed1/TF_a_0.575...
Warning: coils_to_vtk will not save forces and torques for coils that do not have a model for their cross section. Please use the RegularizedCoil class.

---> Running optimization for TF_a = 0.600
---> Saving outputs to: /burg-archive/home/tg2998/simsopt/examples/outputs/TG_warmstarter_stage2results_fixed1/TF_a_0.600

Warning: coils_to_vtk will not save forces and torques for coils that do not have a model for their cross section. Please use the RegularizedCoil class.
J=3.2074e-03, Jf=3.2074e-03, CC=0, CS=0, |dJ|=1.9590e-02
J=1.0725e-01, Jf=8.9569e-02, CC=0.00012864399055293753, CS=4.820686247251977e-05, |dJ|=3.2328e-01
J=2.3416e-03, Jf=2.3416e-03, CC=0, CS=0, |dJ|=4.8976e-03
J=2.2728e-03, Jf=2.2728e-03, CC=0, CS=0, |dJ|=7.9303e-04
J=2.2699e-03, Jf=2.2699e-03, CC=0, CS=0, |dJ|=4.9307e-04
J=2.2675e-03, Jf=2.2675e-03, CC=0, CS=0, |dJ|=2.3452e-04
J=2.2669e-03, Jf=2.2669e-03, CC=0, CS=0, |dJ|=1.8930e-04
J=2.2665e-03, Jf=2.2665e-03, CC=0, CS=0, |dJ|=1.5145e-04
J=2.2661e-03, Jf=2.2661e-03, CC=0, CS=0, |dJ|=1.8828e-04
J=2.2641e-03, Jf=2.2641e-03, CC=0, CS=0, |dJ|=3.7441e-04
J=2.2595e-03, Jf=2.2595e-03, CC=0, CS=0, |dJ|=6.1163e-04
J=2.2805e-03, Jf=2.2805e-03, CC=0, CS=0, |dJ|=2.1462e-03
J=2.2551e-03, Jf=2.2551e-03, CC=0, CS=0, |dJ|=6.8487e-04
J=2.2685e-03, Jf=2.2685e-03, CC=0, CS=0, |dJ|=1.3703e-03
J=2.2529e-03, Jf=2.2529e-03, CC=0, CS=0, |dJ|=6.8168e-04
J=2.2514e-03, Jf=2.2514e-03, CC=0, CS=0, |dJ|=4.7992e-04
J=2.2507e-03, Jf=2.2507e-03, CC=0, CS=0, |dJ|=3.6198e-04
J=2.2499e-03, Jf=2.2499e-03, CC=0, CS=0, |dJ|=2.4898e-04
J=2.2497e-03, Jf=2.2497e-03, CC=0, CS=0, |dJ|=8.3790e-05
J=2.2496e-03, Jf=2.2496e-03, CC=0, CS=0, |dJ|=2.9006e-05
J=2.2496e-03, Jf=2.2496e-03, CC=0, CS=0, |dJ|=6.8416e-06
J=2.2496e-03, Jf=2.2496e-03, CC=0, CS=0, |dJ|=2.3536e-06
J=2.2496e-03, Jf=2.2496e-03, CC=0, CS=0, |dJ|=1.2185e-07
J=2.2496e-03, Jf=2.2496e-03, CC=0, CS=0, |dJ|=3.0293e-08
     Number of Toroidal Dipoles: 8
     Number of Poroidal Dipoles: 10
Initialized 10x8 (npol x ntor) windowpane coils with Rpol=0.058, Rtor_min=0.050, Rtor_max=0.102

===== Starting optimization =====
Current2021:x0 1
Current2022:x0 1
Current2023:x0 1
Current2024:x0 1
Current2025:x0 1
Current2026:x0 1
Current2027:x0 1
Current2028:x0 1
Current2029:x0 1
Current2030:x0 1
Current2031:x0 1
Current2032:x0 1
Current2033:x0 1
Current2034:x0 1
Current2035:x0 1
Current2036:x0 1
Current2037:x0 1
Current2038:x0 1
Current2039:x0 1
Current2040:x0 1
Current2041:x0 1
Current2042:x0 1
Current2043:x0 1
Current2044:x0 1
Current2045:x0 1
Current2046:x0 1
Current2047:x0 1
Current2048:x0 1
Current2049:x0 1
Current2050:x0 1
Current2051:x0 1
Current2052:x0 1
Current2053:x0 1
Current2054:x0 1
Current2055:x0 1
Current2056:x0 1
Current2057:x0 1
Current2058:x0 1
Current2059:x0 1
Current2060:x0 1
Current2061:x0 1
Current2062:x0 1
Current2063:x0 1
Current2064:x0 1
Current2065:x0 1
Current2066:x0 1
Current2067:x0 1
Current2068:x0 1
Current2069:x0 1
Current2070:x0 1
Current2071:x0 1
Current2072:x0 1
Current2073:x0 1
Current2074:x0 1
Current2075:x0 1
Current2076:x0 1
Current2077:x0 1
Current2078:x0 1
Current2079:x0 1
Current2080:x0 1
Current2081:x0 1
Current2082:x0 1
Current2083:x0 1
Current2084:x0 1
Current2085:x0 1
Current2086:x0 1
Current2087:x0 1
Current2088:x0 1
Current2089:x0 1
Current2090:x0 1
Current2091:x0 1
Current2092:x0 1
Current2093:x0 1
Current2094:x0 1
Current2095:x0 1
Current2096:x0 1
Current2097:x0 1
Current2098:x0 1
Current2099:x0 1
Current2100:x0 1
Iteration 5: J=5.5675e-04, Jf=5.5675e-04, Jcp =0.0000e+00, |dJ|=6.4284e-09, |dJcp|=0.0000e+00
Iteration 10: J=3.2171e-05, Jf=3.2171e-05, Jcp =0.0000e+00, |dJ|=3.9424e-10, |dJcp|=0.0000e+00
Iteration 15: J=2.5010e-05, Jf=2.5010e-05, Jcp =0.0000e+00, |dJ|=1.0278e-10, |dJcp|=0.0000e+00
Iteration 20: J=2.4412e-05, Jf=2.4412e-05, Jcp =0.0000e+00, |dJ|=3.5831e-11, |dJcp|=0.0000e+00
Iteration 25: J=2.4341e-05, Jf=2.4341e-05, Jcp =0.0000e+00, |dJ|=1.8483e-11, |dJcp|=0.0000e+00
Iteration 30: J=2.4337e-05, Jf=2.4337e-05, Jcp =0.0000e+00, |dJ|=1.6016e-11, |dJcp|=0.0000e+00
Iteration 35: J=2.4335e-05, Jf=2.4335e-05, Jcp =0.0000e+00, |dJ|=1.3915e-12, |dJcp|=0.0000e+00
Iteration 40: J=2.4335e-05, Jf=2.4335e-05, Jcp =0.0000e+00, |dJ|=3.1300e-13, |dJcp|=0.0000e+00
Iteration 45: J=2.4335e-05, Jf=2.4335e-05, Jcp =0.0000e+00, |dJ|=3.9630e-14, |dJcp|=0.0000e+00
Iteration 50: J=2.4335e-05, Jf=2.4335e-05, Jcp =0.0000e+00, |dJ|=8.7386e-15, |dJcp|=0.0000e+00
Iteration 55: J=2.4335e-05, Jf=2.4335e-05, Jcp =0.0000e+00, |dJ|=1.5893e-15, |dJcp|=0.0000e+00
Iteration 60: J=2.4335e-05, Jf=2.4335e-05, Jcp =0.0000e+00, |dJ|=4.3484e-16, |dJcp|=0.0000e+00
Iteration 65: J=2.4335e-05, Jf=2.4335e-05, Jcp =0.0000e+00, |dJ|=3.0530e-16, |dJcp|=0.0000e+00
Iteration 70: J=2.4335e-05, Jf=2.4335e-05, Jcp =0.0000e+00, |dJ|=1.0801e-16, |dJcp|=0.0000e+00
Iteration 75: J=2.4335e-05, Jf=2.4335e-05, Jcp =0.0000e+00, |dJ|=5.8847e-18, |dJcp|=0.0000e+00
Iteration 80: J=2.4335e-05, Jf=2.4335e-05, Jcp =0.0000e+00, |dJ|=5.9422e-18, |dJcp|=0.0000e+00
CONVERGENCE: RELATIVE REDUCTION OF F <= FACTR*EPSMCH
Saving results to /burg-archive/home/tg2998/simsopt/examples/outputs/TG_warmstarter_stage2results_fixed1/TF_a_0.600...
Warning: coils_to_vtk will not save forces and torques for coils that do not have a model for their cross section. Please use the RegularizedCoil class.

---> Running optimization for TF_a = 0.625
---> Saving outputs to: /burg-archive/home/tg2998/simsopt/examples/outputs/TG_warmstarter_stage2results_fixed1/TF_a_0.625

Warning: coils_to_vtk will not save forces and torques for coils that do not have a model for their cross section. Please use the RegularizedCoil class.
J=3.2035e-03, Jf=3.2035e-03, CC=0, CS=0, |dJ|=1.9283e-02
J=9.6643e-02, Jf=8.0604e-02, CC=0.0001222091357579852, CS=3.8182218354953904e-05, |dJ|=2.9799e-01
J=2.4843e-03, Jf=2.4843e-03, CC=0, CS=0, |dJ|=8.9010e-03
J=2.2651e-03, Jf=2.2651e-03, CC=0, CS=0, |dJ|=8.1655e-04
J=2.2621e-03, Jf=2.2621e-03, CC=0, CS=0, |dJ|=5.2827e-04
J=2.2590e-03, Jf=2.2590e-03, CC=0, CS=0, |dJ|=2.6225e-04
J=2.2581e-03, Jf=2.2581e-03, CC=0, CS=0, |dJ|=1.5301e-04
J=2.2579e-03, Jf=2.2579e-03, CC=0, CS=0, |dJ|=2.7389e-04
J=2.2577e-03, Jf=2.2577e-03, CC=0, CS=0, |dJ|=1.0575e-04
J=2.2576e-03, Jf=2.2576e-03, CC=0, CS=0, |dJ|=1.0962e-04
J=2.2573e-03, Jf=2.2573e-03, CC=0, CS=0, |dJ|=2.1085e-04
J=2.2561e-03, Jf=2.2561e-03, CC=0, CS=0, |dJ|=4.2294e-04
J=2.2506e-03, Jf=2.2506e-03, CC=0, CS=0, |dJ|=1.1288e-03
J=2.6691e-03, Jf=2.6480e-03, CC=0, CS=2.110439009471767e-07, |dJ|=1.5675e-02
J=2.2499e-03, Jf=2.2499e-03, CC=0, CS=0, |dJ|=1.7105e-03
J=2.2492e-03, Jf=2.2492e-03, CC=0, CS=0, |dJ|=1.3200e-03
J=2.2466e-03, Jf=2.2466e-03, CC=0, CS=0, |dJ|=1.2925e-03
J=2.2427e-03, Jf=2.2427e-03, CC=0, CS=0, |dJ|=3.7677e-04
J=2.2423e-03, Jf=2.2423e-03, CC=0, CS=0, |dJ|=1.9307e-04
J=2.2422e-03, Jf=2.2422e-03, CC=0, CS=0, |dJ|=4.0438e-05
J=2.2422e-03, Jf=2.2422e-03, CC=0, CS=0, |dJ|=2.6918e-05
J=2.2422e-03, Jf=2.2422e-03, CC=0, CS=0, |dJ|=1.8030e-05
J=2.2422e-03, Jf=2.2422e-03, CC=0, CS=0, |dJ|=8.8916e-06
J=2.2422e-03, Jf=2.2422e-03, CC=0, CS=0, |dJ|=3.9841e-06
J=2.2422e-03, Jf=2.2422e-03, CC=0, CS=0, |dJ|=3.6130e-07
J=2.2422e-03, Jf=2.2422e-03, CC=0, CS=0, |dJ|=4.5521e-08
     Number of Toroidal Dipoles: 8
     Number of Poroidal Dipoles: 10
Initialized 10x8 (npol x ntor) windowpane coils with Rpol=0.058, Rtor_min=0.050, Rtor_max=0.102

===== Starting optimization =====
Current2189:x0 1
Current2190:x0 1
Current2191:x0 1
Current2192:x0 1
Current2193:x0 1
Current2194:x0 1
Current2195:x0 1
Current2196:x0 1
Current2197:x0 1
Current2198:x0 1
Current2199:x0 1
Current2200:x0 1
Current2201:x0 1
Current2202:x0 1
Current2203:x0 1
Current2204:x0 1
Current2205:x0 1
Current2206:x0 1
Current2207:x0 1
Current2208:x0 1
Current2209:x0 1
Current2210:x0 1
Current2211:x0 1
Current2212:x0 1
Current2213:x0 1
Current2214:x0 1
Current2215:x0 1
Current2216:x0 1
Current2217:x0 1
Current2218:x0 1
Current2219:x0 1
Current2220:x0 1
Current2221:x0 1
Current2222:x0 1
Current2223:x0 1
Current2224:x0 1
Current2225:x0 1
Current2226:x0 1
Current2227:x0 1
Current2228:x0 1
Current2229:x0 1
Current2230:x0 1
Current2231:x0 1
Current2232:x0 1
Current2233:x0 1
Current2234:x0 1
Current2235:x0 1
Current2236:x0 1
Current2237:x0 1
Current2238:x0 1
Current2239:x0 1
Current2240:x0 1
Current2241:x0 1
Current2242:x0 1
Current2243:x0 1
Current2244:x0 1
Current2245:x0 1
Current2246:x0 1
Current2247:x0 1
Current2248:x0 1
Current2249:x0 1
Current2250:x0 1
Current2251:x0 1
Current2252:x0 1
Current2253:x0 1
Current2254:x0 1
Current2255:x0 1
Current2256:x0 1
Current2257:x0 1
Current2258:x0 1
Current2259:x0 1
Current2260:x0 1
Current2261:x0 1
Current2262:x0 1
Current2263:x0 1
Current2264:x0 1
Current2265:x0 1
Current2266:x0 1
Current2267:x0 1
Current2268:x0 1
Iteration 5: J=5.5493e-04, Jf=5.5493e-04, Jcp =0.0000e+00, |dJ|=6.4294e-09, |dJcp|=0.0000e+00
Iteration 10: J=3.1923e-05, Jf=3.1923e-05, Jcp =0.0000e+00, |dJ|=3.9279e-10, |dJcp|=0.0000e+00
Iteration 15: J=2.4586e-05, Jf=2.4586e-05, Jcp =0.0000e+00, |dJ|=7.6130e-11, |dJcp|=0.0000e+00
Iteration 20: J=2.4130e-05, Jf=2.4130e-05, Jcp =0.0000e+00, |dJ|=1.9451e-11, |dJcp|=0.0000e+00
Iteration 25: J=2.4104e-05, Jf=2.4104e-05, Jcp =0.0000e+00, |dJ|=8.5192e-12, |dJcp|=0.0000e+00
Iteration 30: J=2.4101e-05, Jf=2.4101e-05, Jcp =0.0000e+00, |dJ|=3.0930e-12, |dJcp|=0.0000e+00
Iteration 35: J=2.4101e-05, Jf=2.4101e-05, Jcp =0.0000e+00, |dJ|=1.6471e-12, |dJcp|=0.0000e+00
Iteration 40: J=2.4101e-05, Jf=2.4101e-05, Jcp =0.0000e+00, |dJ|=6.2151e-13, |dJcp|=0.0000e+00
Iteration 45: J=2.4101e-05, Jf=2.4101e-05, Jcp =0.0000e+00, |dJ|=3.7467e-14, |dJcp|=0.0000e+00
Iteration 50: J=2.4101e-05, Jf=2.4101e-05, Jcp =0.0000e+00, |dJ|=7.0949e-15, |dJcp|=0.0000e+00
Iteration 55: J=2.4101e-05, Jf=2.4101e-05, Jcp =0.0000e+00, |dJ|=1.9314e-15, |dJcp|=0.0000e+00
Iteration 60: J=2.4101e-05, Jf=2.4101e-05, Jcp =0.0000e+00, |dJ|=4.7647e-16, |dJcp|=0.0000e+00
Iteration 65: J=2.4101e-05, Jf=2.4101e-05, Jcp =0.0000e+00, |dJ|=4.8255e-16, |dJcp|=0.0000e+00
Iteration 70: J=2.4101e-05, Jf=2.4101e-05, Jcp =0.0000e+00, |dJ|=1.7834e-16, |dJcp|=0.0000e+00
CONVERGENCE: RELATIVE REDUCTION OF F <= FACTR*EPSMCH
Saving results to /burg-archive/home/tg2998/simsopt/examples/outputs/TG_warmstarter_stage2results_fixed1/TF_a_0.625...
Warning: coils_to_vtk will not save forces and torques for coils that do not have a model for their cross section. Please use the RegularizedCoil class.

---> Running optimization for TF_a = 0.650
---> Saving outputs to: /burg-archive/home/tg2998/simsopt/examples/outputs/TG_warmstarter_stage2results_fixed1/TF_a_0.650

Warning: coils_to_vtk will not save forces and torques for coils that do not have a model for their cross section. Please use the RegularizedCoil class.
J=3.2011e-03, Jf=3.2011e-03, CC=0, CS=0, |dJ|=1.8959e-02
J=8.4391e-02, Jf=7.3701e-02, CC=7.808723196109713e-05, CS=2.8816804693654165e-05, |dJ|=2.6543e-01
J=2.4741e-03, Jf=2.4741e-03, CC=0, CS=0, |dJ|=8.6503e-03
J=2.2594e-03, Jf=2.2594e-03, CC=0, CS=0, |dJ|=8.4290e-04
J=2.2560e-03, Jf=2.2560e-03, CC=0, CS=0, |dJ|=5.5205e-04
J=2.2524e-03, Jf=2.2524e-03, CC=0, CS=0, |dJ|=3.3719e-04
J=2.2513e-03, Jf=2.2513e-03, CC=0, CS=0, |dJ|=3.7869e-04
J=2.2507e-03, Jf=2.2507e-03, CC=0, CS=0, |dJ|=1.2725e-04
J=2.2506e-03, Jf=2.2506e-03, CC=0, CS=0, |dJ|=5.2263e-05
J=2.2505e-03, Jf=2.2505e-03, CC=0, CS=0, |dJ|=4.1412e-05
J=2.2505e-03, Jf=2.2505e-03, CC=0, CS=0, |dJ|=5.8518e-05
J=2.2503e-03, Jf=2.2503e-03, CC=0, CS=0, |dJ|=1.2624e-04
J=2.2498e-03, Jf=2.2498e-03, CC=0, CS=0, |dJ|=2.3485e-04
J=2.2472e-03, Jf=2.2472e-03, CC=0, CS=0, |dJ|=5.1572e-04
J=2.6308e-03, Jf=2.6256e-03, CC=0, CS=5.120147480399161e-08, |dJ|=1.3361e-02
J=2.2458e-03, Jf=2.2458e-03, CC=0, CS=0, |dJ|=9.0732e-04
J=2.2458e-03, Jf=2.2458e-03, CC=0, CS=0, |dJ|=6.8346e-04
J=1.4939e-01, Jf=1.4321e-01, CC=0, CS=6.174756314971633e-05, |dJ|=5.5980e-01
J=2.2458e-03, Jf=2.2458e-03, CC=0, CS=0, |dJ|=6.8353e-04
J=2.2454e-03, Jf=2.2454e-03, CC=0, CS=0, |dJ|=8.2562e-04
J=2.2437e-03, Jf=2.2437e-03, CC=0, CS=0, |dJ|=7.7249e-04
J=2.2390e-03, Jf=2.2390e-03, CC=0, CS=0, |dJ|=6.6446e-04
J=2.2367e-03, Jf=2.2367e-03, CC=0, CS=0, |dJ|=4.1794e-04
J=2.2374e-03, Jf=2.2374e-03, CC=0, CS=0, |dJ|=4.1290e-04
J=2.2361e-03, Jf=2.2361e-03, CC=0, CS=0, |dJ|=1.5579e-04
J=2.2360e-03, Jf=2.2360e-03, CC=0, CS=0, |dJ|=1.2224e-04
J=2.2359e-03, Jf=2.2359e-03, CC=0, CS=0, |dJ|=2.5490e-05
J=2.2359e-03, Jf=2.2359e-03, CC=0, CS=0, |dJ|=9.4618e-06
J=2.2359e-03, Jf=2.2359e-03, CC=0, CS=0, |dJ|=1.4498e-06
J=2.2359e-03, Jf=2.2359e-03, CC=0, CS=0, |dJ|=9.6819e-07
J=2.2359e-03, Jf=2.2359e-03, CC=0, CS=0, |dJ|=1.1193e-06
J=2.2359e-03, Jf=2.2359e-03, CC=0, CS=0, |dJ|=7.2755e-07
J=2.2359e-03, Jf=2.2359e-03, CC=0, CS=0, |dJ|=1.3875e-07
J=2.2359e-03, Jf=2.2359e-03, CC=0, CS=0, |dJ|=4.0701e-08
     Number of Toroidal Dipoles: 8
     Number of Poroidal Dipoles: 10
Initialized 10x8 (npol x ntor) windowpane coils with Rpol=0.058, Rtor_min=0.050, Rtor_max=0.102

===== Starting optimization =====
Current2357:x0 1
Current2358:x0 1
Current2359:x0 1
Current2360:x0 1
Current2361:x0 1
Current2362:x0 1
Current2363:x0 1
Current2364:x0 1
Current2365:x0 1
Current2366:x0 1
Current2367:x0 1
Current2368:x0 1
Current2369:x0 1
Current2370:x0 1
Current2371:x0 1
Current2372:x0 1
Current2373:x0 1
Current2374:x0 1
Current2375:x0 1
Current2376:x0 1
Current2377:x0 1
Current2378:x0 1
Current2379:x0 1
Current2380:x0 1
Current2381:x0 1
Current2382:x0 1
Current2383:x0 1
Current2384:x0 1
Current2385:x0 1
Current2386:x0 1
Current2387:x0 1
Current2388:x0 1
Current2389:x0 1
Current2390:x0 1
Current2391:x0 1
Current2392:x0 1
Current2393:x0 1
Current2394:x0 1
Current2395:x0 1
Current2396:x0 1
Current2397:x0 1
Current2398:x0 1
Current2399:x0 1
Current2400:x0 1
Current2401:x0 1
Current2402:x0 1
Current2403:x0 1
Current2404:x0 1
Current2405:x0 1
Current2406:x0 1
Current2407:x0 1
Current2408:x0 1
Current2409:x0 1
Current2410:x0 1
Current2411:x0 1
Current2412:x0 1
Current2413:x0 1
Current2414:x0 1
Current2415:x0 1
Current2416:x0 1
Current2417:x0 1
Current2418:x0 1
Current2419:x0 1
Current2420:x0 1
Current2421:x0 1
Current2422:x0 1
Current2423:x0 1
Current2424:x0 1
Current2425:x0 1
Current2426:x0 1
Current2427:x0 1
Current2428:x0 1
Current2429:x0 1
Current2430:x0 1
Current2431:x0 1
Current2432:x0 1
Current2433:x0 1
Current2434:x0 1
Current2435:x0 1
Current2436:x0 1
Iteration 5: J=5.5339e-04, Jf=5.5339e-04, Jcp =0.0000e+00, |dJ|=6.4318e-09, |dJcp|=0.0000e+00
Iteration 10: J=3.1697e-05, Jf=3.1697e-05, Jcp =0.0000e+00, |dJ|=3.9145e-10, |dJcp|=0.0000e+00
Iteration 15: J=2.4353e-05, Jf=2.4353e-05, Jcp =0.0000e+00, |dJ|=7.6281e-11, |dJcp|=0.0000e+00
Iteration 20: J=2.3942e-05, Jf=2.3942e-05, Jcp =0.0000e+00, |dJ|=2.6132e-11, |dJcp|=0.0000e+00
Iteration 25: J=2.3895e-05, Jf=2.3895e-05, Jcp =0.0000e+00, |dJ|=6.3098e-12, |dJcp|=0.0000e+00
Iteration 30: J=2.3891e-05, Jf=2.3891e-05, Jcp =0.0000e+00, |dJ|=2.7524e-12, |dJcp|=0.0000e+00
Iteration 35: J=2.3891e-05, Jf=2.3891e-05, Jcp =0.0000e+00, |dJ|=6.8617e-13, |dJcp|=0.0000e+00
Iteration 40: J=2.3891e-05, Jf=2.3891e-05, Jcp =0.0000e+00, |dJ|=3.2518e-13, |dJcp|=0.0000e+00
Iteration 45: J=2.3891e-05, Jf=2.3891e-05, Jcp =0.0000e+00, |dJ|=3.6127e-14, |dJcp|=0.0000e+00
Iteration 50: J=2.3891e-05, Jf=2.3891e-05, Jcp =0.0000e+00, |dJ|=8.9160e-15, |dJcp|=0.0000e+00
Iteration 55: J=2.3891e-05, Jf=2.3891e-05, Jcp =0.0000e+00, |dJ|=2.1478e-15, |dJcp|=0.0000e+00
Iteration 60: J=2.3891e-05, Jf=2.3891e-05, Jcp =0.0000e+00, |dJ|=1.2185e-15, |dJcp|=0.0000e+00
Iteration 65: J=2.3891e-05, Jf=2.3891e-05, Jcp =0.0000e+00, |dJ|=2.8184e-16, |dJcp|=0.0000e+00
Iteration 70: J=2.3891e-05, Jf=2.3891e-05, Jcp =0.0000e+00, |dJ|=3.3144e-17, |dJcp|=0.0000e+00
Iteration 75: J=2.3891e-05, Jf=2.3891e-05, Jcp =0.0000e+00, |dJ|=1.3093e-17, |dJcp|=0.0000e+00
Iteration 80: J=2.3891e-05, Jf=2.3891e-05, Jcp =0.0000e+00, |dJ|=1.3091e-17, |dJcp|=0.0000e+00
Iteration 85: J=2.3891e-05, Jf=2.3891e-05, Jcp =0.0000e+00, |dJ|=1.3093e-17, |dJcp|=0.0000e+00
Iteration 90: J=2.3891e-05, Jf=2.3891e-05, Jcp =0.0000e+00, |dJ|=1.3092e-17, |dJcp|=0.0000e+00
ABNORMAL: 
Saving results to /burg-archive/home/tg2998/simsopt/examples/outputs/TG_warmstarter_stage2results_fixed1/TF_a_0.650...
Warning: coils_to_vtk will not save forces and torques for coils that do not have a model for their cross section. Please use the RegularizedCoil class.

---> Running optimization for TF_a = 0.675
---> Saving outputs to: /burg-archive/home/tg2998/simsopt/examples/outputs/TG_warmstarter_stage2results_fixed1/TF_a_0.675

Warning: coils_to_vtk will not save forces and torques for coils that do not have a model for their cross section. Please use the RegularizedCoil class.
J=3.1997e-03, Jf=3.1997e-03, CC=0, CS=0, |dJ|=1.8615e-02
J=7.5531e-02, Jf=6.8478e-02, CC=4.65013061394835e-05, CS=2.4026188345105588e-05, |dJ|=2.5270e-01
J=2.3693e-03, Jf=2.3693e-03, CC=0, CS=0, |dJ|=6.0044e-03
J=2.2553e-03, Jf=2.2553e-03, CC=0, CS=0, |dJ|=8.6825e-04
J=2.2534e-03, Jf=2.2512e-03, CC=2.2198234238360405e-08, CS=0, |dJ|=2.1533e-03
J=2.2533e-03, Jf=2.2533e-03, CC=4.4543459306463904e-10, CS=0, |dJ|=7.9853e-04
J=2.4384e-03, Jf=2.2493e-03, CC=1.8902570923823097e-06, CS=0, |dJ|=4.7031e-02
J=2.2527e-03, Jf=2.2527e-03, CC=1.8984483533122816e-10, CS=0, |dJ|=6.4383e-04
J=2.2622e-03, Jf=2.2490e-03, CC=1.3206475706936756e-07, CS=0, |dJ|=8.5657e-03
J=2.2521e-03, Jf=2.2518e-03, CC=3.4600724340239846e-09, CS=0, |dJ|=6.8566e-04
J=2.2510e-03, Jf=2.2507e-03, CC=3.5722151608289734e-09, CS=0, |dJ|=6.9154e-04
J=2.2494e-03, Jf=2.2492e-03, CC=2.1890694488018554e-09, CS=0, |dJ|=8.8863e-04
J=2.2484e-03, Jf=2.2483e-03, CC=2.1267498668345027e-10, CS=0, |dJ|=6.8027e-04
J=2.2472e-03, Jf=2.2472e-03, CC=3.471909819104215e-12, CS=0, |dJ|=6.0213e-04
J=2.2459e-03, Jf=2.2459e-03, CC=0, CS=0, |dJ|=4.5300e-04
J=2.2443e-03, Jf=2.2443e-03, CC=2.3250556631963357e-10, CS=0, |dJ|=3.0929e-04
J=2.2441e-03, Jf=2.2441e-03, CC=2.2395831466938246e-10, CS=0, |dJ|=2.2999e-04
J=2.2441e-03, Jf=2.2441e-03, CC=1.0605183647182728e-10, CS=0, |dJ|=1.4509e-04
J=2.2440e-03, Jf=2.2440e-03, CC=1.3168211842475668e-10, CS=0, |dJ|=1.5566e-04
J=2.2440e-03, Jf=2.2440e-03, CC=3.7721456761332e-12, CS=0, |dJ|=1.0157e-04
J=2.2439e-03, Jf=2.2439e-03, CC=0, CS=0, |dJ|=8.0247e-05
J=2.2440e-03, Jf=2.2439e-03, CC=9.703470013358859e-10, CS=0, |dJ|=6.3694e-04
J=2.2439e-03, Jf=2.2439e-03, CC=0, CS=0, |dJ|=5.1401e-05
J=2.2440e-03, Jf=2.2439e-03, CC=1.9828710343765283e-09, CS=0, |dJ|=9.4458e-04
J=2.2439e-03, Jf=2.2439e-03, CC=2.5096430178498577e-11, CS=0, |dJ|=9.9901e-05
J=2.2439e-03, Jf=2.2439e-03, CC=0, CS=0, |dJ|=5.2681e-05
J=2.2439e-03, Jf=2.2439e-03, CC=7.674445327605457e-12, CS=0, |dJ|=6.5995e-05
J=2.2438e-03, Jf=2.2438e-03, CC=1.0591914256793281e-11, CS=0, |dJ|=7.0941e-05
J=2.2438e-03, Jf=2.2438e-03, CC=7.630100750641852e-12, CS=0, |dJ|=7.1423e-05
J=2.2438e-03, Jf=2.2438e-03, CC=0, CS=0, |dJ|=5.3976e-05
J=2.2438e-03, Jf=2.2438e-03, CC=0, CS=0, |dJ|=7.3341e-05
J=2.2438e-03, Jf=2.2438e-03, CC=0, CS=0, |dJ|=9.0803e-05
J=2.2437e-03, Jf=2.2437e-03, CC=0, CS=0, |dJ|=1.2015e-04
J=2.2437e-03, Jf=2.2437e-03, CC=0, CS=0, |dJ|=1.7811e-04
J=2.2433e-03, Jf=2.2433e-03, CC=0, CS=0, |dJ|=3.5279e-04
J=2.2429e-03, Jf=2.2429e-03, CC=0, CS=0, |dJ|=1.1332e-03
J=2.2430e-03, Jf=2.2430e-03, CC=0, CS=0, |dJ|=5.1282e-04
J=2.2423e-03, Jf=2.2423e-03, CC=0, CS=0, |dJ|=8.8031e-04
J=4.9089e-03, Jf=3.7736e-03, CC=0, CS=1.1352344173685016e-05, |dJ|=7.0853e-02
J=2.2492e-03, Jf=2.2492e-03, CC=0, CS=0, |dJ|=1.7358e-03
J=2.2422e-03, Jf=2.2422e-03, CC=0, CS=0, |dJ|=9.8054e-04
J=2.2405e-03, Jf=2.2405e-03, CC=0, CS=0, |dJ|=1.1341e-03
J=2.3051e-03, Jf=2.3051e-03, CC=0, CS=0, |dJ|=3.3474e-03
J=2.2376e-03, Jf=2.2376e-03, CC=0, CS=0, |dJ|=1.1699e-03
J=2.2335e-03, Jf=2.2335e-03, CC=0, CS=0, |dJ|=7.4871e-04
J=2.2318e-03, Jf=2.2318e-03, CC=0, CS=0, |dJ|=2.6361e-04
J=2.2311e-03, Jf=2.2311e-03, CC=0, CS=0, |dJ|=2.3025e-04
J=2.2308e-03, Jf=2.2308e-03, CC=0, CS=0, |dJ|=1.3220e-04
J=2.2308e-03, Jf=2.2308e-03, CC=0, CS=0, |dJ|=1.0378e-04
J=2.2308e-03, Jf=2.2308e-03, CC=0, CS=0, |dJ|=9.6500e-05
J=2.2307e-03, Jf=2.2307e-03, CC=0, CS=0, |dJ|=9.8609e-05
J=2.2307e-03, Jf=2.2307e-03, CC=0, CS=0, |dJ|=1.2356e-04
J=2.2306e-03, Jf=2.2306e-03, CC=0, CS=0, |dJ|=1.5861e-04
J=2.2305e-03, Jf=2.2305e-03, CC=0, CS=0, |dJ|=1.6681e-04
J=2.2304e-03, Jf=2.2304e-03, CC=0, CS=0, |dJ|=1.0947e-04
J=2.2304e-03, Jf=2.2304e-03, CC=0, CS=0, |dJ|=3.0090e-05
J=2.2304e-03, Jf=2.2304e-03, CC=0, CS=0, |dJ|=2.8655e-06
J=2.2304e-03, Jf=2.2304e-03, CC=0, CS=0, |dJ|=3.8162e-07
J=2.2304e-03, Jf=2.2304e-03, CC=0, CS=0, |dJ|=3.3427e-08
     Number of Toroidal Dipoles: 8
     Number of Poroidal Dipoles: 10
Initialized 10x8 (npol x ntor) windowpane coils with Rpol=0.058, Rtor_min=0.050, Rtor_max=0.102

===== Starting optimization =====
Current2525:x0 1
Current2526:x0 1
Current2527:x0 1
Current2528:x0 1
Current2529:x0 1
Current2530:x0 1
Current2531:x0 1
Current2532:x0 1
Current2533:x0 1
Current2534:x0 1
Current2535:x0 1
Current2536:x0 1
Current2537:x0 1
Current2538:x0 1
Current2539:x0 1
Current2540:x0 1
Current2541:x0 1
Current2542:x0 1
Current2543:x0 1
Current2544:x0 1
Current2545:x0 1
Current2546:x0 1
Current2547:x0 1
Current2548:x0 1
Current2549:x0 1
Current2550:x0 1
Current2551:x0 1
Current2552:x0 1
Current2553:x0 1
Current2554:x0 1
Current2555:x0 1
Current2556:x0 1
Current2557:x0 1
Current2558:x0 1
Current2559:x0 1
Current2560:x0 1
Current2561:x0 1
Current2562:x0 1
Current2563:x0 1
Current2564:x0 1
Current2565:x0 1
Current2566:x0 1
Current2567:x0 1
Current2568:x0 1
Current2569:x0 1
Current2570:x0 1
Current2571:x0 1
Current2572:x0 1
Current2573:x0 1
Current2574:x0 1
Current2575:x0 1
Current2576:x0 1
Current2577:x0 1
Current2578:x0 1
Current2579:x0 1
Current2580:x0 1
Current2581:x0 1
Current2582:x0 1
Current2583:x0 1
Current2584:x0 1
Current2585:x0 1
Current2586:x0 1
Current2587:x0 1
Current2588:x0 1
Current2589:x0 1
Current2590:x0 1
Current2591:x0 1
Current2592:x0 1
Current2593:x0 1
Current2594:x0 1
Current2595:x0 1
Current2596:x0 1
Current2597:x0 1
Current2598:x0 1
Current2599:x0 1
Current2600:x0 1
Current2601:x0 1
Current2602:x0 1
Current2603:x0 1
Current2604:x0 1
Iteration 5: J=5.5203e-04, Jf=5.5203e-04, Jcp =0.0000e+00, |dJ|=6.4348e-09, |dJcp|=0.0000e+00
Iteration 10: J=3.1490e-05, Jf=3.1490e-05, Jcp =0.0000e+00, |dJ|=3.9019e-10, |dJcp|=0.0000e+00
Iteration 15: J=2.4153e-05, Jf=2.4153e-05, Jcp =0.0000e+00, |dJ|=7.6727e-11, |dJcp|=0.0000e+00
Iteration 20: J=2.3747e-05, Jf=2.3747e-05, Jcp =0.0000e+00, |dJ|=2.8887e-11, |dJcp|=0.0000e+00
Iteration 25: J=2.3703e-05, Jf=2.3703e-05, Jcp =0.0000e+00, |dJ|=6.1339e-12, |dJcp|=0.0000e+00
Iteration 30: J=2.3700e-05, Jf=2.3700e-05, Jcp =0.0000e+00, |dJ|=2.3889e-12, |dJcp|=0.0000e+00
Iteration 35: J=2.3700e-05, Jf=2.3700e-05, Jcp =0.0000e+00, |dJ|=8.5406e-13, |dJcp|=0.0000e+00
Iteration 40: J=2.3700e-05, Jf=2.3700e-05, Jcp =0.0000e+00, |dJ|=6.3871e-13, |dJcp|=0.0000e+00
Iteration 45: J=2.3700e-05, Jf=2.3700e-05, Jcp =0.0000e+00, |dJ|=1.0432e-13, |dJcp|=0.0000e+00
Iteration 50: J=2.3700e-05, Jf=2.3700e-05, Jcp =0.0000e+00, |dJ|=8.9063e-15, |dJcp|=0.0000e+00
Iteration 55: J=2.3700e-05, Jf=2.3700e-05, Jcp =0.0000e+00, |dJ|=2.4530e-15, |dJcp|=0.0000e+00
Iteration 60: J=2.3700e-05, Jf=2.3700e-05, Jcp =0.0000e+00, |dJ|=1.4325e-15, |dJcp|=0.0000e+00
Iteration 65: J=2.3700e-05, Jf=2.3700e-05, Jcp =0.0000e+00, |dJ|=3.4320e-16, |dJcp|=0.0000e+00
Iteration 70: J=2.3700e-05, Jf=2.3700e-05, Jcp =0.0000e+00, |dJ|=6.9219e-17, |dJcp|=0.0000e+00
Iteration 75: J=2.3700e-05, Jf=2.3700e-05, Jcp =0.0000e+00, |dJ|=8.0814e-18, |dJcp|=0.0000e+00
CONVERGENCE: RELATIVE REDUCTION OF F <= FACTR*EPSMCH
Saving results to /burg-archive/home/tg2998/simsopt/examples/outputs/TG_warmstarter_stage2results_fixed1/TF_a_0.675...
Warning: coils_to_vtk will not save forces and torques for coils that do not have a model for their cross section. Please use the RegularizedCoil class.

---> Running optimization for TF_a = 0.700
---> Saving outputs to: /burg-archive/home/tg2998/simsopt/examples/outputs/TG_warmstarter_stage2results_fixed1/TF_a_0.700

Warning: coils_to_vtk will not save forces and torques for coils that do not have a model for their cross section. Please use the RegularizedCoil class.
J=3.1988e-03, Jf=3.1988e-03, CC=0, CS=0, |dJ|=1.8251e-02
J=7.0065e-02, Jf=6.4670e-02, CC=3.1918992200511505e-05, CS=2.202729953115949e-05, |dJ|=2.8038e-01
J=2.5058e-03, Jf=2.2862e-03, CC=2.1955523608993815e-06, CS=0, |dJ|=4.4901e-02
J=2.5191e-03, Jf=2.5191e-03, CC=0, CS=0, |dJ|=9.3194e-03
J=2.5584e-03, Jf=2.2534e-03, CC=3.0501137641333723e-06, CS=0, |dJ|=4.2599e-02
J=2.3189e-03, Jf=2.3188e-03, CC=1.0517781571140594e-09, CS=0, |dJ|=4.4489e-03
J=2.8062e-03, Jf=2.2493e-03, CC=5.569507728396841e-06, CS=0, |dJ|=8.2873e-02
J=2.3037e-03, Jf=2.3019e-03, CC=1.8137302574518264e-08, CS=0, |dJ|=3.1007e-03
J=2.3013e-03, Jf=2.2716e-03, CC=2.9680802553636445e-07, CS=0, |dJ|=1.1551e-02
J=2.2946e-03, Jf=2.2847e-03, CC=9.956436185675783e-08, CS=0, |dJ|=4.8406e-03
J=2.2857e-03, Jf=2.2715e-03, CC=1.418326057391459e-07, CS=0, |dJ|=6.4109e-03
J=2.2697e-03, Jf=2.2668e-03, CC=2.8696573659264363e-08, CS=0, |dJ|=1.7233e-03
J=2.2680e-03, Jf=2.2663e-03, CC=1.6453939613174377e-08, CS=0, |dJ|=1.1299e-03
J=2.2647e-03, Jf=2.2641e-03, CC=6.3053470912173435e-09, CS=0, |dJ|=9.0706e-04
J=2.2633e-03, Jf=2.2629e-03, CC=4.511646375873573e-09, CS=0, |dJ|=9.4013e-04
J=2.2604e-03, Jf=2.2602e-03, CC=1.817868649104041e-09, CS=0, |dJ|=1.0514e-03
J=2.2540e-03, Jf=2.2540e-03, CC=0, CS=0, |dJ|=1.3127e-03
J=2.2469e-03, Jf=2.2469e-03, CC=0, CS=0, |dJ|=1.1150e-03
J=2.2408e-03, Jf=2.2395e-03, CC=1.2619276067714142e-08, CS=0, |dJ|=2.4488e-03
J=2.2396e-03, Jf=2.2394e-03, CC=1.6349346569138772e-09, CS=0, |dJ|=7.5752e-04
J=2.2391e-03, Jf=2.2390e-03, CC=6.191568324307206e-10, CS=0, |dJ|=4.2367e-04
J=2.2387e-03, Jf=2.2387e-03, CC=2.1877399072804242e-10, CS=0, |dJ|=3.1251e-04
J=2.2384e-03, Jf=2.2384e-03, CC=5.210453743047996e-11, CS=0, |dJ|=1.4830e-04
J=2.2383e-03, Jf=2.2383e-03, CC=6.377377831962918e-11, CS=0, |dJ|=8.7269e-05
J=2.2383e-03, Jf=2.2382e-03, CC=5.133898629929639e-11, CS=0, |dJ|=8.0261e-05
J=2.2382e-03, Jf=2.2382e-03, CC=1.2045135696975727e-11, CS=0, |dJ|=1.2027e-04
J=2.2381e-03, Jf=2.2381e-03, CC=0, CS=0, |dJ|=1.5353e-04
J=2.2381e-03, Jf=2.2381e-03, CC=0, CS=0, |dJ|=1.3432e-04
J=2.2380e-03, Jf=2.2380e-03, CC=0, CS=0, |dJ|=1.1431e-04
J=2.2380e-03, Jf=2.2380e-03, CC=0, CS=0, |dJ|=1.1150e-04
J=2.2380e-03, Jf=2.2380e-03, CC=0, CS=0, |dJ|=1.2976e-04
J=2.2379e-03, Jf=2.2379e-03, CC=0, CS=0, |dJ|=1.9439e-04
J=2.2375e-03, Jf=2.2375e-03, CC=0, CS=0, |dJ|=3.5650e-04
J=2.2367e-03, Jf=2.2367e-03, CC=0, CS=0, |dJ|=7.7836e-04
J=2.2360e-03, Jf=2.2360e-03, CC=0, CS=0, |dJ|=1.2054e-03
J=2.2342e-03, Jf=2.2342e-03, CC=0, CS=0, |dJ|=7.7313e-04
J=2.2322e-03, Jf=2.2322e-03, CC=0, CS=0, |dJ|=3.8713e-04
J=2.2318e-03, Jf=2.2318e-03, CC=0, CS=0, |dJ|=3.1034e-04
J=2.2317e-03, Jf=2.2317e-03, CC=0, CS=0, |dJ|=2.9301e-04
J=2.2317e-03, Jf=2.2317e-03, CC=0, CS=0, |dJ|=2.7809e-04
J=2.2316e-03, Jf=2.2316e-03, CC=0, CS=0, |dJ|=2.7505e-04
J=2.2307e-03, Jf=2.2307e-03, CC=0, CS=0, |dJ|=2.9206e-04
J=2.2294e-03, Jf=2.2294e-03, CC=0, CS=0, |dJ|=3.7535e-04
J=2.2274e-03, Jf=2.2274e-03, CC=0, CS=0, |dJ|=4.2203e-04
J=2.2258e-03, Jf=2.2258e-03, CC=0, CS=0, |dJ|=2.2726e-04
J=2.2258e-03, Jf=2.2258e-03, CC=0, CS=0, |dJ|=1.8796e-04
J=2.2255e-03, Jf=2.2255e-03, CC=0, CS=0, |dJ|=1.1506e-04
J=2.2254e-03, Jf=2.2254e-03, CC=0, CS=0, |dJ|=5.3531e-05
J=2.2254e-03, Jf=2.2254e-03, CC=0, CS=0, |dJ|=2.4348e-05
J=2.2254e-03, Jf=2.2254e-03, CC=0, CS=0, |dJ|=1.6138e-05
J=2.2254e-03, Jf=2.2254e-03, CC=0, CS=0, |dJ|=2.5025e-07
J=2.2254e-03, Jf=2.2254e-03, CC=0, CS=0, |dJ|=9.8788e-08
     Number of Toroidal Dipoles: 8
     Number of Poroidal Dipoles: 10
Initialized 10x8 (npol x ntor) windowpane coils with Rpol=0.058, Rtor_min=0.050, Rtor_max=0.102

===== Starting optimization =====
Current2693:x0 1
Current2694:x0 1
Current2695:x0 1
Current2696:x0 1
Current2697:x0 1
Current2698:x0 1
Current2699:x0 1
Current2700:x0 1
Current2701:x0 1
Current2702:x0 1
Current2703:x0 1
Current2704:x0 1
Current2705:x0 1
Current2706:x0 1
Current2707:x0 1
Current2708:x0 1
Current2709:x0 1
Current2710:x0 1
Current2711:x0 1
Current2712:x0 1
Current2713:x0 1
Current2714:x0 1
Current2715:x0 1
Current2716:x0 1
Current2717:x0 1
Current2718:x0 1
Current2719:x0 1
Current2720:x0 1
Current2721:x0 1
Current2722:x0 1
Current2723:x0 1
Current2724:x0 1
Current2725:x0 1
Current2726:x0 1
Current2727:x0 1
Current2728:x0 1
Current2729:x0 1
Current2730:x0 1
Current2731:x0 1
Current2732:x0 1
Current2733:x0 1
Current2734:x0 1
Current2735:x0 1
Current2736:x0 1
Current2737:x0 1
Current2738:x0 1
Current2739:x0 1
Current2740:x0 1
Current2741:x0 1
Current2742:x0 1
Current2743:x0 1
Current2744:x0 1
Current2745:x0 1
Current2746:x0 1
Current2747:x0 1
Current2748:x0 1
Current2749:x0 1
Current2750:x0 1
Current2751:x0 1
Current2752:x0 1
Current2753:x0 1
Current2754:x0 1
Current2755:x0 1
Current2756:x0 1
Current2757:x0 1
Current2758:x0 1
Current2759:x0 1
Current2760:x0 1
Current2761:x0 1
Current2762:x0 1
Current2763:x0 1
Current2764:x0 1
Current2765:x0 1
Current2766:x0 1
Current2767:x0 1
Current2768:x0 1
Current2769:x0 1
Current2770:x0 1
Current2771:x0 1
Current2772:x0 1
Iteration 5: J=5.5082e-04, Jf=5.5082e-04, Jcp =0.0000e+00, |dJ|=6.4381e-09, |dJcp|=0.0000e+00
Iteration 10: J=3.1298e-05, Jf=3.1298e-05, Jcp =0.0000e+00, |dJ|=3.8899e-10, |dJcp|=0.0000e+00
Iteration 15: J=2.3976e-05, Jf=2.3976e-05, Jcp =0.0000e+00, |dJ|=7.7160e-11, |dJcp|=0.0000e+00
Iteration 20: J=2.3570e-05, Jf=2.3570e-05, Jcp =0.0000e+00, |dJ|=2.6740e-11, |dJcp|=0.0000e+00
Iteration 25: J=2.3530e-05, Jf=2.3530e-05, Jcp =0.0000e+00, |dJ|=5.8422e-12, |dJcp|=0.0000e+00
Iteration 30: J=2.3527e-05, Jf=2.3527e-05, Jcp =0.0000e+00, |dJ|=2.4725e-12, |dJcp|=0.0000e+00
Iteration 35: J=2.3527e-05, Jf=2.3527e-05, Jcp =0.0000e+00, |dJ|=6.3655e-13, |dJcp|=0.0000e+00
Iteration 40: J=2.3527e-05, Jf=2.3527e-05, Jcp =0.0000e+00, |dJ|=2.2478e-13, |dJcp|=0.0000e+00
Iteration 45: J=2.3526e-05, Jf=2.3526e-05, Jcp =0.0000e+00, |dJ|=4.5726e-14, |dJcp|=0.0000e+00
Iteration 50: J=2.3526e-05, Jf=2.3526e-05, Jcp =0.0000e+00, |dJ|=2.0586e-14, |dJcp|=0.0000e+00
Iteration 55: J=2.3526e-05, Jf=2.3526e-05, Jcp =0.0000e+00, |dJ|=6.1690e-15, |dJcp|=0.0000e+00
Iteration 60: J=2.3526e-05, Jf=2.3526e-05, Jcp =0.0000e+00, |dJ|=1.2604e-15, |dJcp|=0.0000e+00
Iteration 65: J=2.3526e-05, Jf=2.3526e-05, Jcp =0.0000e+00, |dJ|=1.6206e-16, |dJcp|=0.0000e+00
Iteration 70: J=2.3526e-05, Jf=2.3526e-05, Jcp =0.0000e+00, |dJ|=7.0487e-17, |dJcp|=0.0000e+00
Iteration 75: J=2.3526e-05, Jf=2.3526e-05, Jcp =0.0000e+00, |dJ|=7.5332e-18, |dJcp|=0.0000e+00
CONVERGENCE: RELATIVE REDUCTION OF F <= FACTR*EPSMCH
Saving results to /burg-archive/home/tg2998/simsopt/examples/outputs/TG_warmstarter_stage2results_fixed1/TF_a_0.700...
Warning: coils_to_vtk will not save forces and torques for coils that do not have a model for their cross section. Please use the RegularizedCoil class.

---> Running optimization for TF_a = 0.725
---> Saving outputs to: /burg-archive/home/tg2998/simsopt/examples/outputs/TG_warmstarter_stage2results_fixed1/TF_a_0.725

Warning: coils_to_vtk will not save forces and torques for coils that do not have a model for their cross section. Please use the RegularizedCoil class.
J=3.1983e-03, Jf=3.1983e-03, CC=0, CS=0, |dJ|=1.7866e-02
J=6.6744e-02, Jf=6.2115e-02, CC=2.644864403728561e-05, CS=1.9840803750460952e-05, |dJ|=3.3575e-01
J=1.0037e-02, Jf=2.4820e-03, CC=7.555434342234036e-05, CS=0, |dJ|=3.8674e-01
J=2.6037e-03, Jf=2.6037e-03, CC=0, CS=0, |dJ|=1.0575e-02
J=4.3232e-03, Jf=2.2534e-03, CC=2.0697689481706126e-05, CS=0, |dJ|=1.4289e-01
J=2.4781e-03, Jf=2.4749e-03, CC=3.228534379156277e-08, CS=0, |dJ|=7.8096e-03
J=5.5516e-03, Jf=2.2596e-03, CC=3.2920001557647935e-05, CS=0, |dJ|=3.0474e-01
J=2.4535e-03, Jf=2.4408e-03, CC=1.2621804102297936e-07, CS=0, |dJ|=7.3033e-03
J=2.4279e-03, Jf=2.3823e-03, CC=4.559857514860503e-07, CS=0, |dJ|=1.0855e-02
J=2.3750e-03, Jf=2.3407e-03, CC=3.4273410174192585e-07, CS=0, |dJ|=1.0059e-02
J=2.7280e-03, Jf=2.3199e-03, CC=4.081045814856097e-06, CS=0, |dJ|=7.9811e-02
J=2.3602e-03, Jf=2.3326e-03, CC=2.761001445052451e-07, CS=0, |dJ|=7.3386e-03
J=2.3464e-03, Jf=2.3318e-03, CC=1.4606545365349998e-07, CS=0, |dJ|=5.1035e-03
J=2.3401e-03, Jf=2.3350e-03, CC=5.0945591032957453e-08, CS=0, |dJ|=4.2136e-03
J=2.3271e-03, Jf=2.3239e-03, CC=3.166067145317347e-08, CS=0, |dJ|=4.3262e-03
J=2.2986e-03, Jf=2.2965e-03, CC=2.074058783718973e-08, CS=0, |dJ|=4.1039e-03
J=2.2800e-03, Jf=2.2793e-03, CC=7.644181873447086e-09, CS=0, |dJ|=2.8841e-03
J=2.2714e-03, Jf=2.2712e-03, CC=2.0860106623498724e-09, CS=0, |dJ|=1.6523e-03
J=2.2687e-03, Jf=2.2685e-03, CC=1.978551515711177e-09, CS=0, |dJ|=1.5237e-03
J=2.2665e-03, Jf=2.2652e-03, CC=1.2847276381382518e-08, CS=0, |dJ|=1.3202e-03
J=2.2656e-03, Jf=2.2646e-03, CC=1.0194706758112304e-08, CS=0, |dJ|=1.0418e-03
J=2.2617e-03, Jf=2.2612e-03, CC=4.5422206317215454e-09, CS=0, |dJ|=1.0725e-03
J=2.2592e-03, Jf=2.2592e-03, CC=0, CS=0, |dJ|=1.2504e-03
J=2.2576e-03, Jf=2.2576e-03, CC=0, CS=0, |dJ|=1.1697e-03
J=2.2548e-03, Jf=2.2548e-03, CC=0, CS=0, |dJ|=1.1962e-03
J=2.2491e-03, Jf=2.2491e-03, CC=0, CS=0, |dJ|=1.3114e-03
J=2.2405e-03, Jf=2.2405e-03, CC=0, CS=0, |dJ|=1.3069e-03
J=2.2333e-03, Jf=2.2333e-03, CC=0, CS=0, |dJ|=9.0775e-04
J=2.2298e-03, Jf=2.2298e-03, CC=0, CS=0, |dJ|=2.2100e-04
J=2.2296e-03, Jf=2.2296e-03, CC=0, CS=0, |dJ|=1.5171e-04
J=2.2295e-03, Jf=2.2295e-03, CC=0, CS=0, |dJ|=1.4854e-04
J=2.2291e-03, Jf=2.2291e-03, CC=0, CS=0, |dJ|=1.9369e-04
J=2.2290e-03, Jf=2.2290e-03, CC=0, CS=0, |dJ|=2.2661e-04
J=2.2290e-03, Jf=2.2290e-03, CC=0, CS=0, |dJ|=2.6380e-04
J=2.2289e-03, Jf=2.2289e-03, CC=0, CS=0, |dJ|=3.0039e-04
J=2.2287e-03, Jf=2.2287e-03, CC=0, CS=0, |dJ|=3.7571e-04
J=2.2281e-03, Jf=2.2281e-03, CC=0, CS=0, |dJ|=5.1970e-04
J=2.2269e-03, Jf=2.2269e-03, CC=0, CS=0, |dJ|=7.3119e-04
J=2.2254e-03, Jf=2.2254e-03, CC=0, CS=0, |dJ|=7.5253e-04
J=2.2227e-03, Jf=2.2227e-03, CC=0, CS=0, |dJ|=4.3158e-04
J=2.2221e-03, Jf=2.2221e-03, CC=0, CS=0, |dJ|=1.8941e-04
J=2.2220e-03, Jf=2.2220e-03, CC=0, CS=0, |dJ|=1.9632e-04
J=2.2219e-03, Jf=2.2219e-03, CC=0, CS=0, |dJ|=1.4394e-04
J=2.2219e-03, Jf=2.2219e-03, CC=0, CS=0, |dJ|=1.2527e-04
J=2.2219e-03, Jf=2.2219e-03, CC=0, CS=0, |dJ|=1.1734e-04
J=2.2219e-03, Jf=2.2219e-03, CC=0, CS=0, |dJ|=1.1737e-04
J=2.2219e-03, Jf=2.2219e-03, CC=0, CS=0, |dJ|=1.3321e-04
J=2.2218e-03, Jf=2.2218e-03, CC=0, CS=0, |dJ|=1.7507e-04
J=2.2217e-03, Jf=2.2217e-03, CC=0, CS=0, |dJ|=2.5784e-04
J=2.2215e-03, Jf=2.2215e-03, CC=0, CS=0, |dJ|=3.3806e-04
J=2.2212e-03, Jf=2.2212e-03, CC=0, CS=0, |dJ|=3.2683e-04
J=2.2209e-03, Jf=2.2209e-03, CC=0, CS=0, |dJ|=1.7608e-04
J=2.2209e-03, Jf=2.2209e-03, CC=0, CS=0, |dJ|=4.4343e-05
J=2.2209e-03, Jf=2.2209e-03, CC=0, CS=0, |dJ|=9.4680e-06
J=2.2209e-03, Jf=2.2209e-03, CC=0, CS=0, |dJ|=2.1940e-06
J=2.2209e-03, Jf=2.2209e-03, CC=0, CS=0, |dJ|=4.3817e-07
J=2.2209e-03, Jf=2.2209e-03, CC=0, CS=0, |dJ|=1.4099e-07
     Number of Toroidal Dipoles: 8
     Number of Poroidal Dipoles: 10
Initialized 10x8 (npol x ntor) windowpane coils with Rpol=0.058, Rtor_min=0.050, Rtor_max=0.102

===== Starting optimization =====
Current2861:x0 1
Current2862:x0 1
Current2863:x0 1
Current2864:x0 1
Current2865:x0 1
Current2866:x0 1
Current2867:x0 1
Current2868:x0 1
Current2869:x0 1
Current2870:x0 1
Current2871:x0 1
Current2872:x0 1
Current2873:x0 1
Current2874:x0 1
Current2875:x0 1
Current2876:x0 1
Current2877:x0 1
Current2878:x0 1
Current2879:x0 1
Current2880:x0 1
Current2881:x0 1
Current2882:x0 1
Current2883:x0 1
Current2884:x0 1
Current2885:x0 1
Current2886:x0 1
Current2887:x0 1
Current2888:x0 1
Current2889:x0 1
Current2890:x0 1
Current2891:x0 1
Current2892:x0 1
Current2893:x0 1
Current2894:x0 1
Current2895:x0 1
Current2896:x0 1
Current2897:x0 1
Current2898:x0 1
Current2899:x0 1
Current2900:x0 1
Current2901:x0 1
Current2902:x0 1
Current2903:x0 1
Current2904:x0 1
Current2905:x0 1
Current2906:x0 1
Current2907:x0 1
Current2908:x0 1
Current2909:x0 1
Current2910:x0 1
Current2911:x0 1
Current2912:x0 1
Current2913:x0 1
Current2914:x0 1
Current2915:x0 1
Current2916:x0 1
Current2917:x0 1
Current2918:x0 1
Current2919:x0 1
Current2920:x0 1
Current2921:x0 1
Current2922:x0 1
Current2923:x0 1
Current2924:x0 1
Current2925:x0 1
Current2926:x0 1
Current2927:x0 1
Current2928:x0 1
Current2929:x0 1
Current2930:x0 1
Current2931:x0 1
Current2932:x0 1
Current2933:x0 1
Current2934:x0 1
Current2935:x0 1
Current2936:x0 1
Current2937:x0 1
Current2938:x0 1
Current2939:x0 1
Current2940:x0 1
Iteration 5: J=5.4971e-04, Jf=5.4971e-04, Jcp =0.0000e+00, |dJ|=6.4416e-09, |dJcp|=0.0000e+00
Iteration 10: J=3.1122e-05, Jf=3.1122e-05, Jcp =0.0000e+00, |dJ|=3.8785e-10, |dJcp|=0.0000e+00
Iteration 15: J=2.3818e-05, Jf=2.3818e-05, Jcp =0.0000e+00, |dJ|=7.7558e-11, |dJcp|=0.0000e+00
Iteration 20: J=2.3412e-05, Jf=2.3412e-05, Jcp =0.0000e+00, |dJ|=2.6454e-11, |dJcp|=0.0000e+00
Iteration 25: J=2.3372e-05, Jf=2.3372e-05, Jcp =0.0000e+00, |dJ|=5.7637e-12, |dJcp|=0.0000e+00
Iteration 30: J=2.3369e-05, Jf=2.3369e-05, Jcp =0.0000e+00, |dJ|=2.4361e-12, |dJcp|=0.0000e+00
Iteration 35: J=2.3369e-05, Jf=2.3369e-05, Jcp =0.0000e+00, |dJ|=8.2904e-13, |dJcp|=0.0000e+00
Iteration 40: J=2.3369e-05, Jf=2.3369e-05, Jcp =0.0000e+00, |dJ|=4.7722e-13, |dJcp|=0.0000e+00
Iteration 45: J=2.3369e-05, Jf=2.3369e-05, Jcp =0.0000e+00, |dJ|=5.5159e-14, |dJcp|=0.0000e+00
Iteration 50: J=2.3369e-05, Jf=2.3369e-05, Jcp =0.0000e+00, |dJ|=6.2774e-15, |dJcp|=0.0000e+00
Iteration 55: J=2.3369e-05, Jf=2.3369e-05, Jcp =0.0000e+00, |dJ|=1.3627e-15, |dJcp|=0.0000e+00
Iteration 60: J=2.3369e-05, Jf=2.3369e-05, Jcp =0.0000e+00, |dJ|=2.9621e-16, |dJcp|=0.0000e+00
Iteration 65: J=2.3369e-05, Jf=2.3369e-05, Jcp =0.0000e+00, |dJ|=1.1911e-16, |dJcp|=0.0000e+00
Iteration 70: J=2.3369e-05, Jf=2.3369e-05, Jcp =0.0000e+00, |dJ|=1.8875e-17, |dJcp|=0.0000e+00
CONVERGENCE: RELATIVE REDUCTION OF F <= FACTR*EPSMCH
Saving results to /burg-archive/home/tg2998/simsopt/examples/outputs/TG_warmstarter_stage2results_fixed1/TF_a_0.725...
Warning: coils_to_vtk will not save forces and torques for coils that do not have a model for their cross section. Please use the RegularizedCoil class.

---> Running optimization for TF_a = 0.750
---> Saving outputs to: /burg-archive/home/tg2998/simsopt/examples/outputs/TG_warmstarter_stage2results_fixed1/TF_a_0.750

Warning: coils_to_vtk will not save forces and torques for coils that do not have a model for their cross section. Please use the RegularizedCoil class.
J=3.1979e-03, Jf=3.1979e-03, CC=0, CS=0, |dJ|=1.7459e-02
J=6.5018e-02, Jf=6.0786e-02, CC=2.504523212266655e-05, CS=1.7270517374687067e-05, |dJ|=4.2013e-01
J=5.8086e-02, Jf=3.3747e-03, CC=0.0005471083553117138, CS=0, |dJ|=1.7045e+00
J=2.9069e-03, Jf=2.9069e-03, CC=0, CS=0, |dJ|=1.4371e-02
J=8.4298e-03, Jf=2.2564e-03, CC=6.173448238351421e-05, CS=0, |dJ|=2.9809e-01
J=2.7487e-03, Jf=2.7382e-03, CC=1.0474593148298719e-07, CS=0, |dJ|=9.8443e-03
J=2.8850e-03, Jf=2.4403e-03, CC=4.446767000976077e-06, CS=0, |dJ|=7.0680e-02
J=2.6535e-03, Jf=2.5948e-03, CC=5.869891117835513e-07, CS=0, |dJ|=1.7239e-02
J=2.8663e-03, Jf=2.4418e-03, CC=4.244569576356167e-06, CS=0, |dJ|=6.8543e-02
J=2.6199e-03, Jf=2.5451e-03, CC=7.471212452695367e-07, CS=0, |dJ|=1.5298e-02
J=2.5973e-03, Jf=2.5196e-03, CC=7.772103260855429e-07, CS=0, |dJ|=1.7557e-02
J=2.5590e-03, Jf=2.5165e-03, CC=4.247170364718324e-07, CS=0, |dJ|=1.1425e-02
J=2.5040e-03, Jf=2.4774e-03, CC=2.6645493788740515e-07, CS=0, |dJ|=1.1388e-02
J=2.4342e-03, Jf=2.4231e-03, CC=1.1073839781759484e-07, CS=0, |dJ|=9.3946e-03
J=2.3679e-03, Jf=2.3643e-03, CC=3.588212903945753e-08, CS=0, |dJ|=6.6805e-03
J=2.2909e-03, Jf=2.2827e-03, CC=8.210797992476865e-08, CS=0, |dJ|=7.0074e-03
J=2.2827e-03, Jf=2.2824e-03, CC=2.8096745234288077e-09, CS=0, |dJ|=1.5077e-03
J=2.2808e-03, Jf=2.2802e-03, CC=6.408929572523641e-09, CS=0, |dJ|=1.0934e-03
J=2.2777e-03, Jf=2.2766e-03, CC=1.1280371448190059e-08, CS=0, |dJ|=8.4871e-04
J=2.2698e-03, Jf=2.2688e-03, CC=1.0495417577842038e-08, CS=0, |dJ|=2.0083e-03
J=2.2667e-03, Jf=2.2661e-03, CC=6.7692211795737205e-09, CS=0, |dJ|=1.5993e-03
J=2.2578e-03, Jf=2.2578e-03, CC=2.2823242985282366e-11, CS=0, |dJ|=1.3456e-03
J=2.2570e-03, Jf=2.2570e-03, CC=1.603048835075839e-10, CS=0, |dJ|=1.2140e-03
J=2.2563e-03, Jf=2.2561e-03, CC=1.8962730868049847e-09, CS=0, |dJ|=1.0019e-03
J=2.2558e-03, Jf=2.2555e-03, CC=3.393380068570896e-09, CS=0, |dJ|=1.1633e-03
J=2.2539e-03, Jf=2.2530e-03, CC=8.138603376266475e-09, CS=0, |dJ|=1.8329e-03
J=2.2501e-03, Jf=2.2489e-03, CC=1.2146191257597962e-08, CS=0, |dJ|=2.3873e-03
J=2.2439e-03, Jf=2.2434e-03, CC=5.129057795368758e-09, CS=0, |dJ|=1.4536e-03
J=2.2403e-03, Jf=2.2398e-03, CC=5.026724129621338e-09, CS=0, |dJ|=1.1397e-03
J=2.2388e-03, Jf=2.2383e-03, CC=4.9011691013808395e-09, CS=0, |dJ|=8.8168e-04
J=2.2387e-03, Jf=2.2384e-03, CC=3.4144471401606583e-09, CS=0, |dJ|=6.7008e-04
J=2.2386e-03, Jf=2.2384e-03, CC=1.4870650895580806e-09, CS=0, |dJ|=3.9364e-04
J=2.2386e-03, Jf=2.2385e-03, CC=9.661917668603628e-10, CS=0, |dJ|=3.5509e-04
J=2.2384e-03, Jf=2.2384e-03, CC=2.425697472226941e-10, CS=0, |dJ|=4.5427e-04
J=2.2382e-03, Jf=2.2382e-03, CC=0, CS=0, |dJ|=6.8557e-04
J=2.2374e-03, Jf=2.2374e-03, CC=0, CS=0, |dJ|=6.6742e-04
J=2.2733e-03, Jf=2.2358e-03, CC=3.7536278588455813e-07, CS=0, |dJ|=2.3347e-02
J=2.2367e-03, Jf=2.2367e-03, CC=0, CS=0, |dJ|=6.1459e-04
J=2.3663e-03, Jf=2.2355e-03, CC=1.307613883476232e-06, CS=0, |dJ|=4.8475e-02
J=2.2363e-03, Jf=2.2363e-03, CC=0, CS=0, |dJ|=5.7490e-04
J=2.3989e-03, Jf=2.2355e-03, CC=1.6342814516666267e-06, CS=0, |dJ|=5.5597e-02
J=2.2361e-03, Jf=2.2361e-03, CC=0, CS=0, |dJ|=5.5465e-04
J=2.4235e-03, Jf=2.2354e-03, CC=1.8810993999031469e-06, CS=0, |dJ|=6.0663e-02
J=2.2360e-03, Jf=2.2360e-03, CC=0, CS=0, |dJ|=5.4843e-04
J=2.2869e-03, Jf=2.2355e-03, CC=5.146145302574371e-07, CS=0, |dJ|=2.8496e-02
J=2.2360e-03, Jf=2.2360e-03, CC=0, CS=0, |dJ|=5.3828e-04
J=2.2502e-03, Jf=2.2356e-03, CC=1.4576029879136583e-07, CS=0, |dJ|=1.2691e-02
J=2.2359e-03, Jf=2.2359e-03, CC=0, CS=0, |dJ|=5.3349e-04
J=2.4486e-03, Jf=2.2353e-03, CC=2.1331820143808306e-06, CS=0, |dJ|=6.5483e-02
J=2.2359e-03, Jf=2.2359e-03, CC=0, CS=0, |dJ|=5.3273e-04
J=2.3052e-03, Jf=2.2354e-03, CC=6.984000158533383e-07, CS=0, |dJ|=3.4160e-02
J=2.2359e-03, Jf=2.2359e-03, CC=0, CS=0, |dJ|=5.3139e-04
J=2.2577e-03, Jf=2.2355e-03, CC=2.2143884161528704e-07, CS=0, |dJ|=1.5888e-02
J=2.2359e-03, Jf=2.2359e-03, CC=0, CS=0, |dJ|=5.3010e-04
J=2.2426e-03, Jf=2.2356e-03, CC=6.990235197804127e-08, CS=0, |dJ|=8.5891e-03
J=2.2359e-03, Jf=2.2359e-03, CC=0, CS=0, |dJ|=5.2731e-04
J=2.2378e-03, Jf=2.2357e-03, CC=2.052320801074808e-08, CS=0, |dJ|=4.1896e-03
J=2.2359e-03, Jf=2.2359e-03, CC=0, CS=0, |dJ|=5.2432e-04
J=2.2365e-03, Jf=2.2358e-03, CC=7.12771786910187e-09, CS=0, |dJ|=1.7316e-03
J=2.2359e-03, Jf=2.2359e-03, CC=4.6023895745543146e-11, CS=0, |dJ|=4.9228e-04
J=2.2357e-03, Jf=2.2357e-03, CC=0, CS=0, |dJ|=4.2119e-04
J=2.2356e-03, Jf=2.2356e-03, CC=3.058299058824143e-10, CS=0, |dJ|=4.5395e-04
J=2.2353e-03, Jf=2.2353e-03, CC=1.2626678713835329e-11, CS=0, |dJ|=4.1527e-04
J=2.2376e-03, Jf=2.2340e-03, CC=3.580633554854448e-08, CS=0, |dJ|=4.5785e-03
J=2.2348e-03, Jf=2.2348e-03, CC=0, CS=0, |dJ|=4.4250e-04
J=2.3790e-03, Jf=2.2312e-03, CC=1.4781476005574215e-06, CS=0, |dJ|=4.7821e-02
J=2.2347e-03, Jf=2.2347e-03, CC=0, CS=0, |dJ|=4.4223e-04
J=2.2936e-03, Jf=2.2321e-03, CC=6.147450414962789e-07, CS=0, |dJ|=2.7552e-02
J=2.2346e-03, Jf=2.2346e-03, CC=0, CS=0, |dJ|=4.4200e-04
J=2.2570e-03, Jf=2.2328e-03, CC=2.4181427120728993e-07, CS=0, |dJ|=1.5958e-02
J=2.2345e-03, Jf=2.2345e-03, CC=3.765407278544845e-11, CS=0, |dJ|=3.5956e-04
J=2.2368e-03, Jf=2.2333e-03, CC=3.504301253610544e-08, CS=0, |dJ|=4.5405e-03
J=2.2344e-03, Jf=2.2343e-03, CC=9.225732525326664e-10, CS=0, |dJ|=3.7254e-04
J=2.2340e-03, Jf=2.2339e-03, CC=8.258460926166838e-10, CS=0, |dJ|=3.3789e-04
J=2.2338e-03, Jf=2.2337e-03, CC=9.86599896086087e-10, CS=0, |dJ|=4.1432e-04
J=2.2335e-03, Jf=2.2334e-03, CC=1.1198142975995181e-09, CS=0, |dJ|=4.1900e-04
J=2.2330e-03, Jf=2.2330e-03, CC=9.545096061952784e-11, CS=0, |dJ|=4.3796e-04
J=2.2318e-03, Jf=2.2318e-03, CC=0, CS=0, |dJ|=6.6286e-04
J=2.2291e-03, Jf=2.2291e-03, CC=0, CS=0, |dJ|=7.5074e-04
J=2.2427e-03, Jf=2.2427e-03, CC=0, CS=0, |dJ|=1.6879e-03
J=2.2229e-03, Jf=2.2229e-03, CC=0, CS=0, |dJ|=7.8712e-04
J=2.2204e-03, Jf=2.2204e-03, CC=0, CS=0, |dJ|=4.8345e-04
J=2.2194e-03, Jf=2.2194e-03, CC=0, CS=0, |dJ|=2.4132e-04
J=2.2193e-03, Jf=2.2193e-03, CC=0, CS=0, |dJ|=2.3044e-04
J=2.2193e-03, Jf=2.2193e-03, CC=0, CS=0, |dJ|=2.1023e-04
J=2.2192e-03, Jf=2.2192e-03, CC=0, CS=0, |dJ|=2.2679e-04
J=2.2192e-03, Jf=2.2192e-03, CC=0, CS=0, |dJ|=2.4162e-04
J=2.2188e-03, Jf=2.2188e-03, CC=0, CS=0, |dJ|=2.8164e-04
J=2.2184e-03, Jf=2.2184e-03, CC=0, CS=0, |dJ|=2.7296e-04
J=2.2180e-03, Jf=2.2180e-03, CC=0, CS=0, |dJ|=1.8493e-04
J=2.2179e-03, Jf=2.2179e-03, CC=0, CS=0, |dJ|=1.1532e-04
J=2.2179e-03, Jf=2.2179e-03, CC=0, CS=0, |dJ|=1.0146e-04
J=2.2179e-03, Jf=2.2179e-03, CC=0, CS=0, |dJ|=9.7848e-05
J=2.2179e-03, Jf=2.2179e-03, CC=0, CS=0, |dJ|=9.1742e-05
J=2.2178e-03, Jf=2.2178e-03, CC=0, CS=0, |dJ|=8.9789e-05
J=2.2177e-03, Jf=2.2177e-03, CC=0, CS=0, |dJ|=1.0073e-04
J=2.2175e-03, Jf=2.2175e-03, CC=0, CS=0, |dJ|=1.2688e-04
J=2.2172e-03, Jf=2.2172e-03, CC=0, CS=0, |dJ|=1.4271e-04
J=2.2169e-03, Jf=2.2169e-03, CC=0, CS=0, |dJ|=1.0316e-04
J=2.2167e-03, Jf=2.2167e-03, CC=0, CS=0, |dJ|=1.8098e-05
J=2.2167e-03, Jf=2.2167e-03, CC=0, CS=0, |dJ|=2.1195e-06
J=2.2167e-03, Jf=2.2167e-03, CC=0, CS=0, |dJ|=4.9011e-07
J=2.2167e-03, Jf=2.2167e-03, CC=0, CS=0, |dJ|=3.5543e-07
J=2.2167e-03, Jf=2.2167e-03, CC=0, CS=0, |dJ|=2.2035e-08
J=2.2167e-03, Jf=2.2167e-03, CC=0, CS=0, |dJ|=4.8262e-09
     Number of Toroidal Dipoles: 8
     Number of Poroidal Dipoles: 10
Initialized 10x8 (npol x ntor) windowpane coils with Rpol=0.058, Rtor_min=0.050, Rtor_max=0.102

===== Starting optimization =====
Current3029:x0 1
Current3030:x0 1
Current3031:x0 1
Current3032:x0 1
Current3033:x0 1
Current3034:x0 1
Current3035:x0 1
Current3036:x0 1
Current3037:x0 1
Current3038:x0 1
Current3039:x0 1
Current3040:x0 1
Current3041:x0 1
Current3042:x0 1
Current3043:x0 1
Current3044:x0 1
Current3045:x0 1
Current3046:x0 1
Current3047:x0 1
Current3048:x0 1
Current3049:x0 1
Current3050:x0 1
Current3051:x0 1
Current3052:x0 1
Current3053:x0 1
Current3054:x0 1
Current3055:x0 1
Current3056:x0 1
Current3057:x0 1
Current3058:x0 1
Current3059:x0 1
Current3060:x0 1
Current3061:x0 1
Current3062:x0 1
Current3063:x0 1
Current3064:x0 1
Current3065:x0 1
Current3066:x0 1
Current3067:x0 1
Current3068:x0 1
Current3069:x0 1
Current3070:x0 1
Current3071:x0 1
Current3072:x0 1
Current3073:x0 1
Current3074:x0 1
Current3075:x0 1
Current3076:x0 1
Current3077:x0 1
Current3078:x0 1
Current3079:x0 1
Current3080:x0 1
Current3081:x0 1
Current3082:x0 1
Current3083:x0 1
Current3084:x0 1
Current3085:x0 1
Current3086:x0 1
Current3087:x0 1
Current3088:x0 1
Current3089:x0 1
Current3090:x0 1
Current3091:x0 1
Current3092:x0 1
Current3093:x0 1
Current3094:x0 1
Current3095:x0 1
Current3096:x0 1
Current3097:x0 1
Current3098:x0 1
Current3099:x0 1
Current3100:x0 1
Current3101:x0 1
Current3102:x0 1
Current3103:x0 1
Current3104:x0 1
Current3105:x0 1
Current3106:x0 1
Current3107:x0 1
Current3108:x0 1
Iteration 5: J=5.4870e-04, Jf=5.4870e-04, Jcp =0.0000e+00, |dJ|=6.4452e-09, |dJcp|=0.0000e+00
Iteration 10: J=3.0959e-05, Jf=3.0959e-05, Jcp =0.0000e+00, |dJ|=3.8677e-10, |dJcp|=0.0000e+00
Iteration 15: J=2.3869e-05, Jf=2.3869e-05, Jcp =0.0000e+00, |dJ|=1.2537e-10, |dJcp|=0.0000e+00
Iteration 20: J=2.3299e-05, Jf=2.3299e-05, Jcp =0.0000e+00, |dJ|=5.1279e-11, |dJcp|=0.0000e+00
Iteration 25: J=2.3232e-05, Jf=2.3232e-05, Jcp =0.0000e+00, |dJ|=9.8153e-12, |dJcp|=0.0000e+00
Iteration 30: J=2.3228e-05, Jf=2.3228e-05, Jcp =0.0000e+00, |dJ|=3.0152e-12, |dJcp|=0.0000e+00
Iteration 35: J=2.3227e-05, Jf=2.3227e-05, Jcp =0.0000e+00, |dJ|=1.1221e-12, |dJcp|=0.0000e+00
Iteration 40: J=2.3227e-05, Jf=2.3227e-05, Jcp =0.0000e+00, |dJ|=2.9968e-13, |dJcp|=0.0000e+00
Iteration 45: J=2.3227e-05, Jf=2.3227e-05, Jcp =0.0000e+00, |dJ|=6.7066e-14, |dJcp|=0.0000e+00
Iteration 50: J=2.3227e-05, Jf=2.3227e-05, Jcp =0.0000e+00, |dJ|=1.4191e-14, |dJcp|=0.0000e+00
Iteration 55: J=2.3227e-05, Jf=2.3227e-05, Jcp =0.0000e+00, |dJ|=6.7384e-15, |dJcp|=0.0000e+00
Iteration 60: J=2.3227e-05, Jf=2.3227e-05, Jcp =0.0000e+00, |dJ|=1.9417e-15, |dJcp|=0.0000e+00
Iteration 65: J=2.3227e-05, Jf=2.3227e-05, Jcp =0.0000e+00, |dJ|=1.2507e-16, |dJcp|=0.0000e+00
Iteration 70: J=2.3227e-05, Jf=2.3227e-05, Jcp =0.0000e+00, |dJ|=8.1795e-17, |dJcp|=0.0000e+00
CONVERGENCE: RELATIVE REDUCTION OF F <= FACTR*EPSMCH
Saving results to /burg-archive/home/tg2998/simsopt/examples/outputs/TG_warmstarter_stage2results_fixed1/TF_a_0.750...
Warning: coils_to_vtk will not save forces and torques for coils that do not have a model for their cross section. Please use the RegularizedCoil class.

---> Running optimization for TF_a = 0.775
---> Saving outputs to: /burg-archive/home/tg2998/simsopt/examples/outputs/TG_warmstarter_stage2results_fixed1/TF_a_0.775

Warning: coils_to_vtk will not save forces and torques for coils that do not have a model for their cross section. Please use the RegularizedCoil class.
J=3.1989e-03, Jf=3.1977e-03, CC=1.1206060521491066e-08, CS=0, |dJ|=1.6226e-02
J=6.1934e-02, Jf=5.9364e-02, CC=1.0082669581433162e-05, CS=1.5620031440269113e-05, |dJ|=4.2287e-01
J=1.0859e-01, Jf=3.9402e-03, CC=0.0010465411701739802, CS=0, |dJ|=2.0393e+00
J=3.1600e-03, Jf=3.1556e-03, CC=4.335660212529077e-08, CS=0, |dJ|=1.4570e-02
J=3.2308e-03, Jf=2.7222e-03, CC=5.086470000251017e-06, CS=0, |dJ|=7.1859e-02
J=3.0390e-03, Jf=2.9373e-03, CC=1.017784075794149e-06, CS=0, |dJ|=2.2588e-02
J=2.9929e-03, Jf=2.7822e-03, CC=2.1067886764013465e-06, CS=0, |dJ|=3.3023e-02
J=2.9121e-03, Jf=2.7848e-03, CC=1.273004835229674e-06, CS=0, |dJ|=1.5727e-02
J=2.7758e-03, Jf=2.7023e-03, CC=7.350417112726015e-07, CS=0, |dJ|=1.5826e-02
J=2.6228e-03, Jf=2.6087e-03, CC=1.4112460311721753e-07, CS=0, |dJ|=1.1837e-02
J=2.5526e-03, Jf=2.5441e-03, CC=8.460354917632452e-08, CS=0, |dJ|=9.3852e-03
J=2.3964e-03, Jf=2.3942e-03, CC=2.206024289720637e-08, CS=0, |dJ|=6.7367e-03
J=2.3047e-03, Jf=2.3001e-03, CC=4.6720261117500746e-08, CS=0, |dJ|=4.7086e-03
J=2.3045e-03, Jf=2.3041e-03, CC=3.555357891925638e-09, CS=0, |dJ|=2.3404e-03
J=2.2998e-03, Jf=2.2995e-03, CC=2.8746448649232955e-09, CS=0, |dJ|=2.4055e-03
J=2.2842e-03, Jf=2.2842e-03, CC=0, CS=0, |dJ|=2.4089e-03
J=2.5457e-03, Jf=2.2539e-03, CC=2.918524726901341e-06, CS=0, |dJ|=8.4929e-02
J=2.2797e-03, Jf=2.2792e-03, CC=5.184864371308834e-09, CS=0, |dJ|=1.7621e-03
J=2.2653e-03, Jf=2.2614e-03, CC=3.9231832488893146e-08, CS=0, |dJ|=5.2507e-03
J=2.2623e-03, Jf=2.2623e-03, CC=0, CS=0, |dJ|=1.8847e-03
J=2.2549e-03, Jf=2.2549e-03, CC=0, CS=0, |dJ|=1.5076e-03
J=2.2444e-03, Jf=2.2444e-03, CC=0, CS=0, |dJ|=1.1454e-03
J=2.2423e-03, Jf=2.2419e-03, CC=3.9739151398314885e-09, CS=0, |dJ|=1.5305e-03
J=2.2419e-03, Jf=2.2419e-03, CC=1.9254046008210897e-10, CS=0, |dJ|=6.7871e-04
J=2.2417e-03, Jf=2.2417e-03, CC=3.198538554233951e-10, CS=0, |dJ|=5.7554e-04
J=2.2417e-03, Jf=2.2416e-03, CC=1.3003696892254589e-09, CS=0, |dJ|=6.4791e-04
J=2.2416e-03, Jf=2.2415e-03, CC=1.248878424687526e-09, CS=0, |dJ|=6.0581e-04
J=2.2414e-03, Jf=2.2412e-03, CC=1.6813391811631073e-09, CS=0, |dJ|=6.0928e-04
J=2.2408e-03, Jf=2.2406e-03, CC=2.332524097670719e-09, CS=0, |dJ|=5.6582e-04
J=2.2391e-03, Jf=2.2387e-03, CC=3.983415320899875e-09, CS=0, |dJ|=1.0733e-03
J=2.2363e-03, Jf=2.2359e-03, CC=4.127524623837287e-09, CS=0, |dJ|=1.3987e-03
J=2.2382e-03, Jf=2.2379e-03, CC=3.3183782689308515e-09, CS=0, |dJ|=9.4800e-04
J=3.1036e-03, Jf=2.2337e-03, CC=8.699044475608483e-06, CS=0, |dJ|=1.6016e-01
J=2.2367e-03, Jf=2.2364e-03, CC=2.9299862436710817e-09, CS=0, |dJ|=9.2850e-04
J=4.1022e-03, Jf=2.2325e-03, CC=1.869623271445625e-05, CS=0, |dJ|=2.6310e-01
J=2.2357e-03, Jf=2.2355e-03, CC=2.435194965926124e-09, CS=0, |dJ|=8.4461e-04
J=4.5531e-03, Jf=2.2321e-03, CC=2.32097721193399e-05, CS=0, |dJ|=3.0043e-01
J=2.2355e-03, Jf=2.2353e-03, CC=2.365914088488879e-09, CS=0, |dJ|=8.3698e-04
J=2.8933e-03, Jf=2.2322e-03, CC=6.610910565058327e-06, CS=0, |dJ|=1.2926e-01
J=2.2354e-03, Jf=2.2352e-03, CC=2.3179537545661302e-09, CS=0, |dJ|=8.3145e-04
J=2.4253e-03, Jf=2.2329e-03, CC=1.9242652600994227e-06, CS=0, |dJ|=5.9192e-02
J=2.2353e-03, Jf=2.2350e-03, CC=2.5672299497782374e-09, CS=0, |dJ|=9.3409e-04
J=2.2346e-03, Jf=2.2345e-03, CC=1.4880068084983994e-09, CS=0, |dJ|=5.0082e-04
J=2.2344e-03, Jf=2.2343e-03, CC=6.707573412262842e-10, CS=0, |dJ|=3.5650e-04
J=2.2343e-03, Jf=2.2341e-03, CC=2.7926016523650613e-09, CS=0, |dJ|=7.7293e-04
J=2.2343e-03, Jf=2.2342e-03, CC=5.87622982629413e-10, CS=0, |dJ|=2.8743e-04
J=2.2344e-03, Jf=2.2338e-03, CC=5.908282878074534e-09, CS=0, |dJ|=1.2993e-03
J=2.2342e-03, Jf=2.2341e-03, CC=1.3464972749195151e-09, CS=0, |dJ|=4.3753e-04
J=2.2340e-03, Jf=2.2339e-03, CC=1.0296759091750204e-09, CS=0, |dJ|=3.6797e-04
J=2.2334e-03, Jf=2.2334e-03, CC=1.0088622250105303e-10, CS=0, |dJ|=4.2616e-04
J=2.2336e-03, Jf=2.2331e-03, CC=5.026880911314451e-09, CS=0, |dJ|=1.4251e-03
J=2.2333e-03, Jf=2.2333e-03, CC=1.6989185233184023e-10, CS=0, |dJ|=3.9946e-04
J=2.2332e-03, Jf=2.2332e-03, CC=6.299590547280351e-10, CS=0, |dJ|=4.2849e-04
J=2.2333e-03, Jf=2.2332e-03, CC=1.8578578927414022e-10, CS=0, |dJ|=3.8966e-04
J=2.8326e-03, Jf=2.2326e-03, CC=5.999945428412137e-06, CS=0, |dJ|=1.3454e-01
J=2.2333e-03, Jf=2.2332e-03, CC=1.861099439327082e-10, CS=0, |dJ|=3.8826e-04
J=2.4332e-03, Jf=2.2327e-03, CC=2.005165777040197e-06, CS=0, |dJ|=6.8942e-02
J=2.2333e-03, Jf=2.2332e-03, CC=1.8655960144214096e-10, CS=0, |dJ|=3.8635e-04
J=2.2990e-03, Jf=2.2328e-03, CC=6.615809603897027e-07, CS=0, |dJ|=3.5918e-02
J=2.2333e-03, Jf=2.2332e-03, CC=1.873204031589096e-10, CS=0, |dJ|=3.8319e-04
J=2.2535e-03, Jf=2.2329e-03, CC=2.0597338654045312e-07, CS=0, |dJ|=1.7089e-02
J=2.2332e-03, Jf=2.2332e-03, CC=1.8833985456677792e-10, CS=0, |dJ|=3.7907e-04
J=2.2395e-03, Jf=2.2330e-03, CC=6.493723609833486e-08, CS=0, |dJ|=8.8861e-03
J=2.2332e-03, Jf=2.2332e-03, CC=1.9035113860431912e-10, CS=0, |dJ|=3.7129e-04
J=2.2350e-03, Jf=2.2331e-03, CC=1.866265179556183e-08, CS=0, |dJ|=4.3474e-03
J=2.2332e-03, Jf=2.2332e-03, CC=1.9304042890064108e-10, CS=0, |dJ|=3.6144e-04
J=2.2337e-03, Jf=2.2331e-03, CC=6.126757772844122e-09, CS=0, |dJ|=1.7404e-03
J=2.2332e-03, Jf=2.2332e-03, CC=1.9877981931630388e-10, CS=0, |dJ|=3.4076e-04
J=2.2334e-03, Jf=2.2331e-03, CC=3.0162279556370078e-09, CS=0, |dJ|=9.7526e-04
J=2.2332e-03, Jf=2.2332e-03, CC=3.6644767512105255e-10, CS=0, |dJ|=2.8907e-04
J=2.2339e-03, Jf=2.2334e-03, CC=4.994719819673898e-09, CS=0, |dJ|=1.6507e-03
J=2.2332e-03, Jf=2.2331e-03, CC=3.9358021511791483e-10, CS=0, |dJ|=6.3797e-05
J=2.2332e-03, Jf=2.2331e-03, CC=3.749596646548852e-10, CS=0, |dJ|=6.0955e-05
J=2.2332e-03, Jf=2.2331e-03, CC=4.157031679603456e-10, CS=0, |dJ|=5.9397e-05
J=2.2331e-03, Jf=2.2331e-03, CC=5.086317988927167e-10, CS=0, |dJ|=8.4120e-05
J=2.2331e-03, Jf=2.2331e-03, CC=6.43297403531813e-10, CS=0, |dJ|=1.4190e-04
J=2.2331e-03, Jf=2.2330e-03, CC=8.280052846181969e-10, CS=0, |dJ|=2.2514e-04
J=2.2331e-03, Jf=2.2330e-03, CC=1.0519066535800519e-09, CS=0, |dJ|=3.2515e-04
J=2.2330e-03, Jf=2.2329e-03, CC=1.121558472657249e-09, CS=0, |dJ|=3.7522e-04
J=2.2330e-03, Jf=2.2329e-03, CC=8.703174672897072e-10, CS=0, |dJ|=3.0511e-04
J=2.2329e-03, Jf=2.2329e-03, CC=6.768343330362584e-10, CS=0, |dJ|=2.3092e-04
J=2.2329e-03, Jf=2.2329e-03, CC=3.7573968540180953e-10, CS=0, |dJ|=6.3099e-05
J=2.2329e-03, Jf=2.2329e-03, CC=3.203411115738248e-10, CS=0, |dJ|=1.6386e-05
J=2.2329e-03, Jf=2.2329e-03, CC=3.0287781802984836e-10, CS=0, |dJ|=5.2848e-06
J=2.2329e-03, Jf=2.2329e-03, CC=3.1042185619903634e-10, CS=0, |dJ|=2.5764e-07
J=2.2329e-03, Jf=2.2329e-03, CC=3.103649401809307e-10, CS=0, |dJ|=9.7811e-08
     Number of Toroidal Dipoles: 8
     Number of Poroidal Dipoles: 10
Initialized 10x8 (npol x ntor) windowpane coils with Rpol=0.058, Rtor_min=0.050, Rtor_max=0.102

===== Starting optimization =====
Current3197:x0 1
Current3198:x0 1
Current3199:x0 1
Current3200:x0 1
Current3201:x0 1
Current3202:x0 1
Current3203:x0 1
Current3204:x0 1
Current3205:x0 1
Current3206:x0 1
Current3207:x0 1
Current3208:x0 1
Current3209:x0 1
Current3210:x0 1
Current3211:x0 1
Current3212:x0 1
Current3213:x0 1
Current3214:x0 1
Current3215:x0 1
Current3216:x0 1
Current3217:x0 1
Current3218:x0 1
Current3219:x0 1
Current3220:x0 1
Current3221:x0 1
Current3222:x0 1
Current3223:x0 1
Current3224:x0 1
Current3225:x0 1
Current3226:x0 1
Current3227:x0 1
Current3228:x0 1
Current3229:x0 1
Current3230:x0 1
Current3231:x0 1
Current3232:x0 1
Current3233:x0 1
Current3234:x0 1
Current3235:x0 1
Current3236:x0 1
Current3237:x0 1
Current3238:x0 1
Current3239:x0 1
Current3240:x0 1
Current3241:x0 1
Current3242:x0 1
Current3243:x0 1
Current3244:x0 1
Current3245:x0 1
Current3246:x0 1
Current3247:x0 1
Current3248:x0 1
Current3249:x0 1
Current3250:x0 1
Current3251:x0 1
Current3252:x0 1
Current3253:x0 1
Current3254:x0 1
Current3255:x0 1
Current3256:x0 1
Current3257:x0 1
Current3258:x0 1
Current3259:x0 1
Current3260:x0 1
Current3261:x0 1
Current3262:x0 1
Current3263:x0 1
Current3264:x0 1
Current3265:x0 1
Current3266:x0 1
Current3267:x0 1
Current3268:x0 1
Current3269:x0 1
Current3270:x0 1
Current3271:x0 1
Current3272:x0 1
Current3273:x0 1
Current3274:x0 1
Current3275:x0 1
Current3276:x0 1
Iteration 5: J=5.5293e-04, Jf=5.5293e-04, Jcp =0.0000e+00, |dJ|=6.3955e-09, |dJcp|=0.0000e+00
Iteration 10: J=3.1583e-05, Jf=3.1583e-05, Jcp =0.0000e+00, |dJ|=3.9232e-10, |dJcp|=0.0000e+00
Iteration 15: J=2.4542e-05, Jf=2.4542e-05, Jcp =0.0000e+00, |dJ|=1.0692e-10, |dJcp|=0.0000e+00
Iteration 20: J=2.3861e-05, Jf=2.3861e-05, Jcp =0.0000e+00, |dJ|=2.4488e-11, |dJcp|=0.0000e+00
Iteration 25: J=2.3798e-05, Jf=2.3798e-05, Jcp =0.0000e+00, |dJ|=7.9027e-12, |dJcp|=0.0000e+00
Iteration 30: J=2.3793e-05, Jf=2.3793e-05, Jcp =0.0000e+00, |dJ|=4.2203e-12, |dJcp|=0.0000e+00
Iteration 35: J=2.3791e-05, Jf=2.3791e-05, Jcp =0.0000e+00, |dJ|=1.0750e-12, |dJcp|=0.0000e+00
Iteration 40: J=2.3791e-05, Jf=2.3791e-05, Jcp =0.0000e+00, |dJ|=9.3619e-13, |dJcp|=0.0000e+00
Iteration 45: J=2.3791e-05, Jf=2.3791e-05, Jcp =0.0000e+00, |dJ|=1.2322e-13, |dJcp|=0.0000e+00
Iteration 50: J=2.3791e-05, Jf=2.3791e-05, Jcp =0.0000e+00, |dJ|=2.6600e-14, |dJcp|=0.0000e+00
Iteration 55: J=2.3791e-05, Jf=2.3791e-05, Jcp =0.0000e+00, |dJ|=8.8786e-15, |dJcp|=0.0000e+00
Iteration 60: J=2.3791e-05, Jf=2.3791e-05, Jcp =0.0000e+00, |dJ|=1.3653e-15, |dJcp|=0.0000e+00
Iteration 65: J=2.3791e-05, Jf=2.3791e-05, Jcp =0.0000e+00, |dJ|=2.7364e-16, |dJcp|=0.0000e+00
Iteration 70: J=2.3791e-05, Jf=2.3791e-05, Jcp =0.0000e+00, |dJ|=7.5244e-17, |dJcp|=0.0000e+00
Iteration 75: J=2.3791e-05, Jf=2.3791e-05, Jcp =0.0000e+00, |dJ|=1.1498e-17, |dJcp|=0.0000e+00
CONVERGENCE: RELATIVE REDUCTION OF F <= FACTR*EPSMCH
Saving results to /burg-archive/home/tg2998/simsopt/examples/outputs/TG_warmstarter_stage2results_fixed1/TF_a_0.775...
Warning: coils_to_vtk will not save forces and torques for coils that do not have a model for their cross section. Please use the RegularizedCoil class.

---> Running optimization for TF_a = 0.800
---> Saving outputs to: /burg-archive/home/tg2998/simsopt/examples/outputs/TG_warmstarter_stage2results_fixed1/TF_a_0.800

Warning: coils_to_vtk will not save forces and torques for coils that do not have a model for their cross section. Please use the RegularizedCoil class.
J=3.7929e-03, Jf=3.1976e-03, CC=5.953363893888096e-06, CS=0, |dJ|=4.9998e-02
J=1.1385e-01, Jf=1.1053e-01, CC=1.7968355424103785e-05, CS=1.52996873606175e-05, |dJ|=6.5347e-01
J=9.1829e-03, Jf=8.9911e-03, CC=1.917470911627526e-06, CS=0, |dJ|=6.4954e-02
J=4.1461e-03, Jf=3.9648e-03, CC=1.8133078490183197e-06, CS=0, |dJ|=4.9318e-02
J=3.5919e-03, Jf=3.3996e-03, CC=1.922554450990442e-06, CS=0, |dJ|=5.0449e-02
J=3.4603e-03, Jf=3.4595e-03, CC=7.607760266213013e-09, CS=0, |dJ|=1.8155e-02
J=3.3981e-03, Jf=3.3854e-03, CC=1.2704638043718916e-07, CS=0, |dJ|=1.5046e-02
J=3.4875e-03, Jf=3.1285e-03, CC=3.589859649542476e-06, CS=0, |dJ|=5.4334e-02
J=3.3459e-03, Jf=3.2815e-03, CC=6.439506925993195e-07, CS=0, |dJ|=1.4990e-02
J=3.2677e-03, Jf=3.1827e-03, CC=8.499234166241713e-07, CS=0, |dJ|=1.1794e-02
J=2.9208e-03, Jf=2.7439e-03, CC=1.7686009396286615e-06, CS=0, |dJ|=3.6305e-02
J=2.6801e-03, Jf=2.6231e-03, CC=5.695143472722866e-07, CS=0, |dJ|=2.5037e-02
J=2.5983e-03, Jf=2.5740e-03, CC=2.428034837007965e-07, CS=0, |dJ|=1.3456e-02
J=2.5516e-03, Jf=2.5399e-03, CC=1.1707396866499687e-07, CS=0, |dJ|=1.2191e-02
J=2.3876e-03, Jf=2.3869e-03, CC=6.970534682142408e-09, CS=0, |dJ|=5.0127e-03
J=2.3464e-03, Jf=2.3455e-03, CC=9.226523491986677e-09, CS=0, |dJ|=2.6572e-03
J=2.3335e-03, Jf=2.3335e-03, CC=0, CS=0, |dJ|=2.9626e-03
J=2.3215e-03, Jf=2.3151e-03, CC=6.491825062552738e-08, CS=0, |dJ|=8.0819e-03
J=2.3161e-03, Jf=2.3155e-03, CC=5.677851315509861e-09, CS=0, |dJ|=2.6957e-03
J=2.3139e-03, Jf=2.3136e-03, CC=3.5972420429974377e-09, CS=0, |dJ|=2.4906e-03
J=2.3067e-03, Jf=2.3067e-03, CC=0, CS=0, |dJ|=2.2513e-03
J=2.3183e-03, Jf=2.2864e-03, CC=3.1860955446420014e-07, CS=0, |dJ|=1.8611e-02
J=2.2969e-03, Jf=2.2969e-03, CC=2.2686019068948562e-10, CS=0, |dJ|=1.9610e-03
J=2.5629e-03, Jf=2.2610e-03, CC=3.0185585048445723e-06, CS=0, |dJ|=7.8017e-02
J=2.2939e-03, Jf=2.2922e-03, CC=1.7231932388792795e-08, CS=0, |dJ|=2.6780e-03
J=2.2839e-03, Jf=2.2806e-03, CC=3.217315341709095e-08, CS=0, |dJ|=4.1529e-03
J=2.2778e-03, Jf=2.2766e-03, CC=1.1446515700668917e-08, CS=0, |dJ|=2.1470e-03
J=2.2758e-03, Jf=2.2738e-03, CC=1.9477847230284212e-08, CS=0, |dJ|=2.6834e-03
J=2.2663e-03, Jf=2.2603e-03, CC=5.994305202605804e-08, CS=0, |dJ|=6.2179e-03
J=2.1090e-02, Jf=2.2925e-03, CC=0.00018797607320370258, CS=0, |dJ|=9.4422e-01
J=2.2663e-03, Jf=2.2603e-03, CC=5.989297347197618e-08, CS=0, |dJ|=6.2125e-03
J=2.2663e-03, Jf=2.2603e-03, CC=5.984224059192238e-08, CS=0, |dJ|=6.2071e-03
J=7.3849e-03, Jf=2.2539e-03, CC=5.130946178776803e-05, CS=0, |dJ|=4.1241e-01
J=2.2661e-03, Jf=2.2602e-03, CC=5.961679254544444e-08, CS=0, |dJ|=6.1831e-03
J=2.2659e-03, Jf=2.2600e-03, CC=5.9290498148210335e-08, CS=0, |dJ|=6.1486e-03
J=3.0106e-03, Jf=2.2522e-03, CC=7.583976021478039e-06, CS=0, |dJ|=1.2660e-01
J=2.2653e-03, Jf=2.2595e-03, CC=5.819078843620031e-08, CS=0, |dJ|=6.0339e-03
J=2.2647e-03, Jf=2.2590e-03, CC=5.6817838344983246e-08, CS=0, |dJ|=5.8914e-03
J=2.3619e-03, Jf=2.2547e-03, CC=1.0720332781274948e-06, CS=0, |dJ|=3.9113e-02
J=2.2641e-03, Jf=2.2586e-03, CC=5.5399177771242833e-08, CS=0, |dJ|=5.9954e-03
J=2.2907e-03, Jf=2.2558e-03, CC=3.4875747086629563e-07, CS=0, |dJ|=2.1475e-02
J=2.2635e-03, Jf=2.2581e-03, CC=5.408442057186028e-08, CS=0, |dJ|=6.0863e-03
J=2.2715e-03, Jf=2.2565e-03, CC=1.4966605539799481e-07, CS=0, |dJ|=1.2415e-02
J=2.2632e-03, Jf=2.2579e-03, CC=5.3791932051569994e-08, CS=0, |dJ|=6.2627e-03
J=2.2658e-03, Jf=2.2555e-03, CC=1.0284986380534944e-07, CS=0, |dJ|=8.8639e-03
J=2.2619e-03, Jf=2.2567e-03, CC=5.218056009897084e-08, CS=0, |dJ|=6.0679e-03
J=2.2886e-03, Jf=2.2886e-03, CC=0, CS=0, |dJ|=2.3769e-03
J=2.2586e-03, Jf=2.2574e-03, CC=1.266610101909278e-08, CS=0, |dJ|=1.8994e-03
J=2.2563e-03, Jf=2.2558e-03, CC=5.435591214619071e-09, CS=0, |dJ|=1.2549e-03
J=2.2537e-03, Jf=2.2537e-03, CC=1.8586882181973512e-10, CS=0, |dJ|=1.3538e-03
J=2.2519e-03, Jf=2.2519e-03, CC=1.9888620583414115e-10, CS=0, |dJ|=1.3244e-03
J=2.2468e-03, Jf=2.2468e-03, CC=0, CS=0, |dJ|=1.4610e-03
J=2.2432e-03, Jf=2.2432e-03, CC=0, CS=0, |dJ|=1.2383e-03
J=2.2424e-03, Jf=2.2424e-03, CC=0, CS=0, |dJ|=1.0462e-03
J=2.2420e-03, Jf=2.2420e-03, CC=0, CS=0, |dJ|=1.0164e-03
J=2.2403e-03, Jf=2.2403e-03, CC=0, CS=0, |dJ|=9.2504e-04
J=2.2379e-03, Jf=2.2379e-03, CC=0, CS=0, |dJ|=8.7895e-04
J=2.4841e-03, Jf=2.2331e-03, CC=2.509981794721661e-06, CS=0, |dJ|=8.9516e-02
J=2.2375e-03, Jf=2.2375e-03, CC=0, CS=0, |dJ|=8.7022e-04
J=2.3093e-03, Jf=2.2342e-03, CC=7.505440921908388e-07, CS=0, |dJ|=3.9727e-02
J=2.2373e-03, Jf=2.2373e-03, CC=0, CS=0, |dJ|=8.6373e-04
J=2.2589e-03, Jf=2.2351e-03, CC=2.3777595607880236e-07, CS=0, |dJ|=1.9870e-02
J=2.2370e-03, Jf=2.2370e-03, CC=0, CS=0, |dJ|=8.5776e-04
J=2.2437e-03, Jf=2.2357e-03, CC=7.958538947763792e-08, CS=0, |dJ|=9.6447e-03
J=2.2369e-03, Jf=2.2368e-03, CC=5.190274381938098e-11, CS=0, |dJ|=7.4426e-04
J=2.2704e-03, Jf=2.2333e-03, CC=3.7146108447483506e-07, CS=0, |dJ|=2.5526e-02
J=2.2367e-03, Jf=2.2366e-03, CC=8.670864670243517e-10, CS=0, |dJ|=5.9274e-04
J=2.2349e-03, Jf=2.2349e-03, CC=1.3532558654332742e-10, CS=0, |dJ|=4.2838e-04
J=2.2347e-03, Jf=2.2346e-03, CC=1.5963114987616228e-09, CS=0, |dJ|=6.7868e-04
J=2.2347e-03, Jf=2.2347e-03, CC=4.5558898354411994e-10, CS=0, |dJ|=2.9096e-04
J=2.2347e-03, Jf=2.2346e-03, CC=6.56469969131075e-10, CS=0, |dJ|=2.9778e-04
J=2.2346e-03, Jf=2.2345e-03, CC=9.482873116965163e-10, CS=0, |dJ|=4.2755e-04
J=2.2344e-03, Jf=2.2343e-03, CC=1.548283292357798e-09, CS=0, |dJ|=7.0743e-04
J=2.2344e-03, Jf=2.2339e-03, CC=4.707956741852589e-09, CS=0, |dJ|=1.3478e-03
J=2.2344e-03, Jf=2.2342e-03, CC=1.5759265771439898e-09, CS=0, |dJ|=7.1918e-04
J=2.2342e-03, Jf=2.2340e-03, CC=1.4766568820348735e-09, CS=0, |dJ|=6.4958e-04
J=2.2664e-03, Jf=2.2338e-03, CC=3.260694930777055e-07, CS=0, |dJ|=1.8865e-02
J=2.2341e-03, Jf=2.2340e-03, CC=1.4702277464550822e-09, CS=0, |dJ|=6.4406e-04
J=2.2448e-03, Jf=2.2338e-03, CC=1.1033205540408772e-07, CS=0, |dJ|=9.5658e-03
J=2.2341e-03, Jf=2.2340e-03, CC=1.4627781909408638e-09, CS=0, |dJ|=6.3783e-04
J=2.2374e-03, Jf=2.2338e-03, CC=3.6018758338548735e-08, CS=0, |dJ|=5.2149e-03
J=2.2341e-03, Jf=2.2340e-03, CC=1.4488937493212089e-09, CS=0, |dJ|=6.2651e-04
J=2.2351e-03, Jf=2.2339e-03, CC=1.2349894734354352e-08, CS=0, |dJ|=2.5987e-03
J=2.2341e-03, Jf=2.2340e-03, CC=1.4367491323956024e-09, CS=0, |dJ|=6.1678e-04
J=2.2344e-03, Jf=2.2339e-03, CC=5.573110125404401e-09, CS=0, |dJ|=1.4855e-03
J=2.2341e-03, Jf=2.2339e-03, CC=1.428658893328393e-09, CS=0, |dJ|=6.1036e-04
J=2.2724e-03, Jf=2.2337e-03, CC=3.877267491464762e-07, CS=0, |dJ|=2.1024e-02
J=2.2341e-03, Jf=2.2339e-03, CC=1.4388609529458998e-09, CS=0, |dJ|=6.1055e-04
J=2.2339e-03, Jf=2.2337e-03, CC=2.267704074681751e-09, CS=0, |dJ|=9.6602e-04
J=2.2338e-03, Jf=2.2337e-03, CC=9.690401611308397e-10, CS=0, |dJ|=4.8916e-04
J=2.2337e-03, Jf=2.2337e-03, CC=3.236736626656058e-10, CS=0, |dJ|=1.3679e-04
J=2.2337e-03, Jf=2.2337e-03, CC=2.5469609001547925e-10, CS=0, |dJ|=1.3871e-04
J=2.2337e-03, Jf=2.2337e-03, CC=4.451843643754103e-11, CS=0, |dJ|=3.1443e-04
J=2.2336e-03, Jf=2.2336e-03, CC=3.602599833714944e-12, CS=0, |dJ|=4.5763e-04
J=2.2333e-03, Jf=2.2333e-03, CC=0, CS=0, |dJ|=4.9549e-04
J=2.2330e-03, Jf=2.2330e-03, CC=0, CS=0, |dJ|=5.0389e-04
J=2.2329e-03, Jf=2.2329e-03, CC=0, CS=0, |dJ|=5.1501e-04
J=2.2327e-03, Jf=2.2327e-03, CC=0, CS=0, |dJ|=5.4309e-04
J=2.2326e-03, Jf=2.2326e-03, CC=1.0051517811210032e-10, CS=0, |dJ|=3.8291e-04
J=2.2329e-03, Jf=2.2323e-03, CC=6.3137834884759554e-09, CS=0, |dJ|=2.1994e-03
J=2.2325e-03, Jf=2.2324e-03, CC=2.7493515861349705e-10, CS=0, |dJ|=2.8873e-04
J=2.6241e-03, Jf=2.2321e-03, CC=3.919906483264566e-06, CS=0, |dJ|=1.2363e-01
J=2.2324e-03, Jf=2.2324e-03, CC=2.744507161346179e-10, CS=0, |dJ|=2.8785e-04
J=2.3476e-03, Jf=2.2321e-03, CC=1.1547025490920358e-06, CS=0, |dJ|=5.5657e-02
J=2.2324e-03, Jf=2.2324e-03, CC=2.737816723091197e-10, CS=0, |dJ|=2.8751e-04
J=2.2666e-03, Jf=2.2321e-03, CC=3.448565539172858e-07, CS=0, |dJ|=2.5949e-02
J=2.2324e-03, Jf=2.2324e-03, CC=2.7234195892045305e-10, CS=0, |dJ|=2.8721e-04
J=2.2419e-03, Jf=2.2322e-03, CC=9.698800676622885e-08, CS=0, |dJ|=1.2323e-02
J=2.2324e-03, Jf=2.2324e-03, CC=2.6785805885308346e-10, CS=0, |dJ|=2.8720e-04
J=2.2350e-03, Jf=2.2323e-03, CC=2.7733754168943755e-08, CS=0, |dJ|=5.6908e-03
J=2.2324e-03, Jf=2.2324e-03, CC=2.634471692222214e-10, CS=0, |dJ|=2.8768e-04
J=2.2331e-03, Jf=2.2323e-03, CC=8.418345979327594e-09, CS=0, |dJ|=2.6483e-03
J=2.2324e-03, Jf=2.2324e-03, CC=2.599407780623224e-10, CS=0, |dJ|=2.8823e-04
J=2.2326e-03, Jf=2.2323e-03, CC=2.7669376857066623e-09, CS=0, |dJ|=1.3047e-03
J=2.2324e-03, Jf=2.2324e-03, CC=2.568546812870422e-10, CS=0, |dJ|=2.8879e-04
J=2.2324e-03, Jf=2.2323e-03, CC=1.2020398014013236e-09, CS=0, |dJ|=5.8738e-04
J=2.2324e-03, Jf=2.2323e-03, CC=2.672157069588144e-10, CS=0, |dJ|=2.5884e-04
J=2.2337e-03, Jf=2.2319e-03, CC=1.8386737317652658e-08, CS=0, |dJ|=3.2499e-03
J=2.2323e-03, Jf=2.2322e-03, CC=8.666492151502958e-10, CS=0, |dJ|=2.8112e-04
J=2.2324e-03, Jf=2.2321e-03, CC=2.4466755349263827e-09, CS=0, |dJ|=1.1306e-03
J=2.2323e-03, Jf=2.2322e-03, CC=1.1107140832279538e-09, CS=0, |dJ|=4.3329e-04
J=2.2333e-03, Jf=2.2332e-03, CC=9.88603019312571e-10, CS=0, |dJ|=6.3232e-04
J=2.2322e-03, Jf=2.2321e-03, CC=7.203458910499658e-10, CS=0, |dJ|=2.2527e-04
J=2.2322e-03, Jf=2.2321e-03, CC=3.8408465201027286e-10, CS=0, |dJ|=1.7863e-04
J=2.2321e-03, Jf=2.2321e-03, CC=4.2683889744657457e-10, CS=0, |dJ|=1.3738e-04
J=2.2321e-03, Jf=2.2320e-03, CC=7.641394394401497e-10, CS=0, |dJ|=2.3956e-04
J=2.2320e-03, Jf=2.2320e-03, CC=9.689966175242965e-10, CS=0, |dJ|=3.1846e-04
J=2.2320e-03, Jf=2.2319e-03, CC=1.2025724681398037e-09, CS=0, |dJ|=4.0226e-04
J=2.2320e-03, Jf=2.2318e-03, CC=1.438126843685797e-09, CS=0, |dJ|=5.0162e-04
J=2.2319e-03, Jf=2.2318e-03, CC=1.1903790682319657e-09, CS=0, |dJ|=4.0838e-04
J=2.2318e-03, Jf=2.2317e-03, CC=1.033540597260883e-09, CS=0, |dJ|=4.6072e-04
J=2.2318e-03, Jf=2.2318e-03, CC=3.064316191960299e-10, CS=0, |dJ|=6.4692e-05
J=2.2318e-03, Jf=2.2318e-03, CC=2.937469906005873e-10, CS=0, |dJ|=6.7289e-05
J=2.2318e-03, Jf=2.2318e-03, CC=2.9317153263472997e-10, CS=0, |dJ|=8.1457e-06
J=2.2318e-03, Jf=2.2318e-03, CC=2.916296723942458e-10, CS=0, |dJ|=1.0887e-05
J=2.2318e-03, Jf=2.2318e-03, CC=2.9112615333380357e-10, CS=0, |dJ|=2.9985e-06
J=2.2318e-03, Jf=2.2318e-03, CC=2.9186884690362085e-10, CS=0, |dJ|=3.2800e-07
J=2.2318e-03, Jf=2.2318e-03, CC=2.914742814876082e-10, CS=0, |dJ|=1.0317e-07
     Number of Toroidal Dipoles: 8
     Number of Poroidal Dipoles: 10
Initialized 10x8 (npol x ntor) windowpane coils with Rpol=0.058, Rtor_min=0.050, Rtor_max=0.102

===== Starting optimization =====
Current3365:x0 1
Current3366:x0 1
Current3367:x0 1
Current3368:x0 1
Current3369:x0 1
Current3370:x0 1
Current3371:x0 1
Current3372:x0 1
Current3373:x0 1
Current3374:x0 1
Current3375:x0 1
Current3376:x0 1
Current3377:x0 1
Current3378:x0 1
Current3379:x0 1
Current3380:x0 1
Current3381:x0 1
Current3382:x0 1
Current3383:x0 1
Current3384:x0 1
Current3385:x0 1
Current3386:x0 1
Current3387:x0 1
Current3388:x0 1
Current3389:x0 1
Current3390:x0 1
Current3391:x0 1
Current3392:x0 1
Current3393:x0 1
Current3394:x0 1
Current3395:x0 1
Current3396:x0 1
Current3397:x0 1
Current3398:x0 1
Current3399:x0 1
Current3400:x0 1
Current3401:x0 1
Current3402:x0 1
Current3403:x0 1
Current3404:x0 1
Current3405:x0 1
Current3406:x0 1
Current3407:x0 1
Current3408:x0 1
Current3409:x0 1
Current3410:x0 1
Current3411:x0 1
Current3412:x0 1
Current3413:x0 1
Current3414:x0 1
Current3415:x0 1
Current3416:x0 1
Current3417:x0 1
Current3418:x0 1
Current3419:x0 1
Current3420:x0 1
Current3421:x0 1
Current3422:x0 1
Current3423:x0 1
Current3424:x0 1
Current3425:x0 1
Current3426:x0 1
Current3427:x0 1
Current3428:x0 1
Current3429:x0 1
Current3430:x0 1
Current3431:x0 1
Current3432:x0 1
Current3433:x0 1
Current3434:x0 1
Current3435:x0 1
Current3436:x0 1
Current3437:x0 1
Current3438:x0 1
Current3439:x0 1
Current3440:x0 1
Current3441:x0 1
Current3442:x0 1
Current3443:x0 1
Current3444:x0 1
Iteration 5: J=5.5263e-04, Jf=5.5263e-04, Jcp =0.0000e+00, |dJ|=6.4035e-09, |dJcp|=0.0000e+00
Iteration 10: J=3.1616e-05, Jf=3.1616e-05, Jcp =0.0000e+00, |dJ|=3.9098e-10, |dJcp|=0.0000e+00
Iteration 15: J=2.4562e-05, Jf=2.4562e-05, Jcp =0.0000e+00, |dJ|=1.0576e-10, |dJcp|=0.0000e+00
Iteration 20: J=2.3911e-05, Jf=2.3911e-05, Jcp =0.0000e+00, |dJ|=2.3732e-11, |dJcp|=0.0000e+00
Iteration 25: J=2.3851e-05, Jf=2.3851e-05, Jcp =0.0000e+00, |dJ|=7.5138e-12, |dJcp|=0.0000e+00
Iteration 30: J=2.3847e-05, Jf=2.3847e-05, Jcp =0.0000e+00, |dJ|=3.8846e-12, |dJcp|=0.0000e+00
Iteration 35: J=2.3845e-05, Jf=2.3845e-05, Jcp =0.0000e+00, |dJ|=1.0955e-12, |dJcp|=0.0000e+00
Iteration 40: J=2.3845e-05, Jf=2.3845e-05, Jcp =0.0000e+00, |dJ|=3.5802e-13, |dJcp|=0.0000e+00
Iteration 45: J=2.3845e-05, Jf=2.3845e-05, Jcp =0.0000e+00, |dJ|=4.6241e-14, |dJcp|=0.0000e+00
Iteration 50: J=2.3845e-05, Jf=2.3845e-05, Jcp =0.0000e+00, |dJ|=1.8358e-14, |dJcp|=0.0000e+00
Iteration 55: J=2.3845e-05, Jf=2.3845e-05, Jcp =0.0000e+00, |dJ|=2.9399e-15, |dJcp|=0.0000e+00
Iteration 60: J=2.3845e-05, Jf=2.3845e-05, Jcp =0.0000e+00, |dJ|=1.0410e-15, |dJcp|=0.0000e+00
Iteration 65: J=2.3845e-05, Jf=2.3845e-05, Jcp =0.0000e+00, |dJ|=2.5264e-16, |dJcp|=0.0000e+00
Iteration 70: J=2.3845e-05, Jf=2.3845e-05, Jcp =0.0000e+00, |dJ|=9.5575e-17, |dJcp|=0.0000e+00
Iteration 75: J=2.3845e-05, Jf=2.3845e-05, Jcp =0.0000e+00, |dJ|=1.7630e-17, |dJcp|=0.0000e+00
CONVERGENCE: RELATIVE REDUCTION OF F <= FACTR*EPSMCH
Saving results to /burg-archive/home/tg2998/simsopt/examples/outputs/TG_warmstarter_stage2results_fixed1/TF_a_0.800...
Warning: coils_to_vtk will not save forces and torques for coils that do not have a model for their cross section. Please use the RegularizedCoil class.

---> Running optimization for TF_a = 0.825
---> Saving outputs to: /burg-archive/home/tg2998/simsopt/examples/outputs/TG_warmstarter_stage2results_fixed1/TF_a_0.825

Warning: coils_to_vtk will not save forces and torques for coils that do not have a model for their cross section. Please use the RegularizedCoil class.
J=6.3907e-03, Jf=3.1975e-03, CC=3.1931795432863636e-05, CS=0, |dJ|=1.6156e-01
J=1.2490e-01, Jf=1.2199e-01, CC=0, CS=2.911384876739034e-05, |dJ|=5.3568e-01
J=1.1954e-02, Jf=1.1954e-02, CC=0, CS=0, |dJ|=5.7827e-02
J=5.0429e-03, Jf=4.7411e-03, CC=3.0187374870078246e-06, CS=0, |dJ|=6.8393e-02
J=4.9390e-03, Jf=4.9390e-03, CC=0, CS=0, |dJ|=2.8487e-02
J=4.5758e-03, Jf=4.5758e-03, CC=0, CS=0, |dJ|=2.6323e-02
J=3.5557e-03, Jf=3.4048e-03, CC=1.508393337113511e-06, CS=0, |dJ|=4.6821e-02
J=3.9803e-03, Jf=3.1178e-03, CC=8.62565001878358e-06, CS=0, |dJ|=1.1339e-01
J=3.3883e-03, Jf=3.2946e-03, CC=9.372180681177706e-07, CS=0, |dJ|=3.5570e-02
J=3.4768e-03, Jf=3.2108e-03, CC=2.6599903372778166e-06, CS=0, |dJ|=6.3205e-02
J=3.3150e-03, Jf=3.2594e-03, CC=5.559054556703008e-07, CS=0, |dJ|=1.6127e-02
J=3.3257e-03, Jf=3.0928e-03, CC=2.3288895100324923e-06, CS=0, |dJ|=3.2199e-02
J=3.2959e-03, Jf=3.1820e-03, CC=1.1392539081538107e-06, CS=0, |dJ|=1.9590e-02
J=3.1482e-03, Jf=3.0487e-03, CC=9.955091489289205e-07, CS=0, |dJ|=1.6280e-02
J=2.7430e-03, Jf=2.7150e-03, CC=2.7956331132529743e-07, CS=0, |dJ|=1.2079e-02
J=2.6012e-03, Jf=2.6000e-03, CC=1.2581175505748252e-08, CS=0, |dJ|=1.0366e-02
J=2.3739e-03, Jf=2.3720e-03, CC=1.8752476207131777e-08, CS=0, |dJ|=4.3386e-03
J=2.3571e-03, Jf=2.3549e-03, CC=2.203673382817004e-08, CS=0, |dJ|=4.1616e-03
J=2.3488e-03, Jf=2.3470e-03, CC=1.841053270728828e-08, CS=0, |dJ|=3.6959e-03
J=2.3296e-03, Jf=2.3294e-03, CC=2.082678517079273e-09, CS=0, |dJ|=2.5574e-03
J=2.3268e-03, Jf=2.3071e-03, CC=1.9677141428100395e-07, CS=0, |dJ|=1.4568e-02
J=2.3232e-03, Jf=2.3232e-03, CC=0, CS=0, |dJ|=2.5492e-03
J=2.7862e-03, Jf=2.2844e-03, CC=5.018265891008514e-06, CS=0, |dJ|=1.5204e-01
J=2.3112e-03, Jf=2.3112e-03, CC=0, CS=0, |dJ|=2.3419e-03
J=1.0646e-02, Jf=2.2393e-03, CC=8.407108138321426e-05, CS=0, |dJ|=7.4231e-01
J=2.3105e-03, Jf=2.3105e-03, CC=0, CS=0, |dJ|=2.3321e-03
J=5.4431e-03, Jf=2.2548e-03, CC=3.1882885840919326e-05, CS=0, |dJ|=4.3777e-01
J=2.3090e-03, Jf=2.3090e-03, CC=0, CS=0, |dJ|=2.3134e-03
J=3.2631e-03, Jf=2.2695e-03, CC=9.935108650512328e-06, CS=0, |dJ|=2.2450e-01
J=2.3058e-03, Jf=2.3054e-03, CC=4.303046394745605e-09, CS=0, |dJ|=1.9548e-03
J=2.2971e-03, Jf=2.2838e-03, CC=1.325499707459923e-07, CS=0, |dJ|=1.5010e-02
J=2.2978e-03, Jf=2.2944e-03, CC=3.384117563365663e-08, CS=0, |dJ|=4.4568e-03
J=2.3512e-03, Jf=2.2837e-03, CC=6.748041806948669e-07, CS=0, |dJ|=3.9757e-02
J=2.2879e-03, Jf=2.2851e-03, CC=2.780710448675085e-08, CS=0, |dJ|=3.6489e-03
J=2.2779e-03, Jf=2.2762e-03, CC=1.6503082845073606e-08, CS=0, |dJ|=2.7005e-03
J=2.2712e-03, Jf=2.2702e-03, CC=9.910205276459166e-09, CS=0, |dJ|=1.9382e-03
J=2.2649e-03, Jf=2.2632e-03, CC=1.6263058266530785e-08, CS=0, |dJ|=2.5294e-03
J=2.2563e-03, Jf=2.2550e-03, CC=1.2556937708492279e-08, CS=0, |dJ|=2.7557e-03
J=2.7551e-03, Jf=2.2465e-03, CC=5.085843282477723e-06, CS=0, |dJ|=9.8904e-02
J=2.2560e-03, Jf=2.2548e-03, CC=1.2126097691583527e-08, CS=0, |dJ|=2.7214e-03
J=2.2535e-03, Jf=2.2510e-03, CC=2.4563416131578462e-08, CS=0, |dJ|=4.3754e-03
J=2.2550e-03, Jf=2.2550e-03, CC=9.363373125760442e-11, CS=0, |dJ|=1.4194e-03
J=2.2518e-03, Jf=2.2514e-03, CC=3.6174797753796276e-09, CS=0, |dJ|=1.1673e-03
J=2.2510e-03, Jf=2.2503e-03, CC=6.1667977857471255e-09, CS=0, |dJ|=1.7105e-03
J=2.2495e-03, Jf=2.2486e-03, CC=8.621037807265778e-09, CS=0, |dJ|=2.0336e-03
J=2.2484e-03, Jf=2.2475e-03, CC=9.177265225515093e-09, CS=0, |dJ|=1.8838e-03
J=2.2448e-03, Jf=2.2438e-03, CC=9.269179896002452e-09, CS=0, |dJ|=1.6560e-03
J=2.2512e-03, Jf=2.2404e-03, CC=1.082634463577171e-07, CS=0, |dJ|=1.2507e-02
J=2.2428e-03, Jf=2.2421e-03, CC=7.290259196266262e-09, CS=0, |dJ|=1.8460e-03
J=2.2394e-03, Jf=2.2390e-03, CC=4.1270886641266456e-09, CS=0, |dJ|=1.1953e-03
J=2.2389e-03, Jf=2.2389e-03, CC=0, CS=0, |dJ|=8.4092e-04
J=2.2387e-03, Jf=2.2387e-03, CC=1.3937507971209665e-11, CS=0, |dJ|=7.6215e-04
J=2.2390e-03, Jf=2.2383e-03, CC=6.455715878809975e-09, CS=0, |dJ|=1.4871e-03
J=2.2386e-03, Jf=2.2386e-03, CC=6.761221722052573e-10, CS=0, |dJ|=4.2515e-04
J=2.2386e-03, Jf=2.2385e-03, CC=6.590216035594898e-10, CS=0, |dJ|=4.0987e-04
J=2.2385e-03, Jf=2.2384e-03, CC=9.49571215333291e-10, CS=0, |dJ|=4.8229e-04
J=2.2384e-03, Jf=2.2383e-03, CC=1.3276603033010872e-09, CS=0, |dJ|=5.9958e-04
J=2.2380e-03, Jf=2.2377e-03, CC=3.1437761309136987e-09, CS=0, |dJ|=1.0425e-03
J=2.2372e-03, Jf=2.2366e-03, CC=5.850744083361761e-09, CS=0, |dJ|=1.5639e-03
J=2.2368e-03, Jf=2.2361e-03, CC=7.299926028696494e-09, CS=0, |dJ|=2.2491e-03
J=2.2680e-03, Jf=2.2680e-03, CC=0, CS=0, |dJ|=1.9196e-03
J=2.2362e-03, Jf=2.2348e-03, CC=1.4543425046515079e-08, CS=0, |dJ|=3.2613e-03
J=2.2352e-03, Jf=2.2350e-03, CC=1.077465674254504e-09, CS=0, |dJ|=3.4552e-04
J=2.2351e-03, Jf=2.2350e-03, CC=8.881215985419762e-10, CS=0, |dJ|=2.8037e-04
J=2.2350e-03, Jf=2.2349e-03, CC=6.702051879134492e-10, CS=0, |dJ|=2.7024e-04
J=2.2348e-03, Jf=2.2348e-03, CC=5.325803389220243e-10, CS=0, |dJ|=2.5481e-04
J=2.2349e-03, Jf=2.2345e-03, CC=3.1665009840176675e-09, CS=0, |dJ|=1.1649e-03
J=2.2348e-03, Jf=2.2347e-03, CC=1.074840788079528e-09, CS=0, |dJ|=3.8422e-04
J=2.2345e-03, Jf=2.2344e-03, CC=5.801822413929308e-10, CS=0, |dJ|=1.5815e-04
J=2.2344e-03, Jf=2.2344e-03, CC=5.971872099576184e-10, CS=0, |dJ|=1.7899e-04
J=2.2344e-03, Jf=2.2343e-03, CC=9.442439860002803e-10, CS=0, |dJ|=3.6594e-04
J=2.2343e-03, Jf=2.2342e-03, CC=1.0716070127994481e-09, CS=0, |dJ|=4.4210e-04
J=2.2342e-03, Jf=2.2341e-03, CC=1.392921955370102e-09, CS=0, |dJ|=6.4391e-04
J=2.2340e-03, Jf=2.2338e-03, CC=1.4631854623835307e-09, CS=0, |dJ|=9.0128e-04
J=2.2336e-03, Jf=2.2332e-03, CC=3.848066538832161e-09, CS=0, |dJ|=1.3117e-03
J=2.2320e-03, Jf=2.2318e-03, CC=1.7198562254976841e-09, CS=0, |dJ|=9.6327e-04
J=4.4243e-03, Jf=2.2323e-03, CC=2.191995376011601e-05, CS=0, |dJ|=3.6013e-01
J=2.2314e-03, Jf=2.2314e-03, CC=3.3561898859661103e-12, CS=0, |dJ|=4.3012e-04
J=2.2308e-03, Jf=2.2308e-03, CC=0, CS=0, |dJ|=4.4018e-04
J=2.2306e-03, Jf=2.2306e-03, CC=0, CS=0, |dJ|=4.7878e-04
J=2.2305e-03, Jf=2.2305e-03, CC=1.3732146997653754e-10, CS=0, |dJ|=2.3776e-04
J=2.2862e-03, Jf=2.2304e-03, CC=5.582565209084729e-07, CS=0, |dJ|=4.1337e-02
J=2.2305e-03, Jf=2.2305e-03, CC=8.135067707660674e-11, CS=0, |dJ|=2.9161e-04
J=2.7250e-03, Jf=2.2301e-03, CC=4.949341918207148e-06, CS=0, |dJ|=1.5267e-01
J=2.2305e-03, Jf=2.2305e-03, CC=8.134584866305128e-11, CS=0, |dJ|=2.9151e-04
J=2.3733e-03, Jf=2.2302e-03, CC=1.431314639754273e-06, CS=0, |dJ|=7.3549e-02
J=2.2305e-03, Jf=2.2305e-03, CC=8.039871195539429e-11, CS=0, |dJ|=2.9145e-04
J=2.2690e-03, Jf=2.2302e-03, CC=3.880542193544933e-07, CS=0, |dJ|=3.3071e-02
J=2.2304e-03, Jf=2.2304e-03, CC=7.764489155783838e-11, CS=0, |dJ|=2.9346e-04
J=2.2402e-03, Jf=2.2303e-03, CC=9.941703427122818e-08, CS=0, |dJ|=1.5539e-02
J=2.2304e-03, Jf=2.2304e-03, CC=7.289768688238844e-11, CS=0, |dJ|=2.9790e-04
J=2.2328e-03, Jf=2.2303e-03, CC=2.4695395834027276e-08, CS=0, |dJ|=6.4844e-03
J=2.2304e-03, Jf=2.2304e-03, CC=6.954524792369727e-11, CS=0, |dJ|=3.0136e-04
J=2.2311e-03, Jf=2.2303e-03, CC=7.1202992952219265e-09, CS=0, |dJ|=2.6965e-03
J=2.2304e-03, Jf=2.2304e-03, CC=6.815008014813193e-11, CS=0, |dJ|=3.0286e-04
J=2.2306e-03, Jf=2.2304e-03, CC=2.219086459611316e-09, CS=0, |dJ|=1.4020e-03
J=2.2304e-03, Jf=2.2304e-03, CC=6.668699960563595e-11, CS=0, |dJ|=3.0447e-04
J=3.6508e-03, Jf=2.2299e-03, CC=1.4208814485085927e-05, CS=0, |dJ|=2.8156e-01
J=2.2304e-03, Jf=2.2304e-03, CC=6.659398491448682e-11, CS=0, |dJ|=3.0454e-04
J=2.7446e-03, Jf=2.2299e-03, CC=5.1469682414215364e-06, CS=0, |dJ|=1.5626e-01
J=2.2304e-03, Jf=2.2304e-03, CC=6.647772352335527e-11, CS=0, |dJ|=3.0463e-04
J=2.4140e-03, Jf=2.2300e-03, CC=1.8399575741265222e-06, CS=0, |dJ|=8.5546e-02
J=2.2304e-03, Jf=2.2304e-03, CC=6.633032187754157e-11, CS=0, |dJ|=3.0475e-04
J=2.2952e-03, Jf=2.2301e-03, CC=6.512253316357794e-07, CS=0, |dJ|=4.5667e-02
J=2.2304e-03, Jf=2.2304e-03, CC=6.61506769205545e-11, CS=0, |dJ|=3.0489e-04
J=2.2540e-03, Jf=2.2302e-03, CC=2.3751616268370565e-07, CS=0, |dJ|=2.4858e-02
J=2.2304e-03, Jf=2.2304e-03, CC=6.594447942383418e-11, CS=0, |dJ|=3.0506e-04
J=2.2387e-03, Jf=2.2303e-03, CC=8.411151110959115e-08, CS=0, |dJ|=1.4160e-02
J=2.2304e-03, Jf=2.2304e-03, CC=7.081451574488922e-11, CS=0, |dJ|=2.8828e-04
J=2.2330e-03, Jf=2.2301e-03, CC=2.890460404047809e-08, CS=0, |dJ|=4.6994e-03
J=2.2303e-03, Jf=2.2303e-03, CC=5.92261634083664e-11, CS=0, |dJ|=2.9589e-04
J=2.2312e-03, Jf=2.2301e-03, CC=1.03557895890132e-08, CS=0, |dJ|=2.8358e-03
J=2.2303e-03, Jf=2.2303e-03, CC=4.8687970942899335e-11, CS=0, |dJ|=3.0526e-04
J=2.2406e-03, Jf=2.2299e-03, CC=1.0721584665453825e-07, CS=0, |dJ|=1.0552e-02
J=2.2303e-03, Jf=2.2303e-03, CC=7.153999797718662e-11, CS=0, |dJ|=2.9293e-04
J=2.2302e-03, Jf=2.2301e-03, CC=1.6190843471037885e-09, CS=0, |dJ|=5.2766e-04
J=2.2302e-03, Jf=2.2301e-03, CC=7.670166669519784e-10, CS=0, |dJ|=2.0372e-04
J=2.2302e-03, Jf=2.2301e-03, CC=4.651046178972665e-10, CS=0, |dJ|=1.8129e-04
J=2.2301e-03, Jf=2.2301e-03, CC=1.9750200902879437e-10, CS=0, |dJ|=1.2975e-04
J=2.2301e-03, Jf=2.2301e-03, CC=2.694268075306594e-10, CS=0, |dJ|=8.9678e-05
J=2.2301e-03, Jf=2.2300e-03, CC=4.530629924315889e-10, CS=0, |dJ|=1.3011e-04
J=2.2301e-03, Jf=2.2300e-03, CC=5.030983197634319e-10, CS=0, |dJ|=1.5817e-04
J=2.2301e-03, Jf=2.2300e-03, CC=5.04222540882397e-10, CS=0, |dJ|=1.7336e-04
J=2.2300e-03, Jf=2.2300e-03, CC=5.065929226239824e-10, CS=0, |dJ|=2.4557e-04
J=2.2300e-03, Jf=2.2299e-03, CC=4.934967558183736e-10, CS=0, |dJ|=2.9187e-04
J=2.2299e-03, Jf=2.2299e-03, CC=4.008424027571089e-10, CS=0, |dJ|=2.5668e-04
J=2.2299e-03, Jf=2.2299e-03, CC=3.1066265673285697e-10, CS=0, |dJ|=1.3025e-04
J=2.2299e-03, Jf=2.2298e-03, CC=3.2728382577133233e-10, CS=0, |dJ|=9.3489e-05
J=2.2299e-03, Jf=2.2298e-03, CC=3.580085996678259e-10, CS=0, |dJ|=8.6978e-05
J=2.2299e-03, Jf=2.2298e-03, CC=4.017188121540079e-10, CS=0, |dJ|=9.6236e-05
J=2.2298e-03, Jf=2.2298e-03, CC=4.847054135611078e-10, CS=0, |dJ|=1.3626e-04
J=2.2298e-03, Jf=2.2297e-03, CC=5.997647564922042e-10, CS=0, |dJ|=2.1719e-04
J=2.2295e-03, Jf=2.2295e-03, CC=1.4639435235737783e-10, CS=0, |dJ|=3.9513e-04
J=2.2478e-03, Jf=2.2294e-03, CC=1.843397562903799e-07, CS=0, |dJ|=1.9279e-02
J=2.2295e-03, Jf=2.2295e-03, CC=8.79998347288032e-11, CS=0, |dJ|=4.3896e-04
J=2.2296e-03, Jf=2.2293e-03, CC=2.891434046956921e-09, CS=0, |dJ|=1.6482e-03
J=2.2294e-03, Jf=2.2294e-03, CC=8.378674282437282e-14, CS=0, |dJ|=6.0186e-04
J=2.2448e-03, Jf=2.2287e-03, CC=1.6138560068289159e-07, CS=0, |dJ|=1.7903e-02
J=2.2294e-03, Jf=2.2294e-03, CC=3.861498565608818e-11, CS=0, |dJ|=5.8756e-04
J=2.2284e-03, Jf=2.2284e-03, CC=1.2660229272652352e-10, CS=0, |dJ|=8.8756e-04
J=2.2275e-03, Jf=2.2275e-03, CC=3.6279797280659676e-10, CS=0, |dJ|=8.1300e-04
J=2.2255e-03, Jf=2.2254e-03, CC=2.5952307563096856e-10, CS=0, |dJ|=6.0199e-04
J=2.2254e-03, Jf=2.2253e-03, CC=1.2036679829203563e-09, CS=0, |dJ|=9.6803e-04
J=2.2249e-03, Jf=2.2248e-03, CC=1.0333847217874322e-09, CS=0, |dJ|=7.9416e-04
J=2.2244e-03, Jf=2.2243e-03, CC=6.295169796134839e-10, CS=0, |dJ|=6.8848e-04
J=2.2233e-03, Jf=2.2233e-03, CC=0, CS=0, |dJ|=5.0753e-04
J=2.2209e-03, Jf=2.2209e-03, CC=0, CS=0, |dJ|=5.5328e-04
J=2.2146e-03, Jf=2.2146e-03, CC=0, CS=0, |dJ|=7.8303e-04
J=2.2137e-03, Jf=2.2137e-03, CC=0, CS=0, |dJ|=5.0055e-04
J=2.2124e-03, Jf=2.2124e-03, CC=0, CS=0, |dJ|=3.1706e-04
J=2.2123e-03, Jf=2.2123e-03, CC=0, CS=0, |dJ|=3.3309e-04
J=2.2122e-03, Jf=2.2122e-03, CC=0, CS=0, |dJ|=3.3173e-04
J=2.2121e-03, Jf=2.2121e-03, CC=0, CS=0, |dJ|=3.3593e-04
J=2.2119e-03, Jf=2.2119e-03, CC=0, CS=0, |dJ|=3.6021e-04
J=2.2114e-03, Jf=2.2114e-03, CC=0, CS=0, |dJ|=4.0524e-04
J=2.2104e-03, Jf=2.2104e-03, CC=0, CS=0, |dJ|=4.6501e-04
J=2.2088e-03, Jf=2.2088e-03, CC=0, CS=0, |dJ|=4.7095e-04
J=2.2071e-03, Jf=2.2071e-03, CC=0, CS=0, |dJ|=3.4060e-04
J=2.2064e-03, Jf=2.2064e-03, CC=0, CS=0, |dJ|=8.5856e-05
J=2.2063e-03, Jf=2.2063e-03, CC=0, CS=0, |dJ|=2.5466e-05
J=2.2063e-03, Jf=2.2063e-03, CC=0, CS=0, |dJ|=2.3975e-05
J=2.2063e-03, Jf=2.2063e-03, CC=0, CS=0, |dJ|=2.3592e-05
J=2.2063e-03, Jf=2.2063e-03, CC=0, CS=0, |dJ|=2.3728e-05
J=2.2063e-03, Jf=2.2063e-03, CC=0, CS=0, |dJ|=2.4750e-05
J=2.2063e-03, Jf=2.2063e-03, CC=0, CS=0, |dJ|=2.7926e-05
J=2.2063e-03, Jf=2.2063e-03, CC=0, CS=0, |dJ|=3.5460e-05
J=2.2063e-03, Jf=2.2063e-03, CC=0, CS=0, |dJ|=4.5468e-05
J=2.2063e-03, Jf=2.2063e-03, CC=0, CS=0, |dJ|=4.8760e-05
J=2.2062e-03, Jf=2.2062e-03, CC=0, CS=0, |dJ|=3.2834e-05
J=2.2062e-03, Jf=2.2062e-03, CC=0, CS=0, |dJ|=1.0345e-05
J=2.2062e-03, Jf=2.2062e-03, CC=0, CS=0, |dJ|=1.4407e-06
J=2.2062e-03, Jf=2.2062e-03, CC=0, CS=0, |dJ|=1.2293e-07
J=2.2062e-03, Jf=2.2062e-03, CC=0, CS=0, |dJ|=1.9177e-08
     Number of Toroidal Dipoles: 8
     Number of Poroidal Dipoles: 10
Initialized 10x8 (npol x ntor) windowpane coils with Rpol=0.058, Rtor_min=0.050, Rtor_max=0.102

===== Starting optimization =====
Current3533:x0 1
Current3534:x0 1
Current3535:x0 1
Current3536:x0 1
Current3537:x0 1
Current3538:x0 1
Current3539:x0 1
Current3540:x0 1
Current3541:x0 1
Current3542:x0 1
Current3543:x0 1
Current3544:x0 1
Current3545:x0 1
Current3546:x0 1
Current3547:x0 1
Current3548:x0 1
Current3549:x0 1
Current3550:x0 1
Current3551:x0 1
Current3552:x0 1
Current3553:x0 1
Current3554:x0 1
Current3555:x0 1
Current3556:x0 1
Current3557:x0 1
Current3558:x0 1
Current3559:x0 1
Current3560:x0 1
Current3561:x0 1
Current3562:x0 1
Current3563:x0 1
Current3564:x0 1
Current3565:x0 1
Current3566:x0 1
Current3567:x0 1
Current3568:x0 1
Current3569:x0 1
Current3570:x0 1
Current3571:x0 1
Current3572:x0 1
Current3573:x0 1
Current3574:x0 1
Current3575:x0 1
Current3576:x0 1
Current3577:x0 1
Current3578:x0 1
Current3579:x0 1
Current3580:x0 1
Current3581:x0 1
Current3582:x0 1
Current3583:x0 1
Current3584:x0 1
Current3585:x0 1
Current3586:x0 1
Current3587:x0 1
Current3588:x0 1
Current3589:x0 1
Current3590:x0 1
Current3591:x0 1
Current3592:x0 1
Current3593:x0 1
Current3594:x0 1
Current3595:x0 1
Current3596:x0 1
Current3597:x0 1
Current3598:x0 1
Current3599:x0 1
Current3600:x0 1
Current3601:x0 1
Current3602:x0 1
Current3603:x0 1
Current3604:x0 1
Current3605:x0 1
Current3606:x0 1
Current3607:x0 1
Current3608:x0 1
Current3609:x0 1
Current3610:x0 1
Current3611:x0 1
Current3612:x0 1
Iteration 5: J=5.4613e-04, Jf=5.4613e-04, Jcp =0.0000e+00, |dJ|=6.4567e-09, |dJcp|=0.0000e+00
Iteration 10: J=3.0554e-05, Jf=3.0554e-05, Jcp =0.0000e+00, |dJ|=3.8387e-10, |dJcp|=0.0000e+00
Iteration 15: J=2.3559e-05, Jf=2.3559e-05, Jcp =0.0000e+00, |dJ|=1.3881e-10, |dJcp|=0.0000e+00
Iteration 20: J=2.2971e-05, Jf=2.2971e-05, Jcp =0.0000e+00, |dJ|=6.1857e-11, |dJcp|=0.0000e+00
Iteration 25: J=2.2892e-05, Jf=2.2892e-05, Jcp =0.0000e+00, |dJ|=1.1287e-11, |dJcp|=0.0000e+00
Iteration 30: J=2.2888e-05, Jf=2.2888e-05, Jcp =0.0000e+00, |dJ|=5.0857e-12, |dJcp|=0.0000e+00
Iteration 35: J=2.2886e-05, Jf=2.2886e-05, Jcp =0.0000e+00, |dJ|=2.3311e-12, |dJcp|=0.0000e+00
Iteration 40: J=2.2886e-05, Jf=2.2886e-05, Jcp =0.0000e+00, |dJ|=7.1796e-13, |dJcp|=0.0000e+00
Iteration 45: J=2.2886e-05, Jf=2.2886e-05, Jcp =0.0000e+00, |dJ|=1.6731e-13, |dJcp|=0.0000e+00
Iteration 50: J=2.2886e-05, Jf=2.2886e-05, Jcp =0.0000e+00, |dJ|=2.0216e-14, |dJcp|=0.0000e+00
Iteration 55: J=2.2886e-05, Jf=2.2886e-05, Jcp =0.0000e+00, |dJ|=5.0892e-15, |dJcp|=0.0000e+00
Iteration 60: J=2.2886e-05, Jf=2.2886e-05, Jcp =0.0000e+00, |dJ|=1.9156e-15, |dJcp|=0.0000e+00
Iteration 65: J=2.2886e-05, Jf=2.2886e-05, Jcp =0.0000e+00, |dJ|=2.1942e-16, |dJcp|=0.0000e+00
Iteration 70: J=2.2886e-05, Jf=2.2886e-05, Jcp =0.0000e+00, |dJ|=6.3816e-17, |dJcp|=0.0000e+00
Iteration 75: J=2.2886e-05, Jf=2.2886e-05, Jcp =0.0000e+00, |dJ|=6.8265e-18, |dJcp|=0.0000e+00
CONVERGENCE: RELATIVE REDUCTION OF F <= FACTR*EPSMCH
Saving results to /burg-archive/home/tg2998/simsopt/examples/outputs/TG_warmstarter_stage2results_fixed1/TF_a_0.825...
Warning: coils_to_vtk will not save forces and torques for coils that do not have a model for their cross section. Please use the RegularizedCoil class.

---> Running optimization for TF_a = 0.850
---> Saving outputs to: /burg-archive/home/tg2998/simsopt/examples/outputs/TG_warmstarter_stage2results_fixed1/TF_a_0.850

Warning: coils_to_vtk will not save forces and torques for coils that do not have a model for their cross section. Please use the RegularizedCoil class.
J=1.2086e-02, Jf=3.1975e-03, CC=8.888961711423203e-05, CS=0, |dJ|=3.2282e-01
J=1.2337e-01, Jf=1.1961e-01, CC=0, CS=3.756172034594025e-05, |dJ|=4.7341e-01
J=1.2594e-02, Jf=1.2594e-02, CC=0, CS=0, |dJ|=5.9276e-02
J=6.0790e-03, Jf=5.1462e-03, CC=9.32787584191729e-06, CS=0, |dJ|=1.4614e-01
J=5.8211e-03, Jf=5.8211e-03, CC=0, CS=0, |dJ|=3.2804e-02
J=5.4760e-03, Jf=5.4760e-03, CC=0, CS=0, |dJ|=3.0980e-02
J=4.2890e-03, Jf=4.2890e-03, CC=0, CS=0, |dJ|=2.3974e-02
J=4.8119e-02, Jf=2.3338e-03, CC=0.00045785608312390243, CS=0, |dJ|=1.3296e+00
J=3.9210e-03, Jf=3.8863e-03, CC=3.4716536207068857e-07, CS=0, |dJ|=2.3294e-02
J=4.7510e-03, Jf=3.1942e-03, CC=1.5568291645154693e-05, CS=0, |dJ|=1.5196e-01
J=3.7713e-03, Jf=3.6624e-03, CC=1.0884242060516342e-06, CS=0, |dJ|=2.5822e-02
J=3.6673e-03, Jf=3.3899e-03, CC=2.773906864377749e-06, CS=0, |dJ|=5.0095e-02
J=3.6457e-03, Jf=3.5233e-03, CC=1.2240497141156236e-06, CS=0, |dJ|=2.3149e-02
J=4.2347e-03, Jf=3.2158e-03, CC=1.0188499301188903e-05, CS=0, |dJ|=1.5703e-01
J=3.5883e-03, Jf=3.4463e-03, CC=1.4195986589476337e-06, CS=0, |dJ|=2.4066e-02
J=3.4923e-03, Jf=3.4224e-03, CC=6.994350331036471e-07, CS=0, |dJ|=2.1947e-02
J=3.2314e-03, Jf=3.1888e-03, CC=4.26123808892893e-07, CS=0, |dJ|=2.3760e-02
J=2.6672e-03, Jf=2.6672e-03, CC=0, CS=0, |dJ|=9.9526e-03
J=2.5666e-03, Jf=2.5666e-03, CC=0, CS=0, |dJ|=8.3156e-03
J=2.4227e-03, Jf=2.4227e-03, CC=0, CS=0, |dJ|=4.0520e-03
J=2.4094e-03, Jf=2.4093e-03, CC=4.142207698957475e-10, CS=0, |dJ|=3.5355e-03
J=2.3892e-03, Jf=2.3890e-03, CC=2.305065975335177e-09, CS=0, |dJ|=3.2429e-03
J=2.8238e-03, Jf=2.3567e-03, CC=4.670971496676665e-06, CS=0, |dJ|=1.1471e-01
J=2.3861e-03, Jf=2.3859e-03, CC=1.3405599127721802e-09, CS=0, |dJ|=3.2289e-03
J=2.5108e-03, Jf=2.3638e-03, CC=1.4697232354334359e-06, CS=0, |dJ|=5.7637e-02
J=2.3809e-03, Jf=2.3809e-03, CC=6.253434843723703e-11, CS=0, |dJ|=3.3101e-03
J=3.4562e-03, Jf=2.3278e-03, CC=1.128393019796698e-05, CS=0, |dJ|=1.8543e-01
J=2.3800e-03, Jf=2.3800e-03, CC=2.0642410442650846e-11, CS=0, |dJ|=3.3226e-03
J=2.8612e-03, Jf=2.3480e-03, CC=5.132281872290363e-06, CS=0, |dJ|=1.2094e-01
J=2.3787e-03, Jf=2.3787e-03, CC=0, CS=0, |dJ|=3.3412e-03
J=2.5736e-03, Jf=2.3570e-03, CC=2.1653461252019002e-06, CS=0, |dJ|=7.3966e-02
J=2.3771e-03, Jf=2.3771e-03, CC=0, CS=0, |dJ|=3.3262e-03
J=2.4506e-03, Jf=2.3633e-03, CC=8.725743610044954e-07, CS=0, |dJ|=4.1780e-02
J=2.3759e-03, Jf=2.3757e-03, CC=1.470020639786318e-09, CS=0, |dJ|=3.0907e-03
J=2.3807e-03, Jf=2.3650e-03, CC=1.5673923762723322e-07, CS=0, |dJ|=1.5452e-02
J=2.3742e-03, Jf=2.3717e-03, CC=2.5546335515026115e-08, CS=0, |dJ|=5.0853e-03
J=2.3678e-03, Jf=2.3669e-03, CC=8.472255512231095e-09, CS=0, |dJ|=3.0118e-03
J=2.3655e-03, Jf=2.3645e-03, CC=1.0419925405711291e-08, CS=0, |dJ|=2.7414e-03
J=2.3544e-03, Jf=2.3481e-03, CC=6.360831409933673e-08, CS=0, |dJ|=6.9572e-03
J=2.3439e-03, Jf=2.3376e-03, CC=6.321626960129369e-08, CS=0, |dJ|=7.0037e-03
J=4.0161e-02, Jf=2.2956e-03, CC=0.0003786538721701389, CS=0, |dJ|=1.4897e+00
J=2.3437e-03, Jf=2.3374e-03, CC=6.312953391241723e-08, CS=0, |dJ|=6.9991e-03
J=1.3266e-02, Jf=2.2993e-03, CC=0.0001096711531429651, CS=0, |dJ|=8.7657e-01
J=2.3373e-03, Jf=2.3314e-03, CC=5.9209256854187245e-08, CS=0, |dJ|=6.7749e-03
J=4.9319e-03, Jf=2.3063e-03, CC=2.625533825256254e-05, CS=0, |dJ|=4.0196e-01
J=2.3316e-03, Jf=2.3262e-03, CC=5.360587243908161e-08, CS=0, |dJ|=6.2874e-03
J=2.9077e-03, Jf=2.3119e-03, CC=5.957816783152427e-06, CS=0, |dJ|=1.6977e-01
J=2.3282e-03, Jf=2.3232e-03, CC=4.9391923032827703e-08, CS=0, |dJ|=5.9118e-03
J=3.6769e-02, Jf=2.2928e-03, CC=0.00034476335573894974, CS=0, |dJ|=1.2692e+00
J=2.3281e-03, Jf=2.3232e-03, CC=4.935051821963399e-08, CS=0, |dJ|=5.9082e-03
J=2.3173e-02, Jf=2.2886e-03, CC=0.0002088488092042934, CS=0, |dJ|=1.1860e+00
J=2.3280e-03, Jf=2.3231e-03, CC=4.9265450327804916e-08, CS=0, |dJ|=5.9009e-03
J=9.7446e-03, Jf=2.2966e-03, CC=7.448065405118281e-05, CS=0, |dJ|=7.1638e-01
J=2.3278e-03, Jf=2.3229e-03, CC=4.911902076351411e-08, CS=0, |dJ|=5.8881e-03
J=4.7089e-03, Jf=2.3038e-03, CC=2.4051156046125126e-05, CS=0, |dJ|=3.8196e-01
J=2.3274e-03, Jf=2.3226e-03, CC=4.877159912802346e-08, CS=0, |dJ|=5.8579e-03
J=3.0279e-03, Jf=2.3094e-03, CC=7.184679091260279e-06, CS=0, |dJ|=1.8804e-01
J=2.3266e-03, Jf=2.3217e-03, CC=4.8172652056293756e-08, CS=0, |dJ|=5.6286e-03
J=2.3424e-03, Jf=2.3133e-03, CC=2.9048903499208987e-07, CS=0, |dJ|=1.6689e-02
J=2.3242e-03, Jf=2.3193e-03, CC=4.832137767475909e-08, CS=0, |dJ|=3.9566e-03
J=2.3183e-03, Jf=2.3181e-03, CC=1.4843497144155032e-09, CS=0, |dJ|=2.1020e-03
J=2.3157e-03, Jf=2.3154e-03, CC=3.178853919031911e-09, CS=0, |dJ|=1.6223e-03
J=2.3145e-03, Jf=2.3127e-03, CC=1.7267564510045117e-08, CS=0, |dJ|=2.8110e-03
J=2.3131e-03, Jf=2.3120e-03, CC=1.1576409428459153e-08, CS=0, |dJ|=1.7088e-03
J=2.3111e-03, Jf=2.3100e-03, CC=1.0645183652105946e-08, CS=0, |dJ|=1.3532e-03
J=2.3103e-03, Jf=2.3092e-03, CC=1.0763105140890576e-08, CS=0, |dJ|=1.0050e-03
J=2.3100e-03, Jf=2.3086e-03, CC=1.3896624420066566e-08, CS=0, |dJ|=4.7350e-04
J=2.3099e-03, Jf=2.3084e-03, CC=1.5598170796073218e-08, CS=0, |dJ|=3.4489e-04
J=2.3098e-03, Jf=2.3081e-03, CC=1.736312284623728e-08, CS=0, |dJ|=4.5299e-04
J=2.3094e-03, Jf=2.3072e-03, CC=2.184034972570091e-08, CS=0, |dJ|=1.4093e-03
J=2.3086e-03, Jf=2.3080e-03, CC=5.376027334839116e-09, CS=0, |dJ|=2.3011e-03
J=2.3083e-03, Jf=2.3060e-03, CC=2.3170032380312104e-08, CS=0, |dJ|=2.5535e-03
J=2.3064e-03, Jf=2.3042e-03, CC=2.1949397496357933e-08, CS=0, |dJ|=2.2402e-03
J=2.3010e-03, Jf=2.3010e-03, CC=0, CS=0, |dJ|=1.9396e-03
J=2.3054e-03, Jf=2.2979e-03, CC=7.494532435133096e-08, CS=0, |dJ|=8.7267e-03
J=2.2985e-03, Jf=2.2985e-03, CC=0, CS=0, |dJ|=1.9670e-03
J=2.2957e-03, Jf=2.2957e-03, CC=0, CS=0, |dJ|=2.1184e-03
J=2.2941e-03, Jf=2.2941e-03, CC=0, CS=0, |dJ|=2.1267e-03
J=2.2899e-03, Jf=2.2873e-03, CC=2.574529968773278e-08, CS=0, |dJ|=3.3332e-03
J=4.0548e-02, Jf=2.8500e-03, CC=0.00037697540966548143, CS=0, |dJ|=1.3100e+00
J=2.2897e-03, Jf=2.2872e-03, CC=2.478596340981403e-08, CS=0, |dJ|=3.2881e-03
J=2.3267e-03, Jf=2.2843e-03, CC=4.2430901959412284e-07, CS=0, |dJ|=2.4653e-02
J=2.2885e-03, Jf=2.2865e-03, CC=1.9677834908560288e-08, CS=0, |dJ|=2.7929e-03
J=2.2853e-03, Jf=2.2830e-03, CC=2.268899127095921e-08, CS=0, |dJ|=3.4402e-03
J=2.3608e-03, Jf=2.2828e-03, CC=7.80214573484334e-07, CS=0, |dJ|=4.2381e-02
J=2.2844e-03, Jf=2.2826e-03, CC=1.766658749032631e-08, CS=0, |dJ|=2.6911e-03
J=2.2828e-03, Jf=2.2827e-03, CC=1.141647770322209e-09, CS=0, |dJ|=1.4777e-03
J=2.3017e-03, Jf=2.2790e-03, CC=2.2619047046589893e-07, CS=0, |dJ|=1.8938e-02
J=2.2826e-03, Jf=2.2823e-03, CC=3.018465563894016e-09, CS=0, |dJ|=9.3564e-04
J=2.2823e-03, Jf=2.2815e-03, CC=7.579413387416544e-09, CS=0, |dJ|=1.2607e-03
J=2.2821e-03, Jf=2.2812e-03, CC=9.166460691278142e-09, CS=0, |dJ|=1.5026e-03
J=2.2815e-03, Jf=2.2802e-03, CC=1.3107246124668543e-08, CS=0, |dJ|=2.0533e-03
J=2.2805e-03, Jf=2.2789e-03, CC=1.6256900072843853e-08, CS=0, |dJ|=2.7407e-03
J=2.2787e-03, Jf=2.2773e-03, CC=1.3759922093635789e-08, CS=0, |dJ|=2.4789e-03
J=2.2772e-03, Jf=2.2764e-03, CC=7.648502552258942e-09, CS=0, |dJ|=1.6530e-03
J=2.2759e-03, Jf=2.2751e-03, CC=8.200122635553844e-09, CS=0, |dJ|=1.8621e-03
J=2.2764e-03, Jf=2.2759e-03, CC=5.340765522993485e-09, CS=0, |dJ|=1.1863e-03
J=2.3113e-03, Jf=2.2742e-03, CC=3.7092540350532016e-07, CS=0, |dJ|=2.3525e-02
J=2.2759e-03, Jf=2.2756e-03, CC=3.664244152247419e-09, CS=0, |dJ|=8.8762e-04
J=2.3952e-03, Jf=2.2731e-03, CC=1.2212507121666059e-06, CS=0, |dJ|=4.6150e-02
J=2.2758e-03, Jf=2.2755e-03, CC=3.4213734863701335e-09, CS=0, |dJ|=8.3244e-04
J=2.3144e-03, Jf=2.2737e-03, CC=4.074376039355932e-07, CS=0, |dJ|=2.4878e-02
J=2.2756e-03, Jf=2.2753e-03, CC=3.1252443440366457e-09, CS=0, |dJ|=7.6580e-04
J=2.2888e-03, Jf=2.2742e-03, CC=1.4662497003711317e-07, CS=0, |dJ|=1.2177e-02
J=2.2756e-03, Jf=2.2753e-03, CC=3.054288999349439e-09, CS=0, |dJ|=6.4886e-04
J=2.2748e-03, Jf=2.2743e-03, CC=4.944500178539185e-09, CS=0, |dJ|=1.1101e-03
J=2.2752e-03, Jf=2.2750e-03, CC=2.421374808171778e-09, CS=0, |dJ|=7.7884e-04
J=2.2747e-03, Jf=2.2744e-03, CC=3.018271346420803e-09, CS=0, |dJ|=7.5766e-04
J=2.2747e-03, Jf=2.2745e-03, CC=1.7107272113356557e-09, CS=0, |dJ|=7.1649e-04
J=2.2746e-03, Jf=2.2743e-03, CC=2.36121612849788e-09, CS=0, |dJ|=7.1117e-04
J=2.2745e-03, Jf=2.2740e-03, CC=5.673507322719793e-09, CS=0, |dJ|=7.8580e-04
J=2.2744e-03, Jf=2.2741e-03, CC=3.7854989568834065e-09, CS=0, |dJ|=4.0805e-04
J=2.2744e-03, Jf=2.2741e-03, CC=3.4978359908104245e-09, CS=0, |dJ|=2.3589e-04
J=2.2744e-03, Jf=2.2741e-03, CC=3.4888644127425304e-09, CS=0, |dJ|=6.4488e-05
J=2.2744e-03, Jf=2.2741e-03, CC=3.5447236601159057e-09, CS=0, |dJ|=4.5637e-05
J=2.2744e-03, Jf=2.2740e-03, CC=3.671067538131726e-09, CS=0, |dJ|=9.5826e-05
J=2.2744e-03, Jf=2.2740e-03, CC=3.916674704423163e-09, CS=0, |dJ|=2.0720e-04
J=2.2744e-03, Jf=2.2739e-03, CC=4.534398425033624e-09, CS=0, |dJ|=4.5079e-04
J=2.2743e-03, Jf=2.2737e-03, CC=6.01046195442853e-09, CS=0, |dJ|=1.0059e-03
J=2.2742e-03, Jf=2.2735e-03, CC=6.7278285225794514e-09, CS=0, |dJ|=1.3300e-03
J=2.2746e-03, Jf=2.2734e-03, CC=1.1928363152342554e-08, CS=0, |dJ|=2.6196e-03
J=2.2741e-03, Jf=2.2734e-03, CC=7.111443459797647e-09, CS=0, |dJ|=1.8380e-03
J=2.2740e-03, Jf=2.2732e-03, CC=8.255987334020098e-09, CS=0, |dJ|=2.2866e-03
J=2.2733e-03, Jf=2.2730e-03, CC=3.3793439948356803e-09, CS=0, |dJ|=1.8303e-03
J=2.2727e-03, Jf=2.2718e-03, CC=8.326097720084623e-09, CS=0, |dJ|=2.1959e-03
J=2.2715e-03, Jf=2.2715e-03, CC=0, CS=0, |dJ|=1.7321e-03
J=2.2708e-03, Jf=2.2708e-03, CC=0, CS=0, |dJ|=1.7314e-03
J=2.2683e-03, Jf=2.2683e-03, CC=0, CS=0, |dJ|=1.7386e-03
J=2.3164e-03, Jf=2.2581e-03, CC=5.830088721256161e-07, CS=0, |dJ|=3.4760e-02
J=2.2646e-03, Jf=2.2646e-03, CC=0, CS=0, |dJ|=1.6885e-03
J=2.8271e-03, Jf=2.2476e-03, CC=5.795435261018178e-06, CS=0, |dJ|=1.3856e-01
J=2.2643e-03, Jf=2.2643e-03, CC=0, CS=0, |dJ|=1.6829e-03
J=2.5166e-03, Jf=2.2514e-03, CC=2.6521486910995705e-06, CS=0, |dJ|=8.9103e-02
J=2.2636e-03, Jf=2.2636e-03, CC=0, CS=0, |dJ|=1.6697e-03
J=2.3328e-03, Jf=2.2548e-03, CC=7.806556295934266e-07, CS=0, |dJ|=4.1990e-02
J=2.2618e-03, Jf=2.2618e-03, CC=6.5972520440920826e-12, CS=0, |dJ|=1.5965e-03
J=2.2773e-03, Jf=2.2569e-03, CC=2.0359162159065573e-07, CS=0, |dJ|=1.9088e-02
J=2.2604e-03, Jf=2.2604e-03, CC=1.8625200267127476e-10, CS=0, |dJ|=1.4106e-03
J=2.2604e-03, Jf=2.2604e-03, CC=0, CS=0, |dJ|=1.8987e-03
J=2.4612e-03, Jf=2.2504e-03, CC=2.107920099359284e-06, CS=0, |dJ|=7.1159e-02
J=2.2602e-03, Jf=2.2602e-03, CC=1.1698417852822427e-10, CS=0, |dJ|=1.4461e-03
J=2.2887e-03, Jf=2.2570e-03, CC=3.163443458766584e-07, CS=0, |dJ|=2.4850e-02
J=2.2600e-03, Jf=2.2600e-03, CC=3.518967927989051e-11, CS=0, |dJ|=1.5118e-03
J=2.2702e-03, Jf=2.2580e-03, CC=1.220065912993348e-07, CS=0, |dJ|=1.3729e-02
J=2.2598e-03, Jf=2.2598e-03, CC=5.526942147274209e-10, CS=0, |dJ|=1.2313e-03
J=2.2948e-03, Jf=2.2509e-03, CC=4.3867229142413946e-07, CS=0, |dJ|=3.4275e-02
J=2.2591e-03, Jf=2.2584e-03, CC=6.652229256988966e-09, CS=0, |dJ|=1.7245e-03
J=2.2567e-03, Jf=2.2559e-03, CC=8.769226151929348e-09, CS=0, |dJ|=1.7034e-03
J=2.2543e-03, Jf=2.2532e-03, CC=1.1494706207168136e-08, CS=0, |dJ|=3.2142e-03
J=2.2893e-03, Jf=2.2505e-03, CC=3.881247475188303e-07, CS=0, |dJ|=2.0362e-02
J=2.2539e-03, Jf=2.2529e-03, CC=9.832044270051756e-09, CS=0, |dJ|=2.6965e-03
J=2.4439e-03, Jf=2.2453e-03, CC=1.986434908421455e-06, CS=0, |dJ|=6.1006e-02
J=2.2535e-03, Jf=2.2526e-03, CC=9.669723221136719e-09, CS=0, |dJ|=2.6282e-03
J=2.3242e-03, Jf=2.2473e-03, CC=7.688006666472529e-07, CS=0, |dJ|=3.2875e-02
J=2.2532e-03, Jf=2.2523e-03, CC=9.520625706212448e-09, CS=0, |dJ|=2.5597e-03
J=2.2824e-03, Jf=2.2488e-03, CC=3.3632610468643444e-07, CS=0, |dJ|=1.9122e-02
J=2.2530e-03, Jf=2.2520e-03, CC=9.493844356348495e-09, CS=0, |dJ|=2.5335e-03
J=2.2641e-03, Jf=2.2482e-03, CC=1.593378061476283e-07, CS=0, |dJ|=1.2440e-02
J=2.2526e-03, Jf=2.2514e-03, CC=1.2094899050106697e-08, CS=0, |dJ|=3.0117e-03
J=2.2503e-03, Jf=2.2503e-03, CC=8.031919877844108e-11, CS=0, |dJ|=1.0563e-03
J=2.2493e-03, Jf=2.2493e-03, CC=5.852035104475169e-10, CS=0, |dJ|=6.8865e-04
J=2.2474e-03, Jf=2.2473e-03, CC=5.414110368443982e-10, CS=0, |dJ|=7.5673e-04
J=2.2464e-03, Jf=2.2464e-03, CC=0, CS=0, |dJ|=1.1325e-03
J=2.2459e-03, Jf=2.2459e-03, CC=0, CS=0, |dJ|=1.1131e-03
J=2.2454e-03, Jf=2.2454e-03, CC=5.47534604698702e-10, CS=0, |dJ|=7.4504e-04
J=2.2452e-03, Jf=2.2450e-03, CC=1.96597420748139e-09, CS=0, |dJ|=8.3721e-04
J=2.2448e-03, Jf=2.2445e-03, CC=2.6076242898793917e-09, CS=0, |dJ|=9.4801e-04
J=2.2442e-03, Jf=2.2438e-03, CC=4.771108638522995e-09, CS=0, |dJ|=1.5410e-03
J=2.2434e-03, Jf=2.2430e-03, CC=4.535629741337748e-09, CS=0, |dJ|=1.5061e-03
J=2.2420e-03, Jf=2.2411e-03, CC=9.790646561317059e-09, CS=0, |dJ|=2.7681e-03
J=2.2398e-03, Jf=2.2392e-03, CC=5.636408630904663e-09, CS=0, |dJ|=2.1178e-03
J=2.2360e-03, Jf=2.2356e-03, CC=4.160880963056798e-09, CS=0, |dJ|=1.6082e-03
J=2.3594e-03, Jf=2.2343e-03, CC=1.2514663869541877e-06, CS=0, |dJ|=4.7860e-02
J=2.2349e-03, Jf=2.2347e-03, CC=2.1134294450047275e-09, CS=0, |dJ|=7.2834e-04
J=2.3067e-03, Jf=2.2336e-03, CC=7.30947212423269e-07, CS=0, |dJ|=3.4112e-02
J=2.2344e-03, Jf=2.2342e-03, CC=1.5579211253785392e-09, CS=0, |dJ|=5.5536e-04
J=2.3291e-03, Jf=2.2336e-03, CC=9.548055977983936e-07, CS=0, |dJ|=4.0566e-02
J=2.2342e-03, Jf=2.2341e-03, CC=1.3538433635405353e-09, CS=0, |dJ|=4.8936e-04
J=2.2603e-03, Jf=2.2335e-03, CC=2.682097274815551e-07, CS=0, |dJ|=1.7669e-02
J=2.2341e-03, Jf=2.2340e-03, CC=1.1890851253158099e-09, CS=0, |dJ|=4.3708e-04
J=2.3066e-03, Jf=2.2335e-03, CC=7.306629451762602e-07, CS=0, |dJ|=3.4106e-02
J=2.2341e-03, Jf=2.2340e-03, CC=1.143961524561325e-09, CS=0, |dJ|=4.2184e-04
J=2.2568e-03, Jf=2.2335e-03, CC=2.3330639980832553e-07, CS=0, |dJ|=1.5878e-02
J=2.2341e-03, Jf=2.2339e-03, CC=1.0947887592582965e-09, CS=0, |dJ|=4.0549e-04
J=2.2407e-03, Jf=2.2336e-03, CC=7.088974626472973e-08, CS=0, |dJ|=8.5855e-03
J=2.2340e-03, Jf=2.2339e-03, CC=9.950685295983226e-10, CS=0, |dJ|=3.7338e-04
J=2.3005e-03, Jf=2.2335e-03, CC=6.699294220464591e-07, CS=0, |dJ|=3.2137e-02
J=2.2340e-03, Jf=2.2339e-03, CC=9.77474876480488e-10, CS=0, |dJ|=3.6736e-04
J=2.2578e-03, Jf=2.2335e-03, CC=2.43399936833459e-07, CS=0, |dJ|=1.6384e-02
J=2.2339e-03, Jf=2.2339e-03, CC=9.594047472424576e-10, CS=0, |dJ|=3.6127e-04
J=2.2425e-03, Jf=2.2335e-03, CC=8.955815630512388e-08, CS=0, |dJ|=9.6823e-03
J=2.2339e-03, Jf=2.2338e-03, CC=9.35451445057166e-10, CS=0, |dJ|=3.5333e-04
J=2.2367e-03, Jf=2.2336e-03, CC=3.085714488260483e-08, CS=0, |dJ|=5.5194e-03
J=2.2339e-03, Jf=2.2338e-03, CC=9.013691649479397e-10, CS=0, |dJ|=3.4233e-04
J=2.2347e-03, Jf=2.2337e-03, CC=1.0541020584596626e-08, CS=0, |dJ|=3.0004e-03
J=2.2339e-03, Jf=2.2338e-03, CC=8.660425643898444e-10, CS=0, |dJ|=3.3135e-04
J=2.2341e-03, Jf=2.2337e-03, CC=4.173349930559205e-09, CS=0, |dJ|=1.5914e-03
J=2.2339e-03, Jf=2.2338e-03, CC=8.736966737621325e-10, CS=0, |dJ|=2.4543e-04
J=2.2337e-03, Jf=2.2337e-03, CC=7.710293973447649e-10, CS=0, |dJ|=2.1579e-04
J=2.2340e-03, Jf=2.2336e-03, CC=3.828706638219161e-09, CS=0, |dJ|=1.6001e-03
J=2.2337e-03, Jf=2.2336e-03, CC=7.974664852490593e-10, CS=0, |dJ|=1.4443e-04
J=2.2337e-03, Jf=2.2336e-03, CC=6.309772675624644e-10, CS=0, |dJ|=1.4264e-04
J=2.2337e-03, Jf=2.2336e-03, CC=5.512029197693225e-10, CS=0, |dJ|=1.4610e-04
J=2.2336e-03, Jf=2.2336e-03, CC=8.508430159888228e-11, CS=0, |dJ|=4.4541e-04
J=2.2336e-03, Jf=2.2336e-03, CC=3.085303585872839e-11, CS=0, |dJ|=5.9387e-04
J=2.2334e-03, Jf=2.2334e-03, CC=2.6059745144659972e-11, CS=0, |dJ|=6.0958e-04
J=2.2326e-03, Jf=2.2326e-03, CC=2.282846231281509e-11, CS=0, |dJ|=5.6249e-04
J=2.2325e-03, Jf=2.2325e-03, CC=4.0395806987214257e-11, CS=0, |dJ|=5.5136e-04
J=2.2325e-03, Jf=2.2325e-03, CC=6.724120772659157e-11, CS=0, |dJ|=5.5269e-04
J=2.2323e-03, Jf=2.2323e-03, CC=1.2789221456837874e-10, CS=0, |dJ|=5.6519e-04
J=2.2319e-03, Jf=2.2318e-03, CC=1.894810743643834e-10, CS=0, |dJ|=5.8968e-04
J=2.2308e-03, Jf=2.2308e-03, CC=9.885363340774751e-11, CS=0, |dJ|=5.7355e-04
J=2.3008e-03, Jf=2.2288e-03, CC=7.194889337941736e-07, CS=0, |dJ|=3.3664e-02
J=2.2303e-03, Jf=2.2303e-03, CC=7.381701229088246e-11, CS=0, |dJ|=5.6642e-04
J=2.2453e-03, Jf=2.2292e-03, CC=1.6071226414649583e-07, CS=0, |dJ|=1.3032e-02
J=2.2301e-03, Jf=2.2301e-03, CC=5.196627401045672e-11, CS=0, |dJ|=5.5833e-04
J=3.6723e-03, Jf=2.2259e-03, CC=1.4463977543341338e-05, CS=0, |dJ|=2.8159e-01
J=2.2308e-03, Jf=2.2290e-03, CC=1.785514160934652e-08, CS=0, |dJ|=4.0542e-03
J=2.2296e-03, Jf=2.2296e-03, CC=3.6002832790711904e-11, CS=0, |dJ|=5.4721e-04
J=2.2298e-03, Jf=2.2292e-03, CC=5.644804665949947e-09, CS=0, |dJ|=2.0441e-03
J=2.2295e-03, Jf=2.2295e-03, CC=5.243625653257061e-10, CS=0, |dJ|=7.5634e-04
J=6.4850e-02, Jf=2.2543e-03, CC=0.0006259591872115519, CS=0, |dJ|=2.4506e-01
J=2.2295e-03, Jf=2.2295e-03, CC=5.227524823916303e-10, CS=0, |dJ|=7.5584e-04
J=2.2295e-03, Jf=2.2294e-03, CC=5.21134294714885e-10, CS=0, |dJ|=7.5534e-04
J=1.6452e-02, Jf=2.2269e-03, CC=0.0001422534165925207, CS=0, |dJ|=9.9786e-01
J=2.2295e-03, Jf=2.2294e-03, CC=5.075078748584922e-10, CS=0, |dJ|=7.5105e-04
J=2.2294e-03, Jf=2.2294e-03, CC=4.849168688746654e-10, CS=0, |dJ|=7.4376e-04
J=4.1321e-03, Jf=2.2250e-03, CC=1.907106984476185e-05, CS=0, |dJ|=2.8032e-01
J=2.2293e-03, Jf=2.2293e-03, CC=3.8162601582290707e-10, CS=0, |dJ|=7.0775e-04
J=2.2668e-03, Jf=2.2274e-03, CC=3.9481186416058973e-07, CS=0, |dJ|=2.6166e-02
J=2.2289e-03, Jf=2.2289e-03, CC=7.631150965805458e-11, CS=0, |dJ|=5.7512e-04
J=2.2375e-03, Jf=2.2278e-03, CC=9.638475038761561e-08, CS=0, |dJ|=1.1121e-02
J=2.2286e-03, Jf=2.2286e-03, CC=1.3251560843316418e-11, CS=0, |dJ|=5.3840e-04
J=6.3859e-02, Jf=2.2536e-03, CC=0.0006160511607914254, CS=0, |dJ|=6.7020e-01
J=2.2286e-03, Jf=2.2286e-03, CC=1.3185708857892397e-11, CS=0, |dJ|=5.3835e-04
J=4.9663e-03, Jf=2.2243e-03, CC=2.7420095625760387e-05, CS=0, |dJ|=3.4957e-01
J=2.2286e-03, Jf=2.2286e-03, CC=1.2574634989121764e-11, CS=0, |dJ|=5.3782e-04
J=3.1125e-03, Jf=2.2251e-03, CC=8.87448521810043e-06, CS=0, |dJ|=1.7680e-01
J=2.2286e-03, Jf=2.2286e-03, CC=1.1972132044078443e-11, CS=0, |dJ|=5.3588e-04
J=2.2285e-03, Jf=2.2284e-03, CC=1.3945059650679193e-09, CS=0, |dJ|=7.4905e-04
J=2.2285e-03, Jf=2.2285e-03, CC=5.585641496442596e-11, CS=0, |dJ|=5.4000e-04
J=2.4816e-03, Jf=2.2255e-03, CC=2.56071173901979e-06, CS=0, |dJ|=8.1753e-02
J=2.2285e-03, Jf=2.2284e-03, CC=7.451366796305154e-11, CS=0, |dJ|=5.2339e-04
J=2.2283e-03, Jf=2.2275e-03, CC=8.32291863105627e-09, CS=0, |dJ|=2.5231e-03
J=2.2280e-03, Jf=2.2279e-03, CC=1.762994232964466e-09, CS=0, |dJ|=7.3892e-04
J=2.2281e-03, Jf=2.2281e-03, CC=0, CS=0, |dJ|=5.0859e-04
J=2.2276e-03, Jf=2.2276e-03, CC=6.781729071431194e-11, CS=0, |dJ|=2.2274e-04
J=2.2276e-03, Jf=2.2276e-03, CC=2.6273264773542976e-10, CS=0, |dJ|=1.3137e-04
J=2.2276e-03, Jf=2.2276e-03, CC=3.767226533040544e-10, CS=0, |dJ|=1.7816e-04
J=2.2276e-03, Jf=2.2275e-03, CC=6.572962874094234e-10, CS=0, |dJ|=3.2885e-04
J=2.2275e-03, Jf=2.2274e-03, CC=1.7316983471851412e-09, CS=0, |dJ|=1.0819e-03
J=2.2274e-03, Jf=2.2273e-03, CC=1.2473071690696453e-09, CS=0, |dJ|=8.0252e-04
J=2.2270e-03, Jf=2.2270e-03, CC=1.065632753398339e-10, CS=0, |dJ|=1.7231e-04
J=2.2269e-03, Jf=2.2269e-03, CC=4.169294315693929e-11, CS=0, |dJ|=2.5144e-04
J=2.2268e-03, Jf=2.2267e-03, CC=2.1982687095245365e-10, CS=0, |dJ|=2.4684e-04
J=2.2267e-03, Jf=2.2267e-03, CC=1.5385839569167104e-10, CS=0, |dJ|=2.8840e-04
J=2.2266e-03, Jf=2.2266e-03, CC=4.289157339192143e-10, CS=0, |dJ|=4.0430e-04
J=2.2264e-03, Jf=2.2264e-03, CC=1.2910073621388914e-10, CS=0, |dJ|=4.7763e-04
J=2.2257e-03, Jf=2.2257e-03, CC=1.0647166725320551e-10, CS=0, |dJ|=5.6690e-04
J=2.2241e-03, Jf=2.2238e-03, CC=3.1284725518773613e-09, CS=0, |dJ|=1.4862e-03
J=2.4027e-03, Jf=2.2188e-03, CC=1.8390203519106003e-06, CS=0, |dJ|=7.4800e-02
J=2.2240e-03, Jf=2.2237e-03, CC=3.0534552332764855e-09, CS=0, |dJ|=1.4831e-03
J=2.2238e-03, Jf=2.2235e-03, CC=2.885905158832863e-09, CS=0, |dJ|=1.4630e-03
J=2.2371e-03, Jf=2.2205e-03, CC=1.6554406159762282e-07, CS=0, |dJ|=1.8551e-02
J=2.2226e-03, Jf=2.2225e-03, CC=8.03137348971821e-10, CS=0, |dJ|=1.0158e-03
J=2.2217e-03, Jf=2.2217e-03, CC=0, CS=0, |dJ|=5.9616e-04
J=2.2420e-03, Jf=2.2420e-03, CC=0, CS=0, |dJ|=2.3802e-03
J=2.6044e-03, Jf=2.2142e-03, CC=3.90259888602062e-06, CS=0, |dJ|=1.0871e-01
J=2.2217e-03, Jf=2.2217e-03, CC=0, CS=0, |dJ|=5.9654e-04
J=2.5582e-03, Jf=2.2158e-03, CC=3.4239390549493625e-06, CS=0, |dJ|=1.0455e-01
J=2.2217e-03, Jf=2.2217e-03, CC=0, CS=0, |dJ|=5.9688e-04
J=2.4113e-03, Jf=2.2175e-03, CC=1.9379684447372594e-06, CS=0, |dJ|=7.7232e-02
J=2.2216e-03, Jf=2.2216e-03, CC=2.3738048104445292e-11, CS=0, |dJ|=6.1468e-04
J=2.2217e-03, Jf=2.2199e-03, CC=1.8021323051484754e-08, CS=0, |dJ|=5.1000e-03
J=2.2210e-03, Jf=2.2206e-03, CC=3.960028391602357e-09, CS=0, |dJ|=2.0750e-03
J=2.2443e-03, Jf=2.2206e-03, CC=2.364040039759785e-07, CS=0, |dJ|=1.8812e-02
J=2.2205e-03, Jf=2.2202e-03, CC=2.2991908977615335e-09, CS=0, |dJ|=1.5074e-03
J=2.2208e-03, Jf=2.2197e-03, CC=1.01362048216578e-08, CS=0, |dJ|=3.1061e-03
J=2.2200e-03, Jf=2.2199e-03, CC=1.5898675262308374e-09, CS=0, |dJ|=1.1483e-03
J=2.2212e-03, Jf=2.2197e-03, CC=1.475146784356344e-08, CS=0, |dJ|=3.8332e-03
J=2.2199e-03, Jf=2.2198e-03, CC=1.3685829491643833e-09, CS=0, |dJ|=1.0177e-03
J=2.2221e-03, Jf=2.2196e-03, CC=2.4242036724519628e-08, CS=0, |dJ|=4.9770e-03
J=2.2199e-03, Jf=2.2198e-03, CC=1.3044147676098997e-09, CS=0, |dJ|=9.7704e-04
J=2.2206e-03, Jf=2.2197e-03, CC=9.572438732655028e-09, CS=0, |dJ|=3.0341e-03
J=2.2199e-03, Jf=2.2197e-03, CC=1.2545521002939374e-09, CS=0, |dJ|=9.3944e-04
J=2.2199e-03, Jf=2.2196e-03, CC=3.297417318380065e-09, CS=0, |dJ|=1.7100e-03
J=2.2198e-03, Jf=2.2197e-03, CC=1.3043494969717296e-09, CS=0, |dJ|=8.7180e-04
J=2.2199e-03, Jf=2.2199e-03, CC=0, CS=0, |dJ|=4.7827e-04
J=2.2197e-03, Jf=2.2196e-03, CC=2.0658841483189674e-10, CS=0, |dJ|=4.6985e-04
J=2.2195e-03, Jf=2.2195e-03, CC=1.0399466291222249e-10, CS=0, |dJ|=3.9849e-04
J=2.2190e-03, Jf=2.2190e-03, CC=6.602956349457043e-10, CS=0, |dJ|=8.7560e-04
J=2.2169e-03, Jf=2.2169e-03, CC=2.9664281140245234e-10, CS=0, |dJ|=6.3266e-04
J=2.2131e-03, Jf=2.2131e-03, CC=0, CS=0, |dJ|=5.8746e-04
J=2.2120e-03, Jf=2.2120e-03, CC=0, CS=0, |dJ|=4.4478e-04
J=2.2113e-03, Jf=2.2113e-03, CC=0, CS=0, |dJ|=4.5175e-04
J=2.2108e-03, Jf=2.2108e-03, CC=0, CS=0, |dJ|=4.6060e-04
J=2.2094e-03, Jf=2.2094e-03, CC=0, CS=0, |dJ|=4.8954e-04
J=2.2086e-03, Jf=2.2086e-03, CC=0, CS=0, |dJ|=4.1320e-04
J=2.2082e-03, Jf=2.2082e-03, CC=0, CS=0, |dJ|=2.8663e-04
J=2.2082e-03, Jf=2.2082e-03, CC=0, CS=0, |dJ|=2.5224e-04
J=2.2082e-03, Jf=2.2082e-03, CC=0, CS=0, |dJ|=2.4338e-04
J=2.2081e-03, Jf=2.2081e-03, CC=0, CS=0, |dJ|=2.2962e-04
J=2.2078e-03, Jf=2.2078e-03, CC=0, CS=0, |dJ|=2.3375e-04
J=2.2073e-03, Jf=2.2073e-03, CC=0, CS=0, |dJ|=2.7723e-04
J=2.2062e-03, Jf=2.2062e-03, CC=0, CS=0, |dJ|=3.5780e-04
J=2.2048e-03, Jf=2.2048e-03, CC=0, CS=0, |dJ|=3.5922e-04
J=2.2038e-03, Jf=2.2038e-03, CC=0, CS=0, |dJ|=2.4470e-04
J=2.2035e-03, Jf=2.2035e-03, CC=0, CS=0, |dJ|=5.9814e-05
J=2.2034e-03, Jf=2.2034e-03, CC=0, CS=0, |dJ|=4.4447e-05
J=2.2034e-03, Jf=2.2034e-03, CC=0, CS=0, |dJ|=2.9385e-05
J=2.2034e-03, Jf=2.2034e-03, CC=0, CS=0, |dJ|=2.9924e-05
J=2.2034e-03, Jf=2.2034e-03, CC=0, CS=0, |dJ|=3.0189e-05
J=2.2034e-03, Jf=2.2034e-03, CC=0, CS=0, |dJ|=3.0829e-05
J=2.2034e-03, Jf=2.2034e-03, CC=0, CS=0, |dJ|=3.2036e-05
J=2.2034e-03, Jf=2.2034e-03, CC=0, CS=0, |dJ|=3.4554e-05
J=2.2034e-03, Jf=2.2034e-03, CC=0, CS=0, |dJ|=3.9472e-05
J=2.2034e-03, Jf=2.2034e-03, CC=0, CS=0, |dJ|=4.8031e-05
J=2.2034e-03, Jf=2.2034e-03, CC=0, CS=0, |dJ|=5.9083e-05
J=2.2033e-03, Jf=2.2033e-03, CC=0, CS=0, |dJ|=6.2856e-05
J=2.2032e-03, Jf=2.2032e-03, CC=0, CS=0, |dJ|=4.0469e-05
J=2.2032e-03, Jf=2.2032e-03, CC=0, CS=0, |dJ|=1.4995e-05
J=2.2032e-03, Jf=2.2032e-03, CC=0, CS=0, |dJ|=2.3151e-06
J=2.2032e-03, Jf=2.2032e-03, CC=0, CS=0, |dJ|=6.0397e-07
J=2.2032e-03, Jf=2.2032e-03, CC=0, CS=0, |dJ|=3.3021e-07
J=2.2032e-03, Jf=2.2032e-03, CC=0, CS=0, |dJ|=8.4063e-09
     Number of Toroidal Dipoles: 8
     Number of Poroidal Dipoles: 10
Initialized 10x8 (npol x ntor) windowpane coils with Rpol=0.058, Rtor_min=0.050, Rtor_max=0.102

===== Starting optimization =====
Current3701:x0 1
Current3702:x0 1
Current3703:x0 1
Current3704:x0 1
Current3705:x0 1
Current3706:x0 1
Current3707:x0 1
Current3708:x0 1
Current3709:x0 1
Current3710:x0 1
Current3711:x0 1
Current3712:x0 1
Current3713:x0 1
Current3714:x0 1
Current3715:x0 1
Current3716:x0 1
Current3717:x0 1
Current3718:x0 1
Current3719:x0 1
Current3720:x0 1
Current3721:x0 1
Current3722:x0 1
Current3723:x0 1
Current3724:x0 1
Current3725:x0 1
Current3726:x0 1
Current3727:x0 1
Current3728:x0 1
Current3729:x0 1
Current3730:x0 1
Current3731:x0 1
Current3732:x0 1
Current3733:x0 1
Current3734:x0 1
Current3735:x0 1
Current3736:x0 1
Current3737:x0 1
Current3738:x0 1
Current3739:x0 1
Current3740:x0 1
Current3741:x0 1
Current3742:x0 1
Current3743:x0 1
Current3744:x0 1
Current3745:x0 1
Current3746:x0 1
Current3747:x0 1
Current3748:x0 1
Current3749:x0 1
Current3750:x0 1
Current3751:x0 1
Current3752:x0 1
Current3753:x0 1
Current3754:x0 1
Current3755:x0 1
Current3756:x0 1
Current3757:x0 1
Current3758:x0 1
Current3759:x0 1
Current3760:x0 1
Current3761:x0 1
Current3762:x0 1
Current3763:x0 1
Current3764:x0 1
Current3765:x0 1
Current3766:x0 1
Current3767:x0 1
Current3768:x0 1
Current3769:x0 1
Current3770:x0 1
Current3771:x0 1
Current3772:x0 1
Current3773:x0 1
Current3774:x0 1
Current3775:x0 1
Current3776:x0 1
Current3777:x0 1
Current3778:x0 1
Current3779:x0 1
Current3780:x0 1
Iteration 5: J=5.4539e-04, Jf=5.4539e-04, Jcp =0.0000e+00, |dJ|=6.4606e-09, |dJcp|=0.0000e+00
Iteration 10: J=3.0445e-05, Jf=3.0445e-05, Jcp =0.0000e+00, |dJ|=3.8302e-10, |dJcp|=0.0000e+00
Iteration 15: J=2.3480e-05, Jf=2.3480e-05, Jcp =0.0000e+00, |dJ|=1.4149e-10, |dJcp|=0.0000e+00
Iteration 20: J=2.2886e-05, Jf=2.2886e-05, Jcp =0.0000e+00, |dJ|=6.2256e-11, |dJcp|=0.0000e+00
Iteration 25: J=2.2806e-05, Jf=2.2806e-05, Jcp =0.0000e+00, |dJ|=1.1258e-11, |dJcp|=0.0000e+00
Iteration 30: J=2.2801e-05, Jf=2.2801e-05, Jcp =0.0000e+00, |dJ|=4.7775e-12, |dJcp|=0.0000e+00
Iteration 35: J=2.2800e-05, Jf=2.2800e-05, Jcp =0.0000e+00, |dJ|=2.2824e-12, |dJcp|=0.0000e+00
Iteration 40: J=2.2800e-05, Jf=2.2800e-05, Jcp =0.0000e+00, |dJ|=7.3285e-13, |dJcp|=0.0000e+00
Iteration 45: J=2.2800e-05, Jf=2.2800e-05, Jcp =0.0000e+00, |dJ|=7.7176e-14, |dJcp|=0.0000e+00
Iteration 50: J=2.2800e-05, Jf=2.2800e-05, Jcp =0.0000e+00, |dJ|=1.6458e-14, |dJcp|=0.0000e+00
Iteration 55: J=2.2800e-05, Jf=2.2800e-05, Jcp =0.0000e+00, |dJ|=3.9776e-15, |dJcp|=0.0000e+00
Iteration 60: J=2.2800e-05, Jf=2.2800e-05, Jcp =0.0000e+00, |dJ|=1.4538e-15, |dJcp|=0.0000e+00
Iteration 65: J=2.2800e-05, Jf=2.2800e-05, Jcp =0.0000e+00, |dJ|=1.9794e-16, |dJcp|=0.0000e+00
Iteration 70: J=2.2800e-05, Jf=2.2800e-05, Jcp =0.0000e+00, |dJ|=6.3399e-17, |dJcp|=0.0000e+00
Iteration 75: J=2.2800e-05, Jf=2.2800e-05, Jcp =0.0000e+00, |dJ|=7.4637e-18, |dJcp|=0.0000e+00
Iteration 80: J=2.2800e-05, Jf=2.2800e-05, Jcp =0.0000e+00, |dJ|=7.4636e-18, |dJcp|=0.0000e+00
Iteration 85: J=2.2800e-05, Jf=2.2800e-05, Jcp =0.0000e+00, |dJ|=7.4637e-18, |dJcp|=0.0000e+00
ABNORMAL: 
Saving results to /burg-archive/home/tg2998/simsopt/examples/outputs/TG_warmstarter_stage2results_fixed1/TF_a_0.850...
Warning: coils_to_vtk will not save forces and torques for coils that do not have a model for their cross section. Please use the RegularizedCoil class.

---> Running optimization for TF_a = 0.875
---> Saving outputs to: /burg-archive/home/tg2998/simsopt/examples/outputs/TG_warmstarter_stage2results_fixed1/TF_a_0.875

Warning: coils_to_vtk will not save forces and torques for coils that do not have a model for their cross section. Please use the RegularizedCoil class.
J=2.1958e-02, Jf=3.1974e-03, CC=0.0001876024515335145, CS=0, |dJ|=5.2624e-01
J=1.1707e-01, Jf=1.1337e-01, CC=0, CS=3.7041865707006976e-05, |dJ|=4.2962e-01
J=1.3014e-02, Jf=1.2949e-02, CC=6.517183984953219e-07, CS=0, |dJ|=5.8719e-02
J=1.1368e-02, Jf=1.1368e-02, CC=0, CS=0, |dJ|=5.4347e-02
J=3.1959e-03, Jf=3.1959e-03, CC=0, CS=0, |dJ|=1.5335e-02
J=2.9345e-02, Jf=2.3379e-03, CC=0.00027006814013948426, CS=0, |dJ|=1.3639e+00
J=3.1407e-03, Jf=3.1394e-03, CC=1.2696084890018533e-08, CS=0, |dJ|=1.4144e-02
J=4.0020e-03, Jf=2.6419e-03, CC=1.3600895588377973e-05, CS=0, |dJ|=2.0904e-01
J=2.9942e-03, Jf=2.9656e-03, CC=2.851881610698568e-07, CS=0, |dJ|=2.2508e-02
J=1.0797e-02, Jf=2.4104e-03, CC=8.386852248561173e-05, CS=0, |dJ|=6.8961e-01
J=2.9478e-03, Jf=2.9071e-03, CC=4.0716711049450743e-07, CS=0, |dJ|=2.4329e-02
J=2.8121e-03, Jf=2.7622e-03, CC=4.990067802729859e-07, CS=0, |dJ|=2.8422e-02
J=3.0122e-03, Jf=2.5262e-03, CC=4.859874619115403e-06, CS=0, |dJ|=1.0394e-01
J=2.7450e-03, Jf=2.6709e-03, CC=7.406136536482571e-07, CS=0, |dJ|=2.6027e-02
J=2.6590e-03, Jf=2.6160e-03, CC=4.29986071291076e-07, CS=0, |dJ|=1.8953e-02
J=2.4019e-03, Jf=2.3875e-03, CC=1.4434651708637543e-07, CS=0, |dJ|=1.1736e-02
J=2.3250e-03, Jf=2.3229e-03, CC=2.125963996710665e-08, CS=0, |dJ|=4.1831e-03
J=2.3230e-03, Jf=2.3203e-03, CC=2.750476414935952e-08, CS=0, |dJ|=3.5751e-03
J=2.3232e-03, Jf=2.3217e-03, CC=1.53098716641935e-08, CS=0, |dJ|=3.5394e-03
J=2.3303e-03, Jf=2.3194e-03, CC=1.0882373792229481e-07, CS=0, |dJ|=1.0090e-02
J=2.3214e-03, Jf=2.3204e-03, CC=9.70376424128344e-09, CS=0, |dJ|=2.8231e-03
J=2.3453e-03, Jf=2.3183e-03, CC=2.6995134633262165e-07, CS=0, |dJ|=1.6964e-02
J=2.3209e-03, Jf=2.3200e-03, CC=8.480531586465576e-09, CS=0, |dJ|=2.6466e-03
J=2.3287e-03, Jf=2.3187e-03, CC=9.994629272388934e-08, CS=0, |dJ|=9.5529e-03
J=2.3207e-03, Jf=2.3198e-03, CC=8.709083094320425e-09, CS=0, |dJ|=2.3396e-03
J=2.3190e-03, Jf=2.3188e-03, CC=2.0391765857362598e-09, CS=0, |dJ|=1.8003e-03
J=2.3152e-03, Jf=2.3149e-03, CC=3.319665002438902e-09, CS=0, |dJ|=1.9512e-03
J=2.4500e-03, Jf=2.3060e-03, CC=1.4397678406904049e-06, CS=0, |dJ|=4.9387e-02
J=2.3144e-03, Jf=2.3141e-03, CC=3.360768052345913e-09, CS=0, |dJ|=1.7025e-03
J=2.3137e-03, Jf=2.3130e-03, CC=6.7535670437801955e-09, CS=0, |dJ|=1.7890e-03
J=2.3128e-03, Jf=2.3120e-03, CC=7.331639329027989e-09, CS=0, |dJ|=1.7911e-03
J=2.3102e-03, Jf=2.3089e-03, CC=1.2762599385216245e-08, CS=0, |dJ|=1.3541e-03
J=2.3099e-03, Jf=2.3075e-03, CC=2.4606520935933875e-08, CS=0, |dJ|=2.5681e-03
J=2.3095e-03, Jf=2.3067e-03, CC=2.7438501158823384e-08, CS=0, |dJ|=2.0224e-03
J=2.3099e-03, Jf=2.3091e-03, CC=8.355999805995817e-09, CS=0, |dJ|=1.8350e-03
J=2.3088e-03, Jf=2.3073e-03, CC=1.429474560645143e-08, CS=0, |dJ|=1.3988e-03
J=2.3083e-03, Jf=2.3076e-03, CC=7.371312116384865e-09, CS=0, |dJ|=7.5181e-04
J=2.3082e-03, Jf=2.3075e-03, CC=6.446126635264162e-09, CS=0, |dJ|=7.5691e-04
J=2.3095e-03, Jf=2.3069e-03, CC=2.6490098674963537e-08, CS=0, |dJ|=3.7690e-03
J=2.3078e-03, Jf=2.3072e-03, CC=5.879683440739413e-09, CS=0, |dJ|=9.2788e-04
J=2.3217e-03, Jf=2.3065e-03, CC=1.5250011927972504e-07, CS=0, |dJ|=1.2421e-02
J=2.3077e-03, Jf=2.3071e-03, CC=5.873867752474385e-09, CS=0, |dJ|=9.1130e-04
J=2.3078e-03, Jf=2.3066e-03, CC=1.164652293484308e-08, CS=0, |dJ|=1.5171e-03
J=2.3076e-03, Jf=2.3069e-03, CC=7.134903297839141e-09, CS=0, |dJ|=8.7433e-04
J=2.3075e-03, Jf=2.3066e-03, CC=8.425484957395545e-09, CS=0, |dJ|=8.5403e-04
J=2.3068e-03, Jf=2.3057e-03, CC=1.0751793651645516e-08, CS=0, |dJ|=1.0648e-03
J=2.3064e-03, Jf=2.3051e-03, CC=1.2985001381745441e-08, CS=0, |dJ|=2.1864e-03
J=2.3059e-03, Jf=2.3051e-03, CC=7.909114374709e-09, CS=0, |dJ|=1.2955e-03
J=2.3054e-03, Jf=2.3048e-03, CC=6.397362755912421e-09, CS=0, |dJ|=1.3065e-03
J=2.3039e-03, Jf=2.3037e-03, CC=1.2438345596516733e-09, CS=0, |dJ|=1.8283e-03
J=2.3030e-03, Jf=2.3030e-03, CC=8.798670036707213e-12, CS=0, |dJ|=2.0426e-03
J=2.3016e-03, Jf=2.3016e-03, CC=2.1403810786614851e-10, CS=0, |dJ|=1.9373e-03
J=2.4871e-03, Jf=2.2952e-03, CC=1.9191879519187222e-06, CS=0, |dJ|=6.1391e-02
J=2.2997e-03, Jf=2.2997e-03, CC=2.5657450053996816e-10, CS=0, |dJ|=1.8795e-03
J=2.8724e-03, Jf=2.2922e-03, CC=5.801672283324552e-06, CS=0, |dJ|=1.1289e-01
J=2.2993e-03, Jf=2.2993e-03, CC=2.3506959615155877e-10, CS=0, |dJ|=1.8687e-03
J=2.4668e-03, Jf=2.2935e-03, CC=1.7327392919521945e-06, CS=0, |dJ|=5.5396e-02
J=2.2988e-03, Jf=2.2987e-03, CC=1.9887790349783555e-10, CS=0, |dJ|=1.8530e-03
J=2.3585e-03, Jf=2.2948e-03, CC=6.366887042549797e-07, CS=0, |dJ|=2.5812e-02
J=2.2985e-03, Jf=2.2985e-03, CC=1.8459177454432693e-10, CS=0, |dJ|=1.8475e-03
J=2.3197e-03, Jf=2.2959e-03, CC=2.3795617034672605e-07, CS=0, |dJ|=1.6260e-02
J=2.2983e-03, Jf=2.2983e-03, CC=2.8832167759303225e-10, CS=0, |dJ|=1.7857e-03
J=2.2971e-03, Jf=2.2932e-03, CC=3.898262180449085e-08, CS=0, |dJ|=5.4006e-03
J=2.2961e-03, Jf=2.2951e-03, CC=1.0479327829460164e-08, CS=0, |dJ|=2.2307e-03
J=2.9637e-03, Jf=2.3235e-03, CC=6.402300628690354e-06, CS=0, |dJ|=1.0802e-01
J=2.2957e-03, Jf=2.2948e-03, CC=8.638280877550007e-09, CS=0, |dJ|=2.0992e-03
J=2.2988e-03, Jf=2.2934e-03, CC=5.351413570126395e-08, CS=0, |dJ|=6.9905e-03
J=2.2941e-03, Jf=2.2939e-03, CC=2.6136490180831356e-09, CS=0, |dJ|=1.7059e-03
J=2.3121e-03, Jf=2.2913e-03, CC=2.0874549838309128e-07, CS=0, |dJ|=1.6544e-02
J=2.2938e-03, Jf=2.2935e-03, CC=3.3090381040970882e-09, CS=0, |dJ|=1.4277e-03
J=2.2925e-03, Jf=2.2920e-03, CC=4.804894706014244e-09, CS=0, |dJ|=1.3841e-03
J=2.2906e-03, Jf=2.2898e-03, CC=8.443695792090487e-09, CS=0, |dJ|=1.7309e-03
J=2.2892e-03, Jf=2.2885e-03, CC=7.149791364707654e-09, CS=0, |dJ|=2.0387e-03
J=2.2867e-03, Jf=2.2853e-03, CC=1.4236684003892034e-08, CS=0, |dJ|=3.3543e-03
J=2.5052e-03, Jf=2.2816e-03, CC=2.2357945674994828e-06, CS=0, |dJ|=8.9283e-02
J=2.2866e-03, Jf=2.2852e-03, CC=1.424216576389314e-08, CS=0, |dJ|=3.3559e-03
J=2.3606e-03, Jf=2.2826e-03, CC=7.794763413734074e-07, CS=0, |dJ|=4.5996e-02
J=2.2865e-03, Jf=2.2851e-03, CC=1.435115625180364e-08, CS=0, |dJ|=3.4425e-03
J=2.2843e-03, Jf=2.2835e-03, CC=7.948443906725045e-09, CS=0, |dJ|=2.4163e-03
J=2.2839e-03, Jf=2.2810e-03, CC=2.8841902306149437e-08, CS=0, |dJ|=3.8074e-03
J=2.2826e-03, Jf=2.2818e-03, CC=8.390586895307748e-09, CS=0, |dJ|=1.0856e-03
J=2.2826e-03, Jf=2.2808e-03, CC=1.7428732316136152e-08, CS=0, |dJ|=1.4099e-03
J=2.2824e-03, Jf=2.2812e-03, CC=1.2103413548456062e-08, CS=0, |dJ|=6.8744e-04
J=2.2822e-03, Jf=2.2812e-03, CC=1.0490393158850226e-08, CS=0, |dJ|=6.6842e-04
J=2.2818e-03, Jf=2.2809e-03, CC=8.845828391390056e-09, CS=0, |dJ|=7.8365e-04
J=2.2810e-03, Jf=2.2803e-03, CC=7.843991226870785e-09, CS=0, |dJ|=1.2201e-03
J=2.2803e-03, Jf=2.2798e-03, CC=5.220955854348366e-09, CS=0, |dJ|=1.1285e-03
J=2.2799e-03, Jf=2.2794e-03, CC=4.9625023535016074e-09, CS=0, |dJ|=5.3771e-04
J=2.2798e-03, Jf=2.2791e-03, CC=7.232652214644646e-09, CS=0, |dJ|=4.0593e-04
J=2.2797e-03, Jf=2.2789e-03, CC=7.542437641582852e-09, CS=0, |dJ|=4.2429e-04
J=2.2793e-03, Jf=2.2784e-03, CC=9.438711565517299e-09, CS=0, |dJ|=7.9598e-04
J=2.2792e-03, Jf=2.2782e-03, CC=9.316295491951164e-09, CS=0, |dJ|=8.7196e-04
J=2.2790e-03, Jf=2.2785e-03, CC=4.79347449611774e-09, CS=0, |dJ|=3.0660e-04
J=2.2789e-03, Jf=2.2784e-03, CC=4.674454877967391e-09, CS=0, |dJ|=4.0051e-04
J=2.2785e-03, Jf=2.2781e-03, CC=3.5411181857499463e-09, CS=0, |dJ|=7.4150e-04
J=2.2815e-03, Jf=2.2778e-03, CC=3.6555390862882135e-08, CS=0, |dJ|=5.0964e-03
J=2.2783e-03, Jf=2.2780e-03, CC=3.409178696095497e-09, CS=0, |dJ|=6.4805e-04
J=2.2864e-03, Jf=2.2776e-03, CC=8.863886783684798e-08, CS=0, |dJ|=9.1655e-03
J=2.2783e-03, Jf=2.2779e-03, CC=3.4953735035627752e-09, CS=0, |dJ|=5.3744e-04
J=2.2936e-03, Jf=2.2774e-03, CC=1.626763138340759e-07, CS=0, |dJ|=1.3342e-02
J=2.2783e-03, Jf=2.2779e-03, CC=3.5862227999664914e-09, CS=0, |dJ|=4.8602e-04
J=2.2833e-03, Jf=2.2775e-03, CC=5.763014239290527e-08, CS=0, |dJ|=6.3380e-03
J=2.2783e-03, Jf=2.2779e-03, CC=3.646276619519542e-09, CS=0, |dJ|=4.5355e-04
J=2.2802e-03, Jf=2.2776e-03, CC=2.5363890217587825e-08, CS=0, |dJ|=3.7216e-03
J=2.2782e-03, Jf=2.2779e-03, CC=3.6996812675310696e-09, CS=0, |dJ|=4.2564e-04
J=2.2790e-03, Jf=2.2777e-03, CC=1.263698711634757e-08, CS=0, |dJ|=2.2585e-03
J=2.2782e-03, Jf=2.2779e-03, CC=3.747048362985398e-09, CS=0, |dJ|=4.0160e-04
J=2.3281e-03, Jf=2.2774e-03, CC=5.071686226976314e-07, CS=0, |dJ|=2.8174e-02
J=2.2782e-03, Jf=2.2778e-03, CC=3.7908814262581e-09, CS=0, |dJ|=3.0120e-04
J=2.2782e-03, Jf=2.2778e-03, CC=3.6659217030049828e-09, CS=0, |dJ|=2.6988e-04
J=2.2782e-03, Jf=2.2778e-03, CC=3.802157168300398e-09, CS=0, |dJ|=2.1456e-04
J=2.2782e-03, Jf=2.2778e-03, CC=4.321603529249278e-09, CS=0, |dJ|=4.5475e-05
J=2.2782e-03, Jf=2.2777e-03, CC=4.480792436538593e-09, CS=0, |dJ|=1.3492e-05
J=2.2782e-03, Jf=2.2777e-03, CC=4.51092185875981e-09, CS=0, |dJ|=7.8838e-06
J=2.2782e-03, Jf=2.2777e-03, CC=4.512174470884658e-09, CS=0, |dJ|=5.0503e-06
J=2.2782e-03, Jf=2.2777e-03, CC=4.513470196494878e-09, CS=0, |dJ|=3.0786e-06
J=2.2782e-03, Jf=2.2777e-03, CC=4.5140393823929446e-09, CS=0, |dJ|=4.1362e-06
J=2.2782e-03, Jf=2.2777e-03, CC=4.514367627289988e-09, CS=0, |dJ|=4.9130e-06
J=2.2782e-03, Jf=2.2777e-03, CC=4.513991241324402e-09, CS=0, |dJ|=3.3013e-06
J=2.2782e-03, Jf=2.2777e-03, CC=4.511962544719289e-09, CS=0, |dJ|=9.7412e-07
J=2.2782e-03, Jf=2.2777e-03, CC=4.510911345672901e-09, CS=0, |dJ|=1.4388e-07
     Number of Toroidal Dipoles: 8
     Number of Poroidal Dipoles: 10
Initialized 10x8 (npol x ntor) windowpane coils with Rpol=0.058, Rtor_min=0.050, Rtor_max=0.102

===== Starting optimization =====
Current3869:x0 1
Current3870:x0 1
Current3871:x0 1
Current3872:x0 1
Current3873:x0 1
Current3874:x0 1
Current3875:x0 1
Current3876:x0 1
Current3877:x0 1
Current3878:x0 1
Current3879:x0 1
Current3880:x0 1
Current3881:x0 1
Current3882:x0 1
Current3883:x0 1
Current3884:x0 1
Current3885:x0 1
Current3886:x0 1
Current3887:x0 1
Current3888:x0 1
Current3889:x0 1
Current3890:x0 1
Current3891:x0 1
Current3892:x0 1
Current3893:x0 1
Current3894:x0 1
Current3895:x0 1
Current3896:x0 1
Current3897:x0 1
Current3898:x0 1
Current3899:x0 1
Current3900:x0 1
Current3901:x0 1
Current3902:x0 1
Current3903:x0 1
Current3904:x0 1
Current3905:x0 1
Current3906:x0 1
Current3907:x0 1
Current3908:x0 1
Current3909:x0 1
Current3910:x0 1
Current3911:x0 1
Current3912:x0 1
Current3913:x0 1
Current3914:x0 1
Current3915:x0 1
Current3916:x0 1
Current3917:x0 1
Current3918:x0 1
Current3919:x0 1
Current3920:x0 1
Current3921:x0 1
Current3922:x0 1
Current3923:x0 1
Current3924:x0 1
Current3925:x0 1
Current3926:x0 1
Current3927:x0 1
Current3928:x0 1
Current3929:x0 1
Current3930:x0 1
Current3931:x0 1
Current3932:x0 1
Current3933:x0 1
Current3934:x0 1
Current3935:x0 1
Current3936:x0 1
Current3937:x0 1
Current3938:x0 1
Current3939:x0 1
Current3940:x0 1
Current3941:x0 1
Current3942:x0 1
Current3943:x0 1
Current3944:x0 1
Current3945:x0 1
Current3946:x0 1
Current3947:x0 1
Current3948:x0 1
Iteration 5: J=5.6390e-04, Jf=5.6390e-04, Jcp =0.0000e+00, |dJ|=6.5548e-09, |dJcp|=0.0000e+00
Iteration 10: J=3.1501e-05, Jf=3.1501e-05, Jcp =0.0000e+00, |dJ|=4.0624e-10, |dJcp|=0.0000e+00
Iteration 15: J=2.3785e-05, Jf=2.3785e-05, Jcp =0.0000e+00, |dJ|=8.8587e-11, |dJcp|=0.0000e+00
Iteration 20: J=2.3278e-05, Jf=2.3278e-05, Jcp =0.0000e+00, |dJ|=2.7291e-11, |dJcp|=0.0000e+00
Iteration 25: J=2.3221e-05, Jf=2.3221e-05, Jcp =0.0000e+00, |dJ|=1.0534e-11, |dJcp|=0.0000e+00
Iteration 30: J=2.3215e-05, Jf=2.3215e-05, Jcp =0.0000e+00, |dJ|=6.9850e-12, |dJcp|=0.0000e+00
Iteration 35: J=2.3215e-05, Jf=2.3215e-05, Jcp =0.0000e+00, |dJ|=6.9100e-13, |dJcp|=0.0000e+00
Iteration 40: J=2.3215e-05, Jf=2.3215e-05, Jcp =0.0000e+00, |dJ|=2.4558e-13, |dJcp|=0.0000e+00
Iteration 45: J=2.3215e-05, Jf=2.3215e-05, Jcp =0.0000e+00, |dJ|=3.5577e-14, |dJcp|=0.0000e+00
Iteration 50: J=2.3215e-05, Jf=2.3215e-05, Jcp =0.0000e+00, |dJ|=2.6911e-15, |dJcp|=0.0000e+00
Iteration 55: J=2.3215e-05, Jf=2.3215e-05, Jcp =0.0000e+00, |dJ|=7.2170e-16, |dJcp|=0.0000e+00
Iteration 60: J=2.3215e-05, Jf=2.3215e-05, Jcp =0.0000e+00, |dJ|=3.2124e-16, |dJcp|=0.0000e+00
Iteration 65: J=2.3215e-05, Jf=2.3215e-05, Jcp =0.0000e+00, |dJ|=9.5489e-17, |dJcp|=0.0000e+00
CONVERGENCE: RELATIVE REDUCTION OF F <= FACTR*EPSMCH
Saving results to /burg-archive/home/tg2998/simsopt/examples/outputs/TG_warmstarter_stage2results_fixed1/TF_a_0.875...
Warning: coils_to_vtk will not save forces and torques for coils that do not have a model for their cross section. Please use the RegularizedCoil class.

---> Running optimization for TF_a = 0.900
---> Saving outputs to: /burg-archive/home/tg2998/simsopt/examples/outputs/TG_warmstarter_stage2results_fixed1/TF_a_0.900

Warning: coils_to_vtk will not save forces and torques for coils that do not have a model for their cross section. Please use the RegularizedCoil class.
J=3.7092e-02, Jf=3.1974e-03, CC=0.0003389465391771141, CS=0, |dJ|=7.9862e-01
J=1.1205e-01, Jf=1.0833e-01, CC=0, CS=3.722813162281294e-05, |dJ|=4.5925e-01
J=1.4257e-02, Jf=1.3898e-02, CC=3.588817545068722e-06, CS=0, |dJ|=9.5476e-02
J=1.3236e-02, Jf=1.3236e-02, CC=0, CS=0, |dJ|=6.0047e-02
J=1.1347e-02, Jf=1.1347e-02, CC=0, CS=0, |dJ|=5.3838e-02
J=1.7113e-02, Jf=3.1092e-03, CC=0.00014003662833267833, CS=0, |dJ|=9.9367e-01
J=6.0266e-03, Jf=6.0266e-03, CC=0, CS=0, |dJ|=3.2866e-02
J=4.3178e-02, Jf=2.6302e-03, CC=0.00040547826282019207, CS=0, |dJ|=1.5992e+00
J=5.6027e-03, Jf=5.6027e-03, CC=0, CS=0, |dJ|=3.0780e-02
J=1.2629e-02, Jf=3.2508e-03, CC=9.378247013331175e-05, CS=0, |dJ|=7.9764e-01
J=4.6642e-03, Jf=4.6642e-03, CC=0, CS=0, |dJ|=2.5713e-02
J=5.7220e-02, Jf=2.4028e-03, CC=0.0005481755826566962, CS=0, |dJ|=1.7002e+00
J=4.5979e-03, Jf=4.5979e-03, CC=0, CS=0, |dJ|=2.5326e-02
J=3.1102e-02, Jf=2.8121e-03, CC=0.0002829028117871945, CS=0, |dJ|=1.4032e+00
J=4.4727e-03, Jf=4.4727e-03, CC=0, CS=0, |dJ|=2.4583e-02
J=1.2887e-02, Jf=3.2362e-03, CC=9.65084553201545e-05, CS=0, |dJ|=8.1339e-01
J=4.2908e-03, Jf=4.2739e-03, CC=1.6942710372545482e-07, CS=0, |dJ|=2.5005e-02
J=4.5655e-03, Jf=3.2965e-03, CC=1.2689968717265178e-05, CS=0, |dJ|=2.1693e-01
J=3.8538e-03, Jf=3.7565e-03, CC=9.730662481106261e-07, CS=0, |dJ|=4.8338e-02
J=3.1683e-02, Jf=2.3927e-03, CC=0.00029290328503084475, CS=0, |dJ|=6.6962e-01
J=3.7816e-03, Jf=3.6794e-03, CC=1.0218038940429544e-06, CS=0, |dJ|=4.6854e-02
J=3.4527e-03, Jf=3.3639e-03, CC=8.875202620920744e-07, CS=0, |dJ|=4.4197e-02
J=3.0496e-03, Jf=3.0063e-03, CC=4.335570765102982e-07, CS=0, |dJ|=3.0340e-02
J=2.3389e-03, Jf=2.3253e-03, CC=1.361038948116463e-07, CS=0, |dJ|=1.0269e-02
J=2.4092e-03, Jf=2.4076e-03, CC=1.5710168193643438e-08, CS=0, |dJ|=5.7695e-03
J=2.3408e-03, Jf=2.3373e-03, CC=3.4829264385513545e-08, CS=0, |dJ|=6.7616e-03
J=2.3329e-03, Jf=2.3289e-03, CC=3.974127079387451e-08, CS=0, |dJ|=7.2316e-03
J=2.3307e-03, Jf=2.3290e-03, CC=1.6961407002283213e-08, CS=0, |dJ|=3.0080e-03
J=2.3299e-03, Jf=2.3291e-03, CC=8.745897676647526e-09, CS=0, |dJ|=1.5337e-03
J=2.3295e-03, Jf=2.3287e-03, CC=8.530680884839344e-09, CS=0, |dJ|=1.5010e-03
J=2.3281e-03, Jf=2.3272e-03, CC=8.468212254205207e-09, CS=0, |dJ|=1.5803e-03
J=2.3221e-03, Jf=2.3215e-03, CC=6.24183953511325e-09, CS=0, |dJ|=1.9443e-03
J=2.3184e-03, Jf=2.3180e-03, CC=4.478967617571454e-09, CS=0, |dJ|=1.7812e-03
J=2.5866e-03, Jf=2.3086e-03, CC=2.780796345337376e-06, CS=0, |dJ|=7.8582e-02
J=2.3182e-03, Jf=2.3176e-03, CC=5.877162022861609e-09, CS=0, |dJ|=1.7243e-03
J=2.3158e-03, Jf=2.3153e-03, CC=5.577769347062584e-09, CS=0, |dJ|=1.0659e-03
J=2.3149e-03, Jf=2.3144e-03, CC=4.9559385022631075e-09, CS=0, |dJ|=1.1341e-03
J=2.3145e-03, Jf=2.3140e-03, CC=4.423360339999372e-09, CS=0, |dJ|=1.1725e-03
J=2.3141e-03, Jf=2.3129e-03, CC=1.2105634880571104e-08, CS=0, |dJ|=2.3052e-03
J=2.3140e-03, Jf=2.3136e-03, CC=4.1256157254471486e-09, CS=0, |dJ|=1.1481e-03
J=2.3223e-03, Jf=2.3117e-03, CC=1.0592184006230438e-07, CS=0, |dJ|=1.1605e-02
J=2.3136e-03, Jf=2.3132e-03, CC=4.3909130215296525e-09, CS=0, |dJ|=1.1656e-03
J=2.3504e-03, Jf=2.3104e-03, CC=4.000260564156996e-07, CS=0, |dJ|=2.8338e-02
J=2.3135e-03, Jf=2.3130e-03, CC=5.1340766767369146e-09, CS=0, |dJ|=6.3863e-04
J=2.3133e-03, Jf=2.3125e-03, CC=8.421884300218358e-09, CS=0, |dJ|=5.9669e-04
J=2.3132e-03, Jf=2.3121e-03, CC=1.1205393069437913e-08, CS=0, |dJ|=7.3046e-04
J=2.3131e-03, Jf=2.3119e-03, CC=1.2167812659565263e-08, CS=0, |dJ|=7.6010e-04
J=2.3130e-03, Jf=2.3118e-03, CC=1.2089914577191064e-08, CS=0, |dJ|=7.1002e-04
J=2.3128e-03, Jf=2.3116e-03, CC=1.1382837718903128e-08, CS=0, |dJ|=7.2158e-04
J=2.3156e-03, Jf=2.3156e-03, CC=1.3645126960142344e-10, CS=0, |dJ|=2.5457e-03
J=2.3121e-03, Jf=2.3115e-03, CC=6.1218219456851534e-09, CS=0, |dJ|=9.8547e-04
J=2.3135e-03, Jf=2.3132e-03, CC=3.061956952610901e-09, CS=0, |dJ|=2.0476e-03
J=2.3119e-03, Jf=2.3115e-03, CC=4.075641656715259e-09, CS=0, |dJ|=1.1733e-03
J=2.3115e-03, Jf=2.3110e-03, CC=4.508189955207199e-09, CS=0, |dJ|=1.1149e-03
J=2.3094e-03, Jf=2.3085e-03, CC=8.521999961696608e-09, CS=0, |dJ|=1.1508e-03
J=2.3065e-03, Jf=2.3065e-03, CC=0, CS=0, |dJ|=2.0804e-03
J=2.3045e-03, Jf=2.3038e-03, CC=6.880196887697904e-09, CS=0, |dJ|=2.3469e-03
J=2.3058e-03, Jf=2.3058e-03, CC=0, CS=0, |dJ|=2.0703e-03
J=2.5292e-03, Jf=2.3018e-03, CC=2.274239593453191e-06, CS=0, |dJ|=6.4919e-02
J=2.3045e-03, Jf=2.3045e-03, CC=0, CS=0, |dJ|=2.0462e-03
J=2.8172e-03, Jf=2.3018e-03, CC=5.153840518961141e-06, CS=0, |dJ|=9.7133e-02
J=2.3044e-03, Jf=2.3044e-03, CC=0, CS=0, |dJ|=2.0407e-03
J=2.4533e-03, Jf=2.3016e-03, CC=1.5175262667000305e-06, CS=0, |dJ|=5.0111e-02
J=2.3038e-03, Jf=2.3038e-03, CC=0, CS=0, |dJ|=2.0080e-03
J=2.9659e-03, Jf=2.3005e-03, CC=6.654941714324689e-06, CS=0, |dJ|=1.2826e-01
J=2.3036e-03, Jf=2.3036e-03, CC=0, CS=0, |dJ|=2.0032e-03
J=2.5097e-03, Jf=2.3006e-03, CC=2.0904293001490146e-06, CS=0, |dJ|=6.0976e-02
J=2.3035e-03, Jf=2.3035e-03, CC=0, CS=0, |dJ|=1.9996e-03
J=2.3695e-03, Jf=2.3012e-03, CC=6.825991388953391e-07, CS=0, |dJ|=2.6662e-02
J=2.3034e-03, Jf=2.3034e-03, CC=0, CS=0, |dJ|=1.9972e-03
J=2.3234e-03, Jf=2.3018e-03, CC=2.1564899875577893e-07, CS=0, |dJ|=1.5690e-02
J=2.3032e-03, Jf=2.3032e-03, CC=0, CS=0, |dJ|=1.9912e-03
J=2.3080e-03, Jf=2.3022e-03, CC=5.7586312872709484e-08, CS=0, |dJ|=8.0399e-03
J=2.3029e-03, Jf=2.3029e-03, CC=0, CS=0, |dJ|=1.9854e-03
J=2.8728e-03, Jf=2.2995e-03, CC=5.733250117724787e-06, CS=0, |dJ|=1.1104e-01
J=2.3029e-03, Jf=2.3029e-03, CC=0, CS=0, |dJ|=1.9836e-03
J=2.5199e-03, Jf=2.3000e-03, CC=2.1985838424945127e-06, CS=0, |dJ|=6.2091e-02
J=2.3029e-03, Jf=2.3029e-03, CC=3.405766790552053e-11, CS=0, |dJ|=1.9356e-03
J=2.3016e-03, Jf=2.3013e-03, CC=2.428396603346479e-09, CS=0, |dJ|=1.7435e-03
J=2.3004e-03, Jf=2.3004e-03, CC=8.556268825505568e-14, CS=0, |dJ|=1.9240e-03
J=2.2990e-03, Jf=2.2984e-03, CC=5.184926793685249e-09, CS=0, |dJ|=1.5335e-03
J=2.2967e-03, Jf=2.2936e-03, CC=3.1628374317569815e-08, CS=0, |dJ|=5.9169e-03
J=2.2950e-03, Jf=2.2946e-03, CC=4.312686621270492e-09, CS=0, |dJ|=1.6978e-03
J=2.2939e-03, Jf=2.2928e-03, CC=1.116441437047703e-08, CS=0, |dJ|=2.1878e-03
J=2.3012e-03, Jf=2.2884e-03, CC=1.2732507998007554e-07, CS=0, |dJ|=1.6534e-02
J=2.2917e-03, Jf=2.2906e-03, CC=1.1286298282746227e-08, CS=0, |dJ|=3.0618e-03
J=2.4859e-03, Jf=2.2860e-03, CC=1.998950879333277e-06, CS=0, |dJ|=8.6314e-02
J=2.2906e-03, Jf=2.2897e-03, CC=9.042516191362036e-09, CS=0, |dJ|=2.8362e-03
J=4.4011e-03, Jf=2.2800e-03, CC=2.121123752381704e-05, CS=0, |dJ|=3.3327e-01
J=2.2906e-03, Jf=2.2897e-03, CC=9.000104796451625e-09, CS=0, |dJ|=2.8340e-03
J=2.9994e-03, Jf=2.2824e-03, CC=7.169895383422518e-06, CS=0, |dJ|=1.7600e-01
J=2.2904e-03, Jf=2.2895e-03, CC=8.941094148799326e-09, CS=0, |dJ|=2.8312e-03
J=2.5121e-03, Jf=2.2844e-03, CC=2.27661005636096e-06, CS=0, |dJ|=9.3159e-02
J=2.2902e-03, Jf=2.2893e-03, CC=8.819242645853305e-09, CS=0, |dJ|=2.8264e-03
J=2.3559e-03, Jf=2.2859e-03, CC=6.99593124955946e-07, CS=0, |dJ|=4.3122e-02
J=2.2899e-03, Jf=2.2891e-03, CC=8.724116730779247e-09, CS=0, |dJ|=2.8242e-03
J=2.3103e-03, Jf=2.2869e-03, CC=2.3380966209993347e-07, CS=0, |dJ|=2.2579e-02
J=2.2897e-03, Jf=2.2889e-03, CC=8.635991062990514e-09, CS=0, |dJ|=2.8238e-03
J=2.2963e-03, Jf=2.2875e-03, CC=8.707538963616085e-08, CS=0, |dJ|=1.2319e-02
J=2.2896e-03, Jf=2.2887e-03, CC=8.951869117741816e-09, CS=0, |dJ|=2.9273e-03
J=2.2917e-03, Jf=2.2871e-03, CC=4.5819315961518773e-08, CS=0, |dJ|=7.4146e-03
J=2.2892e-03, Jf=2.2882e-03, CC=9.778736527721155e-09, CS=0, |dJ|=2.7841e-03
J=2.2880e-03, Jf=2.2869e-03, CC=1.1693788740380277e-08, CS=0, |dJ|=1.9175e-03
J=2.2873e-03, Jf=2.2866e-03, CC=7.094014027252359e-09, CS=0, |dJ|=1.8936e-03
J=2.2863e-03, Jf=2.2857e-03, CC=6.1666962179801485e-09, CS=0, |dJ|=1.4778e-03
J=2.2954e-03, Jf=2.2833e-03, CC=1.2119901790555594e-07, CS=0, |dJ|=1.1826e-02
J=2.2859e-03, Jf=2.2853e-03, CC=6.541844901774169e-09, CS=0, |dJ|=9.5291e-04
J=2.2856e-03, Jf=2.2847e-03, CC=9.074071094574446e-09, CS=0, |dJ|=7.2497e-04
J=2.2852e-03, Jf=2.2846e-03, CC=6.731035745871622e-09, CS=0, |dJ|=5.7059e-04
J=2.2851e-03, Jf=2.2842e-03, CC=8.733883238438871e-09, CS=0, |dJ|=2.1057e-03
J=2.2849e-03, Jf=2.2843e-03, CC=6.008713271667716e-09, CS=0, |dJ|=4.0355e-04
J=2.2849e-03, Jf=2.2840e-03, CC=9.451716860159383e-09, CS=0, |dJ|=2.0712e-03
J=2.2847e-03, Jf=2.2841e-03, CC=6.6570891347583e-09, CS=0, |dJ|=5.3095e-04
J=2.2846e-03, Jf=2.2839e-03, CC=7.323220235815799e-09, CS=0, |dJ|=4.9565e-04
J=2.2845e-03, Jf=2.2837e-03, CC=7.787162020997006e-09, CS=0, |dJ|=4.3654e-04
J=2.2844e-03, Jf=2.2837e-03, CC=7.794154969093894e-09, CS=0, |dJ|=4.1566e-04
J=2.2843e-03, Jf=2.2836e-03, CC=6.7663229251258125e-09, CS=0, |dJ|=3.6281e-04
J=2.2841e-03, Jf=2.2834e-03, CC=6.784553352746616e-09, CS=0, |dJ|=4.3369e-04
J=2.2839e-03, Jf=2.2832e-03, CC=6.7855441080268785e-09, CS=0, |dJ|=4.2673e-04
J=2.2838e-03, Jf=2.2832e-03, CC=6.191526611288214e-09, CS=0, |dJ|=4.3616e-04
J=2.2837e-03, Jf=2.2831e-03, CC=5.38263312812427e-09, CS=0, |dJ|=3.9246e-04
J=2.2835e-03, Jf=2.2831e-03, CC=4.094960581238875e-09, CS=0, |dJ|=8.3641e-04
J=2.2835e-03, Jf=2.2831e-03, CC=4.002050946534265e-09, CS=0, |dJ|=4.4608e-04
J=2.2911e-03, Jf=2.2832e-03, CC=7.926184201867756e-08, CS=0, |dJ|=1.0333e-02
J=2.2834e-03, Jf=2.2830e-03, CC=3.339800696836615e-09, CS=0, |dJ|=5.2241e-04
J=2.2856e-03, Jf=2.2830e-03, CC=2.6044005165641273e-08, CS=0, |dJ|=4.4074e-03
J=2.2833e-03, Jf=2.2830e-03, CC=3.0524722514761772e-09, CS=0, |dJ|=4.4242e-04
J=2.2832e-03, Jf=2.2829e-03, CC=2.5859218709458103e-09, CS=0, |dJ|=5.4563e-04
J=2.2830e-03, Jf=2.2828e-03, CC=1.9950167454389776e-09, CS=0, |dJ|=9.4930e-04
J=2.2830e-03, Jf=2.2826e-03, CC=3.5136345849613703e-09, CS=0, |dJ|=4.3166e-04
J=2.2829e-03, Jf=2.2826e-03, CC=3.2086465591896046e-09, CS=0, |dJ|=3.4390e-04
J=2.2829e-03, Jf=2.2825e-03, CC=3.4707315602567085e-09, CS=0, |dJ|=2.7792e-04
J=2.2829e-03, Jf=2.2825e-03, CC=3.77182517951356e-09, CS=0, |dJ|=2.8427e-04
J=2.2828e-03, Jf=2.2823e-03, CC=4.4123244830167e-09, CS=0, |dJ|=4.0835e-04
J=2.2826e-03, Jf=2.2821e-03, CC=5.340312362997449e-09, CS=0, |dJ|=6.7315e-04
J=2.2873e-03, Jf=2.2815e-03, CC=5.835838556088676e-08, CS=0, |dJ|=7.6245e-03
J=2.2825e-03, Jf=2.2820e-03, CC=5.628855608180165e-09, CS=0, |dJ|=7.7247e-04
J=2.2837e-03, Jf=2.2816e-03, CC=2.045126529451798e-08, CS=0, |dJ|=3.5458e-03
J=2.2825e-03, Jf=2.2819e-03, CC=5.809343294434697e-09, CS=0, |dJ|=8.2526e-04
J=2.2975e-03, Jf=2.2812e-03, CC=1.6308701246154569e-07, CS=0, |dJ|=1.6322e-02
J=2.2824e-03, Jf=2.2819e-03, CC=5.9255294534209636e-09, CS=0, |dJ|=8.2515e-04
J=2.2829e-03, Jf=2.2817e-03, CC=1.2122829482871683e-08, CS=0, |dJ|=2.2669e-03
J=2.2824e-03, Jf=2.2818e-03, CC=5.638947836119664e-09, CS=0, |dJ|=7.5475e-04
J=2.2873e-03, Jf=2.2815e-03, CC=5.8152734220978554e-08, CS=0, |dJ|=6.2450e-03
J=2.2823e-03, Jf=2.2818e-03, CC=5.581747738187747e-09, CS=0, |dJ|=7.2647e-04
J=2.2822e-03, Jf=2.2819e-03, CC=3.2551911126702705e-09, CS=0, |dJ|=1.4284e-04
J=2.2822e-03, Jf=2.2819e-03, CC=2.974579007307688e-09, CS=0, |dJ|=2.1621e-04
J=2.2822e-03, Jf=2.2818e-03, CC=3.2729766677857283e-09, CS=0, |dJ|=5.6050e-05
J=2.2822e-03, Jf=2.2818e-03, CC=3.2896744204992938e-09, CS=0, |dJ|=4.8441e-06
J=2.2822e-03, Jf=2.2818e-03, CC=3.279530697919168e-09, CS=0, |dJ|=1.0710e-06
J=2.2822e-03, Jf=2.2818e-03, CC=3.280860357435059e-09, CS=0, |dJ|=1.2215e-07
     Number of Toroidal Dipoles: 8
     Number of Poroidal Dipoles: 10
Initialized 10x8 (npol x ntor) windowpane coils with Rpol=0.058, Rtor_min=0.050, Rtor_max=0.102

===== Starting optimization =====
Current4037:x0 1
Current4038:x0 1
Current4039:x0 1
Current4040:x0 1
Current4041:x0 1
Current4042:x0 1
Current4043:x0 1
Current4044:x0 1
Current4045:x0 1
Current4046:x0 1
Current4047:x0 1
Current4048:x0 1
Current4049:x0 1
Current4050:x0 1
Current4051:x0 1
Current4052:x0 1
Current4053:x0 1
Current4054:x0 1
Current4055:x0 1
Current4056:x0 1
Current4057:x0 1
Current4058:x0 1
Current4059:x0 1
Current4060:x0 1
Current4061:x0 1
Current4062:x0 1
Current4063:x0 1
Current4064:x0 1
Current4065:x0 1
Current4066:x0 1
Current4067:x0 1
Current4068:x0 1
Current4069:x0 1
Current4070:x0 1
Current4071:x0 1
Current4072:x0 1
Current4073:x0 1
Current4074:x0 1
Current4075:x0 1
Current4076:x0 1
Current4077:x0 1
Current4078:x0 1
Current4079:x0 1
Current4080:x0 1
Current4081:x0 1
Current4082:x0 1
Current4083:x0 1
Current4084:x0 1
Current4085:x0 1
Current4086:x0 1
Current4087:x0 1
Current4088:x0 1
Current4089:x0 1
Current4090:x0 1
Current4091:x0 1
Current4092:x0 1
Current4093:x0 1
Current4094:x0 1
Current4095:x0 1
Current4096:x0 1
Current4097:x0 1
Current4098:x0 1
Current4099:x0 1
Current4100:x0 1
Current4101:x0 1
Current4102:x0 1
Current4103:x0 1
Current4104:x0 1
Current4105:x0 1
Current4106:x0 1
Current4107:x0 1
Current4108:x0 1
Current4109:x0 1
Current4110:x0 1
Current4111:x0 1
Current4112:x0 1
Current4113:x0 1
Current4114:x0 1
Current4115:x0 1
Current4116:x0 1
Iteration 5: J=5.6494e-04, Jf=5.6494e-04, Jcp =0.0000e+00, |dJ|=6.5553e-09, |dJcp|=0.0000e+00
Iteration 10: J=3.1466e-05, Jf=3.1466e-05, Jcp =0.0000e+00, |dJ|=4.0655e-10, |dJcp|=0.0000e+00
Iteration 15: J=2.3702e-05, Jf=2.3702e-05, Jcp =0.0000e+00, |dJ|=9.0850e-11, |dJcp|=0.0000e+00
Iteration 20: J=2.3259e-05, Jf=2.3259e-05, Jcp =0.0000e+00, |dJ|=2.6359e-11, |dJcp|=0.0000e+00
Iteration 25: J=2.3212e-05, Jf=2.3212e-05, Jcp =0.0000e+00, |dJ|=1.2108e-11, |dJcp|=0.0000e+00
Iteration 30: J=2.3207e-05, Jf=2.3207e-05, Jcp =0.0000e+00, |dJ|=2.4509e-12, |dJcp|=0.0000e+00
Iteration 35: J=2.3207e-05, Jf=2.3207e-05, Jcp =0.0000e+00, |dJ|=5.8585e-13, |dJcp|=0.0000e+00
Iteration 40: J=2.3207e-05, Jf=2.3207e-05, Jcp =0.0000e+00, |dJ|=1.1535e-13, |dJcp|=0.0000e+00
Iteration 45: J=2.3207e-05, Jf=2.3207e-05, Jcp =0.0000e+00, |dJ|=2.4808e-14, |dJcp|=0.0000e+00
Iteration 50: J=2.3207e-05, Jf=2.3207e-05, Jcp =0.0000e+00, |dJ|=5.3321e-15, |dJcp|=0.0000e+00
Iteration 55: J=2.3207e-05, Jf=2.3207e-05, Jcp =0.0000e+00, |dJ|=1.6842e-15, |dJcp|=0.0000e+00
Iteration 60: J=2.3207e-05, Jf=2.3207e-05, Jcp =0.0000e+00, |dJ|=3.8505e-16, |dJcp|=0.0000e+00
Iteration 65: J=2.3207e-05, Jf=2.3207e-05, Jcp =0.0000e+00, |dJ|=2.6022e-16, |dJcp|=0.0000e+00
Iteration 70: J=2.3207e-05, Jf=2.3207e-05, Jcp =0.0000e+00, |dJ|=4.6526e-17, |dJcp|=0.0000e+00
CONVERGENCE: RELATIVE REDUCTION OF F <= FACTR*EPSMCH
Saving results to /burg-archive/home/tg2998/simsopt/examples/outputs/TG_warmstarter_stage2results_fixed1/TF_a_0.900...
Warning: coils_to_vtk will not save forces and torques for coils that do not have a model for their cross section. Please use the RegularizedCoil class.
